ISO-10303-21;
HEADER;
/* Generated by software containing ST-Developer
 * from STEP Tools, Inc. (www.steptools.com) 
 */
/* OPTION: using custom renumber hook */

FILE_DESCRIPTION(
/* description */ ('STEP AP242 Edition 2',
'CAx-IF Rec.Pracs.---Representation and Presentation of Product Manufa
cturing Information (PMI)---4.0---2014-10-13',
'CAx-IF Rec.Pracs.---3D Tessellated Geometry---0.4---2014-09-14','2;1',
'CAx-IF Rec.Pracs.---User Defined Attributes---1.5---2016-08-15'),
/* implementation_level */ '2;1');

FILE_NAME(
/* name */ 'Part Studio 1 - End Support',
/* time_stamp */ '2026-01-09T19:18:48Z',
/* author */ (''),
/* organization */ (''),
/* preprocessor_version */ 'ST-DEVELOPER v20',
/* originating_system */ 'ONSHAPE BY PTC INC, 1.208',
/* authorisation */ '  ');

FILE_SCHEMA (('AP242_MANAGED_MODEL_BASED_3D_ENGINEERING_MIM_LF { 1 0 10303 442 3 1 4 }'));
ENDSEC;

DATA;
#10=SHAPE_REPRESENTATION_RELATIONSHIP('','',#1590,#11);
#11=ADVANCED_BREP_SHAPE_REPRESENTATION('',(#1588),#4354);
#12=TOROIDAL_SURFACE('',#1729,0.017,0.003);
#13=TOROIDAL_SURFACE('',#1733,0.0372695722463146,0.003);
#14=TOROIDAL_SURFACE('',#1737,0.017,0.003);
#15=(
BOUNDED_SURFACE()
B_SPLINE_SURFACE(2,3,((#3382,#3383,#3384,#3385,#3386,#3387,#3388,#3389,
#3390,#3391,#3392,#3393,#3394,#3395,#3396,#3397,#3398,#3399,#3400,#3401,
#3402,#3403,#3404,#3405,#3406,#3407),(#3408,#3409,#3410,#3411,#3412,#3413,
#3414,#3415,#3416,#3417,#3418,#3419,#3420,#3421,#3422,#3423,#3424,#3425,
#3426,#3427,#3428,#3429,#3430,#3431,#3432,#3433),(#3434,#3435,#3436,#3437,
#3438,#3439,#3440,#3441,#3442,#3443,#3444,#3445,#3446,#3447,#3448,#3449,
#3450,#3451,#3452,#3453,#3454,#3455,#3456,#3457,#3458,#3459)),
 .UNSPECIFIED.,.F.,.F.,.F.)
B_SPLINE_SURFACE_WITH_KNOTS((3,3),(4,2,2,2,2,2,2,2,2,2,2,2,4),(0.,1.),(0.122108013519394,
0.175494448153894,0.227197539377149,0.278900630600403,0.382306813046913,
0.485712995493422,0.537416086716677,0.563267632328304,0.589119177939932,
0.692525360386441,0.79593154283295,0.89933772527946,0.903973292312751),
 .UNSPECIFIED.)
GEOMETRIC_REPRESENTATION_ITEM()
RATIONAL_B_SPLINE_SURFACE(((1.,1.,1.,1.,1.,1.,1.,1.,1.,1.,1.,1.,1.,1.,1.,
1.,1.,1.,1.,1.,1.,1.,1.,1.,1.,1.),(0.707106781186549,0.707106781186548,
0.707106781186547,0.707106781186547,0.707106781186548,0.707106781186548,
0.707106781186548,0.707106781186548,0.707106781186547,0.707106781186547,
0.707106781186546,0.707106781186546,0.707106781186548,0.707106781186548,
0.707106781186548,0.707106781186548,0.707106781186548,0.707106781186548,
0.707106781186548,0.707106781186548,0.707106781186551,0.707106781186551,
0.707106781186557,0.707106781186557,0.707106781186557,0.707106781186557),
(1.,1.,1.,1.,1.,1.,1.,1.,1.,1.,1.,1.,1.,1.,1.,1.,1.,1.,1.,1.,1.,1.,1.,1.,
1.,1.)))
REPRESENTATION_ITEM('')
SURFACE()
);
#16=(
BOUNDED_SURFACE()
B_SPLINE_SURFACE(2,3,((#3524,#3525,#3526,#3527,#3528,#3529,#3530,#3531,
#3532,#3533,#3534,#3535,#3536,#3537,#3538,#3539,#3540,#3541,#3542,#3543,
#3544,#3545),(#3546,#3547,#3548,#3549,#3550,#3551,#3552,#3553,#3554,#3555,
#3556,#3557,#3558,#3559,#3560,#3561,#3562,#3563,#3564,#3565,#3566,#3567),
(#3568,#3569,#3570,#3571,#3572,#3573,#3574,#3575,#3576,#3577,#3578,#3579,
#3580,#3581,#3582,#3583,#3584,#3585,#3586,#3587,#3588,#3589)),
 .UNSPECIFIED.,.F.,.F.,.F.)
B_SPLINE_SURFACE_WITH_KNOTS((3,3),(4,2,2,2,2,2,2,2,2,2,4),(0.,1.),(0.103221294726812,
0.107514087904349,0.209862695736021,0.312211303567693,0.414559911399366,
0.516908519231039,0.619257127062711,0.721605734894384,0.77278003881022,
0.823954342726056,0.82727196578776),.UNSPECIFIED.)
GEOMETRIC_REPRESENTATION_ITEM()
RATIONAL_B_SPLINE_SURFACE(((1.,1.,1.,1.,1.,1.,1.,1.,1.,1.,1.,1.,1.,1.,1.,
1.,1.,1.,1.,1.,1.,1.),(0.707106781186548,0.707106781186548,0.707106781186548,
0.707106781186548,0.707106781186548,0.707106781186548,0.707106781186548,
0.707106781186548,0.707106781186551,0.707106781186551,0.707106781186544,
0.707106781186544,0.707106781186551,0.707106781186551,0.707106781186548,
0.707106781186548,0.707106781186548,0.707106781186548,0.707106781186548,
0.707106781186548,0.707106781186548,0.707106781186548),(1.,1.,1.,1.,1.,
1.,1.,1.,1.,1.,1.,1.,1.,1.,1.,1.,1.,1.,1.,1.,1.,1.)))
REPRESENTATION_ITEM('')
SURFACE()
);
#17=(
BOUNDED_SURFACE()
B_SPLINE_SURFACE(2,3,((#3608,#3609,#3610,#3611,#3612,#3613,#3614,#3615,
#3616,#3617,#3618,#3619,#3620,#3621,#3622,#3623,#3624,#3625,#3626,#3627,
#3628,#3629),(#3630,#3631,#3632,#3633,#3634,#3635,#3636,#3637,#3638,#3639,
#3640,#3641,#3642,#3643,#3644,#3645,#3646,#3647,#3648,#3649,#3650,#3651),
(#3652,#3653,#3654,#3655,#3656,#3657,#3658,#3659,#3660,#3661,#3662,#3663,
#3664,#3665,#3666,#3667,#3668,#3669,#3670,#3671,#3672,#3673)),
 .UNSPECIFIED.,.F.,.F.,.F.)
B_SPLINE_SURFACE_WITH_KNOTS((3,3),(4,2,2,2,2,2,2,2,2,2,4),(0.,1.),(0.154793441248435,
0.170699220061562,0.224913774658461,0.27912832925536,0.387557438449156,
0.495986547642954,0.604415656836751,0.712844766030549,0.767059320627447,
0.821273875224346,0.888981845006755),.UNSPECIFIED.)
GEOMETRIC_REPRESENTATION_ITEM()
RATIONAL_B_SPLINE_SURFACE(((1.,1.,1.,1.,1.,1.,1.,1.,1.,1.,1.,1.,1.,1.,1.,
1.,1.,1.,1.,1.,1.,1.),(0.707106781186551,0.707106781186551,0.707106781186551,
0.707106781186551,0.707106781186548,0.707106781186548,0.707106781186547,
0.707106781186547,0.707106781186545,0.707106781186545,0.70710678118655,
0.70710678118655,0.707106781186548,0.707106781186548,0.707106781186548,
0.707106781186548,0.707106781186545,0.707106781186545,0.707106781186548,
0.707106781186548,0.707106781186547,0.707106781186546),(1.,1.,1.,1.,1.,
1.,1.,1.,1.,1.,1.,1.,1.,1.,1.,1.,1.,1.,1.,1.,1.,1.)))
REPRESENTATION_ITEM('')
SURFACE()
);
#18=(
BOUNDED_SURFACE()
B_SPLINE_SURFACE(2,3,((#3674,#3675,#3676,#3677,#3678,#3679,#3680,#3681,
#3682,#3683,#3684,#3685,#3686,#3687,#3688,#3689,#3690,#3691,#3692,#3693,
#3694,#3695,#3696,#3697,#3698,#3699),(#3700,#3701,#3702,#3703,#3704,#3705,
#3706,#3707,#3708,#3709,#3710,#3711,#3712,#3713,#3714,#3715,#3716,#3717,
#3718,#3719,#3720,#3721,#3722,#3723,#3724,#3725),(#3726,#3727,#3728,#3729,
#3730,#3731,#3732,#3733,#3734,#3735,#3736,#3737,#3738,#3739,#3740,#3741,
#3742,#3743,#3744,#3745,#3746,#3747,#3748,#3749,#3750,#3751)),
 .UNSPECIFIED.,.F.,.F.,.F.)
B_SPLINE_SURFACE_WITH_KNOTS((3,3),(4,2,2,2,2,2,2,2,2,2,2,2,4),(0.,1.),(0.0960276689045329,
0.100663228278449,0.20406929153022,0.30747535478199,0.410881418033761,0.436732933846704,
0.462584449659647,0.514287481285532,0.617693544537303,0.721099607789074,
0.772802639414959,0.824505671040845,0.877891980766833),.UNSPECIFIED.)
GEOMETRIC_REPRESENTATION_ITEM()
RATIONAL_B_SPLINE_SURFACE(((1.,1.,1.,1.,1.,1.,1.,1.,1.,1.,1.,1.,1.,1.,1.,
1.,1.,1.,1.,1.,1.,1.,1.,1.,1.,1.),(0.707106781186549,0.707106781186548,
0.707106781186548,0.707106781186548,0.707106781186547,0.707106781186547,
0.707106781186548,0.707106781186548,0.707106781186548,0.707106781186548,
0.707106781186546,0.707106781186546,0.707106781186546,0.707106781186546,
0.70710678118655,0.70710678118655,0.707106781186548,0.707106781186548,0.707106781186547,
0.707106781186547,0.707106781186547,0.707106781186547,0.707106781186548,
0.707106781186548,0.707106781186548,0.707106781186548),(1.,1.,1.,1.,1.,
1.,1.,1.,1.,1.,1.,1.,1.,1.,1.,1.,1.,1.,1.,1.,1.,1.,1.,1.,1.,1.)))
REPRESENTATION_ITEM('')
SURFACE()
);
#19=(
BOUNDED_SURFACE()
B_SPLINE_SURFACE(2,3,((#3816,#3817,#3818,#3819,#3820,#3821,#3822,#3823,
#3824,#3825,#3826,#3827,#3828,#3829,#3830,#3831,#3832,#3833,#3834,#3835,
#3836,#3837),(#3838,#3839,#3840,#3841,#3842,#3843,#3844,#3845,#3846,#3847,
#3848,#3849,#3850,#3851,#3852,#3853,#3854,#3855,#3856,#3857,#3858,#3859),
(#3860,#3861,#3862,#3863,#3864,#3865,#3866,#3867,#3868,#3869,#3870,#3871,
#3872,#3873,#3874,#3875,#3876,#3877,#3878,#3879,#3880,#3881)),
 .UNSPECIFIED.,.F.,.F.,.F.)
B_SPLINE_SURFACE_WITH_KNOTS((3,3),(4,2,2,2,2,2,2,2,2,2,4),(0.,1.),(0.111018154992831,
0.178726124775655,0.232940679372553,0.287155233969452,0.395584343163249,
0.504013452357046,0.612442561550844,0.720871670744641,0.775086225341539,
0.829300779938438,0.845206558758099),.UNSPECIFIED.)
GEOMETRIC_REPRESENTATION_ITEM()
RATIONAL_B_SPLINE_SURFACE(((1.,1.,1.,1.,1.,1.,1.,1.,1.,1.,1.,1.,1.,1.,1.,
1.,1.,1.,1.,1.,1.,1.),(0.707106781186546,0.707106781186547,0.707106781186548,
0.707106781186548,0.70710678118655,0.70710678118655,0.707106781186548,0.707106781186548,
0.707106781186548,0.707106781186548,0.70710678118655,0.70710678118655,0.707106781186545,
0.707106781186545,0.707106781186547,0.707106781186547,0.707106781186548,
0.707106781186548,0.707106781186551,0.707106781186551,0.707106781186551,
0.707106781186551),(1.,1.,1.,1.,1.,1.,1.,1.,1.,1.,1.,1.,1.,1.,1.,1.,1.,
1.,1.,1.,1.,1.)))
REPRESENTATION_ITEM('')
SURFACE()
);
#20=(
BOUNDED_SURFACE()
B_SPLINE_SURFACE(2,3,((#3900,#3901,#3902,#3903,#3904,#3905,#3906,#3907,
#3908,#3909,#3910,#3911,#3912,#3913,#3914,#3915,#3916,#3917,#3918,#3919,
#3920,#3921,#3922,#3923),(#3924,#3925,#3926,#3927,#3928,#3929,#3930,#3931,
#3932,#3933,#3934,#3935,#3936,#3937,#3938,#3939,#3940,#3941,#3942,#3943,
#3944,#3945,#3946,#3947),(#3948,#3949,#3950,#3951,#3952,#3953,#3954,#3955,
#3956,#3957,#3958,#3959,#3960,#3961,#3962,#3963,#3964,#3965,#3966,#3967,
#3968,#3969,#3970,#3971)),.UNSPECIFIED.,.F.,.F.,.F.)
B_SPLINE_SURFACE_WITH_KNOTS((3,3),(4,2,2,2,2,2,2,2,2,2,2,4),(0.,1.),(0.172727893550255,
0.176048553978226,0.227224306246203,0.27840005851418,0.329575810782158,
0.380751563050135,0.483103067586089,0.585454572122043,0.687806076657997,
0.790157581193951,0.892509085729905,0.896802015568612),.UNSPECIFIED.)
GEOMETRIC_REPRESENTATION_ITEM()
RATIONAL_B_SPLINE_SURFACE(((1.,1.,1.,1.,1.,1.,1.,1.,1.,1.,1.,1.,1.,1.,1.,
1.,1.,1.,1.,1.,1.,1.,1.,1.),(0.70710678118655,0.70710678118655,0.70710678118655,
0.70710678118655,0.707106781186551,0.707106781186551,0.707106781186548,
0.707106781186548,0.707106781186548,0.707106781186548,0.707106781186548,
0.707106781186548,0.707106781186548,0.707106781186548,0.707106781186548,
0.707106781186548,0.707106781186548,0.707106781186548,0.707106781186548,
0.707106781186548,0.707106781186548,0.707106781186548,0.707106781186548,
0.707106781186548),(1.,1.,1.,1.,1.,1.,1.,1.,1.,1.,1.,1.,1.,1.,1.,1.,1.,
1.,1.,1.,1.,1.,1.,1.)))
REPRESENTATION_ITEM('')
SURFACE()
);
#21=(
BOUNDED_SURFACE()
B_SPLINE_SURFACE(3,2,((#3972,#3973,#3974),(#3975,#3976,#3977),(#3978,#3979,
#3980),(#3981,#3982,#3983),(#3984,#3985,#3986),(#3987,#3988,#3989),(#3990,
#3991,#3992),(#3993,#3994,#3995),(#3996,#3997,#3998),(#3999,#4000,#4001),
(#4002,#4003,#4004),(#4005,#4006,#4007)),.UNSPECIFIED.,.F.,.F.,.F.)
B_SPLINE_SURFACE_WITH_KNOTS((4,1,1,1,1,1,1,1,1,4),(3,3),(0.0462516502311901,
0.052500117325318,0.0556243508723819,0.0587485844194458,0.0649970515135737,
0.0712455186077015,0.0774939857018294,0.0837424527959572,0.0899909198900851,
0.0962393869842129),(0.,1.),.UNSPECIFIED.)
GEOMETRIC_REPRESENTATION_ITEM()
RATIONAL_B_SPLINE_SURFACE(((1.,0.707106781186548,1.),(1.,0.707106781186548,
1.),(1.,0.707106781186548,1.),(1.,0.707106781186548,1.),(1.,0.707106781186547,
1.),(1.,0.707106781186548,1.),(1.,0.707106781186548,1.),(1.,0.707106781186547,
1.),(1.,0.707106781186551,1.),(1.,0.707106781186547,1.),(1.,0.707106781186547,
1.),(1.,0.707106781186547,1.)))
REPRESENTATION_ITEM('')
SURFACE()
);
#22=(
BOUNDED_SURFACE()
B_SPLINE_SURFACE(3,2,((#4025,#4026,#4027),(#4028,#4029,#4030),(#4031,#4032,
#4033),(#4034,#4035,#4036),(#4037,#4038,#4039),(#4040,#4041,#4042),(#4043,
#4044,#4045),(#4046,#4047,#4048),(#4049,#4050,#4051),(#4052,#4053,#4054),
(#4055,#4056,#4057),(#4058,#4059,#4060),(#4061,#4062,#4063)),
 .UNSPECIFIED.,.F.,.F.,.F.)
B_SPLINE_SURFACE_WITH_KNOTS((4,1,1,1,1,1,1,1,1,1,4),(3,3),(0.0459182557820395,
0.0520869583925596,0.0582556610030797,0.0644243636135999,0.0675087149188599,
0.07059306622412,0.0767617688346401,0.0829304714451602,0.0860148227504203,
0.0890991740556803,0.0952678766662005),(0.,1.),.UNSPECIFIED.)
GEOMETRIC_REPRESENTATION_ITEM()
RATIONAL_B_SPLINE_SURFACE(((1.,0.707106781186548,1.),(1.,0.707106781186548,
1.),(1.,0.707106781186547,1.),(1.,0.707106781186548,1.),(1.,0.707106781186547,
1.),(1.,0.707106781186548,1.),(1.,0.707106781186548,1.),(1.,0.707106781186548,
1.),(1.,0.707106781186547,1.),(1.,0.707106781186547,1.),(1.,0.707106781186548,
1.),(1.,0.707106781186547,1.),(1.,0.707106781186547,1.)))
REPRESENTATION_ITEM('')
SURFACE()
);
#23=(
BOUNDED_SURFACE()
B_SPLINE_SURFACE(3,2,((#4077,#4078,#4079),(#4080,#4081,#4082),(#4083,#4084,
#4085),(#4086,#4087,#4088),(#4089,#4090,#4091),(#4092,#4093,#4094),(#4095,
#4096,#4097),(#4098,#4099,#4100),(#4101,#4102,#4103),(#4104,#4105,#4106),
(#4107,#4108,#4109),(#4110,#4111,#4112),(#4113,#4114,#4115)),
 .UNSPECIFIED.,.F.,.F.,.F.)
B_SPLINE_SURFACE_WITH_KNOTS((4,1,1,1,1,1,1,1,1,1,4),(3,3),(0.0737100320503977,
0.0794552745626049,0.0852005170748121,0.0909457595870193,0.093818380843123,
0.0966910020992266,0.0995636233553302,0.102436244611434,0.108181487123641,
0.113926729635848,0.119671972148055),(0.,1.),.UNSPECIFIED.)
GEOMETRIC_REPRESENTATION_ITEM()
RATIONAL_B_SPLINE_SURFACE(((1.,0.707106781186548,1.),(1.,0.707106781186548,
1.),(1.,0.707106781186548,1.),(1.,0.707106781186547,1.),(1.,0.707106781186548,
1.),(1.,0.707106781186547,1.),(1.,0.70710678118655,1.),(1.,0.70710678118655,
1.),(1.,0.707106781186546,1.),(1.,0.707106781186548,1.),(1.,0.707106781186548,
1.),(1.,0.707106781186547,1.),(1.,0.707106781186547,1.)))
REPRESENTATION_ITEM('')
SURFACE()
);
#24=(
BOUNDED_SURFACE()
B_SPLINE_SURFACE(3,2,((#4121,#4122,#4123),(#4124,#4125,#4126),(#4127,#4128,
#4129),(#4130,#4131,#4132)),.UNSPECIFIED.,.F.,.F.,.F.)
B_SPLINE_SURFACE_WITH_KNOTS((4,4),(3,3),(0.0640183244153645,0.0729671152677314),
(0.578983275759209,1.),.PIECEWISE_BEZIER_KNOTS.)
GEOMETRIC_REPRESENTATION_ITEM()
RATIONAL_B_SPLINE_SURFACE(((0.857207736014665,0.876687056462819,1.),(0.857207736014665,
0.876687056462819,1.),(0.857207736014665,0.876687056462819,1.),(0.857207736014665,
0.876687056462819,1.)))
REPRESENTATION_ITEM('')
SURFACE()
);
#25=(
BOUNDED_SURFACE()
B_SPLINE_SURFACE(3,2,((#4137,#4138,#4139),(#4140,#4141,#4142),(#4143,#4144,
#4145),(#4146,#4147,#4148),(#4149,#4150,#4151),(#4152,#4153,#4154),(#4155,
#4156,#4157),(#4158,#4159,#4160),(#4161,#4162,#4163),(#4164,#4165,#4166),
(#4167,#4168,#4169),(#4170,#4171,#4172)),.UNSPECIFIED.,.F.,.F.,.F.)
B_SPLINE_SURFACE_WITH_KNOTS((4,1,1,1,1,1,1,1,1,4),(3,3),(0.0505189601434778,
0.0567679963729913,0.0630170326025047,0.0692660688320181,0.0755151050615316,
0.081764141291045,0.0880131775205585,0.0911376956353152,0.0942622137500719,
0.100511249979585),(0.,1.),.UNSPECIFIED.)
GEOMETRIC_REPRESENTATION_ITEM()
RATIONAL_B_SPLINE_SURFACE(((1.,0.707106781186548,1.),(1.,0.707106781186548,
1.),(1.,0.707106781186548,1.),(1.,0.707106781186547,1.),(1.,0.70710678118655,
1.),(1.,0.70710678118655,1.),(1.,0.707106781186547,1.),(1.,0.707106781186547,
1.),(1.,0.707106781186548,1.),(1.,0.707106781186548,1.),(1.,0.707106781186548,
1.),(1.,0.707106781186548,1.)))
REPRESENTATION_ITEM('')
SURFACE()
);
#26=(
BOUNDED_SURFACE()
B_SPLINE_SURFACE(3,2,((#4190,#4191,#4192),(#4193,#4194,#4195),(#4196,#4197,
#4198),(#4199,#4200,#4201),(#4202,#4203,#4204),(#4205,#4206,#4207),(#4208,
#4209,#4210),(#4211,#4212,#4213),(#4214,#4215,#4216),(#4217,#4218,#4219),
(#4220,#4221,#4222),(#4223,#4224,#4225),(#4226,#4227,#4228)),
 .UNSPECIFIED.,.F.,.F.,.F.)
B_SPLINE_SURFACE_WITH_KNOTS((4,1,1,1,1,1,1,1,1,1,4),(3,3),(0.0726415457228247,
0.0783870381047283,0.084132530486632,0.0898780228685356,0.0927507690594875,
0.0956235152504393,0.0984962614413911,0.101369007632343,0.107114500014247,
0.11285999239615,0.118605484778054),(0.,1.),.UNSPECIFIED.)
GEOMETRIC_REPRESENTATION_ITEM()
RATIONAL_B_SPLINE_SURFACE(((1.,0.707106781186548,1.),(1.,0.707106781186548,
1.),(1.,0.707106781186547,1.),(1.,0.707106781186551,1.),(1.,0.707106781186547,
1.),(1.,0.707106781186548,1.),(1.,0.707106781186548,1.),(1.,0.707106781186547,
1.),(1.,0.707106781186548,1.),(1.,0.707106781186548,1.),(1.,0.707106781186548,
1.),(1.,0.707106781186548,1.),(1.,0.707106781186548,1.)))
REPRESENTATION_ITEM('')
SURFACE()
);
#27=(
BOUNDED_SURFACE()
B_SPLINE_SURFACE(3,2,((#4237,#4238,#4239),(#4240,#4241,#4242),(#4243,#4244,
#4245),(#4246,#4247,#4248)),.UNSPECIFIED.,.F.,.F.,.F.)
B_SPLINE_SURFACE_WITH_KNOTS((4,4),(3,3),(0.0920213520832577,0.100883575583842),
(0.57898327575921,1.),.PIECEWISE_BEZIER_KNOTS.)
GEOMETRIC_REPRESENTATION_ITEM()
RATIONAL_B_SPLINE_SURFACE(((0.857207736014665,0.876687056462819,1.),(0.857207736014665,
0.876687056462819,1.),(0.857207736014665,0.876687056462819,1.),(0.857207736014665,
0.876687056462819,1.)))
REPRESENTATION_ITEM('')
SURFACE()
);
#28=(
BOUNDED_SURFACE()
B_SPLINE_SURFACE(3,2,((#4253,#4254,#4255),(#4256,#4257,#4258),(#4259,#4260,
#4261),(#4262,#4263,#4264),(#4265,#4266,#4267),(#4268,#4269,#4270),(#4271,
#4272,#4273),(#4274,#4275,#4276),(#4277,#4278,#4279),(#4280,#4281,#4282),
(#4283,#4284,#4285),(#4286,#4287,#4288),(#4289,#4290,#4291)),
 .UNSPECIFIED.,.F.,.F.,.F.)
B_SPLINE_SURFACE_WITH_KNOTS((4,1,1,1,1,1,1,1,1,1,4),(3,3),(0.0430207505069753,
0.0491889639930838,0.0522730707361381,0.0553571774791923,0.0615253909653008,
0.0676936044514093,0.0707777111944636,0.0738618179375178,0.0800300314236263,
0.0861982449097348,0.0923664583958433),(0.,1.),.UNSPECIFIED.)
GEOMETRIC_REPRESENTATION_ITEM()
RATIONAL_B_SPLINE_SURFACE(((1.,0.707106781186548,1.),(1.,0.707106781186548,
1.),(1.,0.707106781186548,1.),(1.,0.707106781186547,1.),(1.,0.707106781186548,
1.),(1.,0.707106781186547,1.),(1.,0.707106781186548,1.),(1.,0.707106781186547,
1.),(1.,0.707106781186551,1.),(1.,0.707106781186546,1.),(1.,0.707106781186548,
1.),(1.,0.707106781186548,1.),(1.,0.707106781186548,1.)))
REPRESENTATION_ITEM('')
SURFACE()
);
#29=(
BOUNDED_SURFACE()
B_SPLINE_SURFACE(3,2,((#4296,#4297,#4298),(#4299,#4300,#4301),(#4302,#4303,
#4304),(#4305,#4306,#4307)),.UNSPECIFIED.,.F.,.F.,.F.)
B_SPLINE_SURFACE_WITH_KNOTS((4,4),(3,3),(0.0374129021724443,0.0462633152720619),
(0.578983275759212,1.),.PIECEWISE_BEZIER_KNOTS.)
GEOMETRIC_REPRESENTATION_ITEM()
RATIONAL_B_SPLINE_SURFACE(((0.857207736014665,0.87668705646282,1.),(0.857207736014665,
0.87668705646282,1.),(0.857207736014665,0.87668705646282,1.),(0.857207736014665,
0.87668705646282,1.)))
REPRESENTATION_ITEM('')
SURFACE()
);
#30=(
BOUNDED_SURFACE()
B_SPLINE_SURFACE(3,2,((#4312,#4313,#4314),(#4315,#4316,#4317),(#4318,#4319,
#4320),(#4321,#4322,#4323)),.UNSPECIFIED.,.F.,.F.,.F.)
B_SPLINE_SURFACE_WITH_KNOTS((4,4),(3,3),(0.119346512537735,0.12827876004751),
(0.578983275759205,1.),.PIECEWISE_BEZIER_KNOTS.)
GEOMETRIC_REPRESENTATION_ITEM()
RATIONAL_B_SPLINE_SURFACE(((0.857207736014665,0.876687056462818,1.),(0.857207736014665,
0.876687056462818,1.),(0.857207736014665,0.876687056462818,1.),(0.857207736014665,
0.876687056462818,1.)))
REPRESENTATION_ITEM('')
SURFACE()
);
#31=B_SPLINE_SURFACE_WITH_KNOTS('',3,1,((#2943,#2944),(#2945,#2946),(#2947,
#2948),(#2949,#2950)),.SURF_OF_LINEAR_EXTRUSION.,.F.,.F.,.F.,(4,4),(2,2),
(0.,1.),(0.,1.),.PIECEWISE_BEZIER_KNOTS.);
#32=B_SPLINE_SURFACE_WITH_KNOTS('',3,1,((#2994,#2995),(#2996,#2997),(#2998,
#2999),(#3000,#3001)),.SURF_OF_LINEAR_EXTRUSION.,.F.,.F.,.F.,(4,4),(2,2),
(0.,1.),(0.,1.),.PIECEWISE_BEZIER_KNOTS.);
#33=B_SPLINE_SURFACE_WITH_KNOTS('',3,1,((#3025,#3026),(#3027,#3028),(#3029,
#3030),(#3031,#3032)),.SURF_OF_LINEAR_EXTRUSION.,.F.,.F.,.F.,(4,4),(2,2),
(0.,1.),(0.,1.),.PIECEWISE_BEZIER_KNOTS.);
#34=B_SPLINE_SURFACE_WITH_KNOTS('',3,1,((#3069,#3070),(#3071,#3072),(#3073,
#3074),(#3075,#3076)),.SURF_OF_LINEAR_EXTRUSION.,.F.,.F.,.F.,(4,4),(2,2),
(0.,1.),(0.,1.),.PIECEWISE_BEZIER_KNOTS.);
#35=B_SPLINE_SURFACE_WITH_KNOTS('',3,1,((#3103,#3104),(#3105,#3106),(#3107,
#3108),(#3109,#3110)),.SURF_OF_LINEAR_EXTRUSION.,.F.,.F.,.F.,(4,4),(2,2),
(-1.21962163117721E-16,1.),(0.,1.),.PIECEWISE_BEZIER_KNOTS.);
#36=B_SPLINE_SURFACE_WITH_KNOTS('',3,1,((#3151,#3152),(#3153,#3154),(#3155,
#3156),(#3157,#3158)),.SURF_OF_LINEAR_EXTRUSION.,.F.,.F.,.F.,(4,4),(2,2),
(-4.85722573273506E-17,1.),(0.,1.),.PIECEWISE_BEZIER_KNOTS.);
#37=ELLIPSE('',#1638,0.00231008518531175,0.002);
#38=ELLIPSE('',#1640,0.00231008518531175,0.002);
#39=ELLIPSE('',#1702,0.00231008518531175,0.002);
#40=ELLIPSE('',#1713,0.00231008518531175,0.002);
#41=CYLINDRICAL_SURFACE('',#1621,0.005);
#42=CYLINDRICAL_SURFACE('',#1624,0.02);
#43=CYLINDRICAL_SURFACE('',#1628,0.02);
#44=CYLINDRICAL_SURFACE('',#1631,0.005);
#45=CYLINDRICAL_SURFACE('',#1635,0.02);
#46=CYLINDRICAL_SURFACE('',#1641,0.00195);
#47=CYLINDRICAL_SURFACE('',#1643,0.00195);
#48=CYLINDRICAL_SURFACE('',#1645,0.00195);
#49=CYLINDRICAL_SURFACE('',#1647,0.00195);
#50=CYLINDRICAL_SURFACE('',#1649,0.0045);
#51=CYLINDRICAL_SURFACE('',#1651,0.00195);
#52=CYLINDRICAL_SURFACE('',#1653,0.00195);
#53=CYLINDRICAL_SURFACE('',#1655,0.00195);
#54=CYLINDRICAL_SURFACE('',#1657,0.00195);
#55=CYLINDRICAL_SURFACE('',#1659,0.0044);
#56=CYLINDRICAL_SURFACE('',#1662,0.0045);
#57=CYLINDRICAL_SURFACE('',#1665,0.00195);
#58=CYLINDRICAL_SURFACE('',#1668,0.00195);
#59=CYLINDRICAL_SURFACE('',#1671,0.00195);
#60=CYLINDRICAL_SURFACE('',#1674,0.00195);
#61=CYLINDRICAL_SURFACE('',#1677,0.0045);
#62=CYLINDRICAL_SURFACE('',#1680,0.00195);
#63=CYLINDRICAL_SURFACE('',#1683,0.00195);
#64=CYLINDRICAL_SURFACE('',#1686,0.00195);
#65=CYLINDRICAL_SURFACE('',#1689,0.00195);
#66=CYLINDRICAL_SURFACE('',#1692,0.02);
#67=CYLINDRICAL_SURFACE('',#1694,0.0045);
#68=CYLINDRICAL_SURFACE('',#1700,0.0342695722463147);
#69=CYLINDRICAL_SURFACE('',#1703,0.02);
#70=CYLINDRICAL_SURFACE('',#1706,0.0618119618848228);
#71=CYLINDRICAL_SURFACE('',#1709,0.02);
#72=CYLINDRICAL_SURFACE('',#1714,0.00425);
#73=CYLINDRICAL_SURFACE('',#1716,0.00425);
#74=CYLINDRICAL_SURFACE('',#1719,0.0342695722463146);
#75=CYLINDRICAL_SURFACE('',#1727,0.003);
#76=CYLINDRICAL_SURFACE('',#1731,0.003);
#77=CYLINDRICAL_SURFACE('',#1735,0.003);
#78=CYLINDRICAL_SURFACE('',#1739,0.003);
#79=CYLINDRICAL_SURFACE('',#1740,0.002);
#80=CYLINDRICAL_SURFACE('',#1743,0.002);
#81=CYLINDRICAL_SURFACE('',#1746,0.002);
#82=CYLINDRICAL_SURFACE('',#1749,0.002);
#83=LINE('',#2141,#133);
#84=LINE('',#2145,#134);
#85=LINE('',#2314,#135);
#86=LINE('',#2318,#136);
#87=LINE('',#2330,#137);
#88=LINE('',#2422,#138);
#89=LINE('',#2426,#139);
#90=LINE('',#2438,#140);
#91=LINE('',#2440,#141);
#92=LINE('',#2451,#142);
#93=LINE('',#2457,#143);
#94=LINE('',#2459,#144);
#95=LINE('',#2461,#145);
#96=LINE('',#2463,#146);
#97=LINE('',#2469,#147);
#98=LINE('',#2471,#148);
#99=LINE('',#2491,#149);
#100=LINE('',#2493,#150);
#101=LINE('',#2497,#151);
#102=LINE('',#2501,#152);
#103=LINE('',#2503,#153);
#104=LINE('',#2507,#154);
#105=LINE('',#2509,#155);
#106=LINE('',#2511,#156);
#107=LINE('',#2951,#157);
#108=LINE('',#2962,#158);
#109=LINE('',#3002,#159);
#110=LINE('',#3077,#160);
#111=LINE('',#3088,#161);
#112=LINE('',#3111,#162);
#113=LINE('',#3204,#163);
#114=LINE('',#3208,#164);
#115=LINE('',#3210,#165);
#116=LINE('',#3211,#166);
#117=LINE('',#3213,#167);
#118=LINE('',#3217,#168);
#119=LINE('',#3220,#169);
#120=LINE('',#3231,#170);
#121=LINE('',#3298,#171);
#122=LINE('',#3301,#172);
#123=LINE('',#3312,#173);
#124=LINE('',#3314,#174);
#125=LINE('',#3320,#175);
#126=LINE('',#3324,#176);
#127=LINE('',#3325,#177);
#128=LINE('',#3327,#178);
#129=LINE('',#3359,#179);
#130=LINE('',#3363,#180);
#131=LINE('',#3367,#181);
#132=LINE('',#3371,#182);
#133=VECTOR('',#1760,1.);
#134=VECTOR('',#1763,1.);
#135=VECTOR('',#1794,1.);
#136=VECTOR('',#1797,1.);
#137=VECTOR('',#1810,1.);
#138=VECTOR('',#1813,1.);
#139=VECTOR('',#1818,1.);
#140=VECTOR('',#1819,1.);
#141=VECTOR('',#1820,1.);
#142=VECTOR('',#1827,1.);
#143=VECTOR('',#1834,1.);
#144=VECTOR('',#1837,1.);
#145=VECTOR('',#1838,1.);
#146=VECTOR('',#1839,1.);
#147=VECTOR('',#1846,1.);
#148=VECTOR('',#1849,1.);
#149=VECTOR('',#1856,1.);
#150=VECTOR('',#1857,1.);
#151=VECTOR('',#1862,1.);
#152=VECTOR('',#1867,1.);
#153=VECTOR('',#1868,1.);
#154=VECTOR('',#1873,1.);
#155=VECTOR('',#1874,1.);
#156=VECTOR('',#1875,1.);
#157=VECTOR('',#1996,1.);
#158=VECTOR('',#1997,1.);
#159=VECTOR('',#1998,1.);
#160=VECTOR('',#1999,1.);
#161=VECTOR('',#2000,1.);
#162=VECTOR('',#2001,1.);
#163=VECTOR('',#2004,1.);
#164=VECTOR('',#2007,1.);
#165=VECTOR('',#2008,1.);
#166=VECTOR('',#2009,1.);
#167=VECTOR('',#2012,1.);
#168=VECTOR('',#2017,1.);
#169=VECTOR('',#2018,1.);
#170=VECTOR('',#2021,1.);
#171=VECTOR('',#2026,1.);
#172=VECTOR('',#2027,1.);
#173=VECTOR('',#2028,1.);
#174=VECTOR('',#2031,1.);
#175=VECTOR('',#2038,1.);
#176=VECTOR('',#2041,1.);
#177=VECTOR('',#2042,1.);
#178=VECTOR('',#2043,1.);
#179=VECTOR('',#2062,1.);
#180=VECTOR('',#2065,1.);
#181=VECTOR('',#2068,1.);
#182=VECTOR('',#2071,1.);
#183=B_SPLINE_CURVE_WITH_KNOTS('',3,(#2131,#2132,#2133,#2134,#2135,#2136,
#2137,#2138,#2139),.UNSPECIFIED.,.F.,.F.,(4,1,1,1,1,1,4),(0.0141612018371591,
0.0261713677418819,0.0321764506942434,0.0381815336466048,0.0501916995513276,
0.056196782503689,0.0622018654560504),.UNSPECIFIED.);
#184=B_SPLINE_CURVE_WITH_KNOTS('',3,(#2147,#2148,#2149,#2150,#2151,#2152,
#2153,#2154,#2155,#2156),.UNSPECIFIED.,.F.,.F.,(4,1,1,1,1,1,1,4),(0.0131542612652812,
0.0227889393692585,0.0276062784212472,0.0324236174732358,0.0372409565252244,
0.0420582955772131,0.0468756346292017,0.0516929736811904),.UNSPECIFIED.);
#185=B_SPLINE_CURVE_WITH_KNOTS('',3,(#2159,#2160,#2161,#2162,#2163,#2164,
#2165,#2166,#2167,#2168),.UNSPECIFIED.,.F.,.F.,(4,1,1,1,1,1,1,4),(0.0163120628261679,
0.0211306196709315,0.0259491765156952,0.0307677333604588,0.0355862902052225,
0.0404048470499862,0.0452234038947498,0.0548605175842771),.UNSPECIFIED.);
#186=B_SPLINE_CURVE_WITH_KNOTS('',3,(#2175,#2176,#2177,#2178,#2179,#2180,
#2181,#2182,#2183),.UNSPECIFIED.,.F.,.F.,(4,1,1,1,1,1,4),(0.0076533024488455,
0.0186176841202724,0.0240998749559859,0.0295820657916993,0.0350642566274128,
0.0405464474631262,0.0515108291345532),.UNSPECIFIED.);
#187=B_SPLINE_CURVE_WITH_KNOTS('',3,(#2185,#2186,#2187,#2188),
 .UNSPECIFIED.,.F.,.F.,(4,4),(0.0610745371765624,0.0672087437080594),
 .UNSPECIFIED.);
#188=B_SPLINE_CURVE_WITH_KNOTS('',3,(#2190,#2191,#2192,#2193),
 .UNSPECIFIED.,.F.,.F.,(4,4),(0.00131150279314769,0.00786483592889398),
 .UNSPECIFIED.);
#189=B_SPLINE_CURVE_WITH_KNOTS('',3,(#2196,#2197,#2198,#2199),
 .UNSPECIFIED.,.F.,.F.,(4,4),(0.056020691210677,0.0625649493831554),
 .UNSPECIFIED.);
#190=B_SPLINE_CURVE_WITH_KNOTS('',3,(#2206,#2207,#2208,#2209),
 .UNSPECIFIED.,.F.,.F.,(4,4),(0.000820505613693077,0.00694513908592269),
 .UNSPECIFIED.);
#191=B_SPLINE_CURVE_WITH_KNOTS('',3,(#2211,#2212,#2213,#2214,#2215,#2216,
#2217,#2218,#2219),.UNSPECIFIED.,.F.,.F.,(4,1,1,1,1,1,4),(0.0123809518586437,
0.023344091027195,0.0288256606114706,0.0343072301957463,0.0397887997800219,
0.0452703693642976,0.0562335085328488),.UNSPECIFIED.);
#192=B_SPLINE_CURVE_WITH_KNOTS('',3,(#2234,#2235,#2236,#2237,#2238,#2239,
#2240,#2241,#2242,#2243,#2244,#2245,#2246,#2247,#2248,#2249,#2250,#2251,
#2252,#2253,#2254,#2255,#2256,#2257,#2258,#2259,#2260,#2261,#2262,#2263,
#2264,#2265,#2266,#2267,#2268,#2269,#2270,#2271,#2272,#2273,#2274,#2275,
#2276,#2277,#2278,#2279,#2280,#2281,#2282,#2283,#2284,#2285,#2286,#2287,
#2288,#2289,#2290,#2291,#2292,#2293,#2294,#2295,#2296,#2297,#2298,#2299,
#2300,#2301,#2302,#2303,#2304,#2305,#2306,#2307,#2308,#2309,#2310,#2311,
#2312),.UNSPECIFIED.,.F.,.F.,(4,1,1,1,1,1,1,1,1,1,1,1,1,1,1,1,1,1,1,1,1,
1,1,1,1,1,1,1,1,1,1,1,1,1,1,1,1,1,1,1,1,1,1,1,1,1,1,1,1,1,1,1,1,1,1,1,1,
1,1,1,1,1,1,1,1,1,1,1,1,1,1,1,1,1,1,1,4),(0.,0.03125,0.0625,0.078125,0.09375,
0.1015625,0.109375,0.1171875,0.12109375,0.123046875,0.125,0.126953125,0.12890625,
0.1328125,0.140625,0.1484375,0.15625,0.171875,0.1875,0.21875,0.234375,0.2421875,
0.25,0.2578125,0.265625,0.28125,0.3125,0.34375,0.359375,0.375,0.390625,
0.40625,0.4375,0.46875,0.5,0.53125,0.5625,0.59375,0.609375,0.625,0.640625,
0.65625,0.6875,0.703125,0.71875,0.7265625,0.734375,0.7421875,0.74609375,
0.748046875,0.75,0.751953125,0.75390625,0.7578125,0.765625,0.7734375,0.78125,
0.796875,0.8125,0.84375,0.859375,0.8671875,0.875,0.8828125,0.88671875,0.890625,
0.8916015625,0.892578125,0.89453125,0.896484375,0.8984375,0.90625,0.921875,
0.9375,0.953125,0.96875,1.),.UNSPECIFIED.);
#193=B_SPLINE_CURVE_WITH_KNOTS('',3,(#2333,#2334,#2335,#2336,#2337,#2338,
#2339,#2340,#2341,#2342,#2343,#2344,#2345,#2346,#2347,#2348,#2349,#2350,
#2351,#2352,#2353,#2354,#2355,#2356,#2357,#2358,#2359,#2360,#2361,#2362,
#2363,#2364,#2365,#2366,#2367,#2368,#2369,#2370,#2371,#2372,#2373,#2374,
#2375,#2376,#2377,#2378,#2379,#2380,#2381,#2382,#2383,#2384,#2385,#2386,
#2387,#2388,#2389,#2390,#2391,#2392,#2393,#2394,#2395,#2396,#2397,#2398,
#2399,#2400,#2401,#2402,#2403,#2404,#2405,#2406,#2407,#2408,#2409,#2410,
#2411,#2412,#2413,#2414,#2415,#2416,#2417,#2418),.UNSPECIFIED.,.F.,.F.,
(4,1,1,1,1,1,1,1,1,1,1,1,1,1,1,1,1,1,1,1,1,1,1,1,1,1,1,1,1,1,1,1,1,1,1,
1,1,1,1,1,1,1,1,1,1,1,1,1,1,1,1,1,1,1,1,1,1,1,1,1,1,1,1,1,1,1,1,1,1,1,1,
1,1,1,1,1,1,1,1,1,1,1,1,4),(0.,0.03125,0.046875,0.0625,0.0703125,0.078125,
0.0859375,0.09375,0.09765625,0.099609375,0.10009765625,0.1005859375,0.1015625,
0.103515625,0.10546875,0.109375,0.1171875,0.125,0.1328125,0.140625,0.1484375,
0.15234375,0.15625,0.158203125,0.16015625,0.162109375,0.1640625,0.16796875,
0.171875,0.1875,0.203125,0.21875,0.234375,0.2421875,0.24609375,0.25,0.25390625,
0.2578125,0.265625,0.28125,0.296875,0.3125,0.34375,0.359375,0.375,0.390625,
0.40625,0.4375,0.46875,0.5,0.53125,0.5625,0.59375,0.609375,0.625,0.640625,
0.65625,0.6875,0.71875,0.734375,0.7421875,0.75,0.7578125,0.765625,0.78125,
0.8125,0.828125,0.84375,0.8515625,0.859375,0.8671875,0.87109375,0.873046875,
0.875,0.876953125,0.87890625,0.8828125,0.890625,0.8984375,0.90625,0.921875,
0.9375,0.96875,1.),.UNSPECIFIED.);
#194=B_SPLINE_CURVE_WITH_KNOTS('',3,(#2429,#2430,#2431,#2432),
 .UNSPECIFIED.,.F.,.F.,(4,4),(0.,0.00169621912853059),.UNSPECIFIED.);
#195=B_SPLINE_CURVE_WITH_KNOTS('',3,(#2434,#2435,#2436,#2437),
 .UNSPECIFIED.,.F.,.F.,(4,4),(0.00188643345543817,0.00317784988656165),
 .UNSPECIFIED.);
#196=B_SPLINE_CURVE_WITH_KNOTS('',3,(#2445,#2446,#2447,#2448),
 .UNSPECIFIED.,.F.,.F.,(4,4),(0.,7.77886823666463E-5),.UNSPECIFIED.);
#197=B_SPLINE_CURVE_WITH_KNOTS('',3,(#2474,#2475,#2476,#2477),
 .UNSPECIFIED.,.F.,.F.,(4,4),(0.,7.77886823656153E-5),.UNSPECIFIED.);
#198=B_SPLINE_CURVE_WITH_KNOTS('',3,(#2482,#2483,#2484,#2485),
 .UNSPECIFIED.,.F.,.F.,(4,4),(0.,0.00128760031076103),.UNSPECIFIED.);
#199=B_SPLINE_CURVE_WITH_KNOTS('',3,(#2487,#2488,#2489,#2490),
 .UNSPECIFIED.,.F.,.F.,(4,4),(0.,0.00169621912852987),.UNSPECIFIED.);
#200=B_SPLINE_CURVE_WITH_KNOTS('',3,(#2602,#2603,#2604,#2605,#2606,#2607,
#2608,#2609,#2610,#2611,#2612,#2613,#2614,#2615,#2616,#2617,#2618,#2619,
#2620,#2621,#2622,#2623,#2624,#2625,#2626,#2627,#2628,#2629,#2630,#2631,
#2632,#2633,#2634,#2635,#2636,#2637,#2638,#2639,#2640,#2641,#2642,#2643,
#2644,#2645,#2646,#2647,#2648,#2649,#2650,#2651,#2652,#2653,#2654,#2655,
#2656,#2657,#2658,#2659,#2660,#2661,#2662,#2663,#2664,#2665,#2666,#2667,
#2668,#2669,#2670,#2671,#2672,#2673,#2674,#2675,#2676,#2677,#2678,#2679,
#2680,#2681,#2682,#2683,#2684,#2685,#2686,#2687,#2688,#2689),
 .UNSPECIFIED.,.F.,.F.,(4,1,1,1,1,1,1,1,1,1,1,1,1,1,1,1,1,1,1,1,1,1,1,1,
1,1,1,1,1,1,1,1,1,1,1,1,1,1,1,1,1,1,1,1,1,1,1,1,1,1,1,1,1,1,1,1,1,1,1,1,
1,1,1,1,1,1,1,1,1,1,1,1,1,1,1,1,1,1,1,1,1,1,1,1,1,4),(0.,0.03125,0.046875,
0.0625,0.078125,0.0859375,0.09375,0.09765625,0.099609375,0.1015625,0.10546875,
0.109375,0.1171875,0.125,0.140625,0.1484375,0.15625,0.1640625,0.16796875,
0.171875,0.173828125,0.1748046875,0.17578125,0.177734375,0.1796875,0.1875,
0.203125,0.21875,0.234375,0.2421875,0.25,0.2578125,0.265625,0.28125,0.3125,
0.328125,0.34375,0.359375,0.375,0.390625,0.40625,0.4375,0.46875,0.5,0.515625,
0.5234375,0.53125,0.5390625,0.546875,0.5546875,0.5625,0.5703125,0.578125,
0.59375,0.609375,0.6171875,0.62109375,0.625,0.62890625,0.6328125,0.640625,
0.65625,0.671875,0.6875,0.703125,0.71875,0.734375,0.7421875,0.74609375,
0.75,0.75390625,0.7578125,0.765625,0.78125,0.796875,0.8125,0.84375,0.859375,
0.875,0.8828125,0.890625,0.90625,0.921875,0.9375,0.96875,1.),
 .UNSPECIFIED.);
#201=B_SPLINE_CURVE_WITH_KNOTS('',3,(#2691,#2692,#2693,#2694,#2695,#2696,
#2697,#2698,#2699,#2700,#2701,#2702,#2703,#2704,#2705,#2706,#2707,#2708,
#2709,#2710,#2711,#2712,#2713,#2714,#2715,#2716,#2717,#2718,#2719,#2720,
#2721,#2722,#2723,#2724,#2725,#2726,#2727,#2728,#2729,#2730,#2731,#2732,
#2733,#2734,#2735,#2736,#2737,#2738,#2739,#2740,#2741,#2742,#2743,#2744,
#2745,#2746,#2747,#2748,#2749,#2750,#2751,#2752,#2753,#2754,#2755,#2756,
#2757,#2758,#2759),.UNSPECIFIED.,.F.,.F.,(4,1,1,1,1,1,1,1,1,1,1,1,1,1,1,
1,1,1,1,1,1,1,1,1,1,1,1,1,1,1,1,1,1,1,1,1,1,1,1,1,1,1,1,1,1,1,1,1,1,1,1,
1,1,1,1,1,1,1,1,1,1,1,1,1,1,1,4),(1.17297518079369E-9,0.0312500011363197,
0.0625000010996642,0.0781250010813365,0.0937500010630088,0.101562501053845,
0.109375001044681,0.117187501035517,0.121093751030935,0.123046876028644,
0.125000001026353,0.126953126024062,0.128906251021771,0.132812501017189,
0.140625001008026,0.148437500998862,0.156250000989698,0.17187500097137,
0.187500000953042,0.218750000916387,0.234375000898059,0.242187500888895,
0.250000000879731,0.257812500870568,0.265625000861404,0.281250000843076,
0.31250000080642,0.343750000769765,0.359375000751437,0.37500000073311,0.390625000714782,
0.406250000696454,0.437500000659799,0.500000000586488,0.562500000513177,
0.593750000476521,0.609375000458193,0.625000000439866,0.640625000421538,
0.65625000040321,0.687500000366555,0.718750000329899,0.734375000311572,
0.742187500302408,0.750000000293244,0.75781250028408,0.765625000274916,
0.781250000256588,0.812500000219933,0.828125000201605,0.843750000183277,
0.851562500174114,0.85937500016495,0.867187500155786,0.871093750151204,
0.873046875148913,0.875000000146622,0.876953125144331,0.87890625014204,
0.882812500137458,0.890625000128294,0.89843750011913,0.906250000109966,
0.921875000091639,0.937500000073311,0.968750000036655,1.),.UNSPECIFIED.);
#202=B_SPLINE_CURVE_WITH_KNOTS('',3,(#2763,#2764,#2765,#2766,#2767,#2768,
#2769,#2770,#2771,#2772,#2773,#2774,#2775,#2776,#2777,#2778,#2779,#2780,
#2781,#2782,#2783,#2784,#2785,#2786,#2787,#2788,#2789,#2790,#2791,#2792,
#2793,#2794,#2795,#2796,#2797,#2798,#2799,#2800,#2801,#2802,#2803,#2804,
#2805,#2806,#2807,#2808,#2809,#2810,#2811,#2812,#2813,#2814,#2815,#2816,
#2817,#2818,#2819,#2820,#2821,#2822,#2823,#2824,#2825,#2826,#2827,#2828,
#2829,#2830,#2831),.UNSPECIFIED.,.F.,.F.,(4,1,1,1,1,1,1,1,1,1,1,1,1,1,1,
1,1,1,1,1,1,1,1,1,1,1,1,1,1,1,1,1,1,1,1,1,1,1,1,1,1,1,1,1,1,1,1,1,1,1,1,
1,1,1,1,1,1,1,1,1,1,1,1,1,1,1,4),(0.,0.03125,0.0625,0.078125,0.09375,0.1015625,
0.109375,0.1171875,0.12109375,0.123046875,0.125,0.126953125,0.12890625,
0.1328125,0.140625,0.1484375,0.15625,0.171875,0.1875,0.21875,0.234375,0.2421875,
0.25,0.2578125,0.265625,0.28125,0.3125,0.34375,0.359375,0.375,0.390625,
0.40625,0.4375,0.5,0.5625,0.59375,0.609375,0.625,0.640625,0.65625,0.6875,
0.71875,0.734375,0.7421875,0.75,0.7578125,0.765625,0.78125,0.8125,0.828125,
0.84375,0.8515625,0.859375,0.8671875,0.87109375,0.873046875,0.875,0.876953125,
0.87890625,0.8828125,0.890625,0.8984375,0.90625,0.921875,0.9375,0.96875,
1.),.UNSPECIFIED.);
#203=B_SPLINE_CURVE_WITH_KNOTS('',3,(#2833,#2834,#2835,#2836,#2837,#2838,
#2839,#2840,#2841,#2842,#2843,#2844,#2845,#2846,#2847,#2848,#2849,#2850,
#2851,#2852,#2853,#2854,#2855,#2856,#2857,#2858,#2859,#2860,#2861,#2862,
#2863,#2864,#2865,#2866,#2867,#2868,#2869,#2870,#2871,#2872,#2873,#2874,
#2875,#2876,#2877,#2878,#2879,#2880,#2881,#2882,#2883,#2884,#2885,#2886,
#2887,#2888,#2889,#2890,#2891,#2892,#2893,#2894,#2895,#2896,#2897,#2898,
#2899,#2900,#2901,#2902,#2903,#2904,#2905,#2906,#2907,#2908,#2909,#2910,
#2911,#2912,#2913,#2914,#2915,#2916,#2917,#2918,#2919,#2920,#2921,#2922,
#2923),.UNSPECIFIED.,.F.,.F.,(4,1,1,1,1,1,1,1,1,1,1,1,1,1,1,1,1,1,1,1,1,
1,1,1,1,1,1,1,1,1,1,1,1,1,1,1,1,1,1,1,1,1,1,1,1,1,1,1,1,1,1,1,1,1,1,1,1,
1,1,1,1,1,1,1,1,1,1,1,1,1,1,1,1,1,1,1,1,1,1,1,1,1,1,1,1,1,1,1,4),(0.,0.03125,
0.0625,0.078125,0.09375,0.109375,0.1171875,0.125,0.140625,0.15625,0.1875,
0.203125,0.21875,0.234375,0.2421875,0.24609375,0.25,0.25390625,0.2578125,
0.265625,0.28125,0.296875,0.3125,0.328125,0.34375,0.359375,0.3671875,0.37109375,
0.375,0.37890625,0.3828125,0.390625,0.40625,0.421875,0.4296875,0.4375,0.4453125,
0.453125,0.4609375,0.46875,0.4765625,0.484375,0.5,0.53125,0.5625,0.59375,
0.609375,0.625,0.640625,0.65625,0.6875,0.71875,0.734375,0.7421875,0.75,
0.7578125,0.765625,0.78125,0.796875,0.8046875,0.8125,0.81640625,0.8203125,
0.8212890625,0.822265625,0.82421875,0.828125,0.8359375,0.84375,0.859375,
0.8671875,0.875,0.87890625,0.8828125,0.88671875,0.890625,0.8916015625,0.892578125,
0.8935546875,0.89453125,0.896484375,0.8984375,0.90234375,0.90625,0.921875,
0.9375,0.953125,0.96875,1.),.UNSPECIFIED.);
#204=B_SPLINE_CURVE_WITH_KNOTS('',3,(#2925,#2926,#2927,#2928),
 .UNSPECIFIED.,.F.,.F.,(4,4),(0.,0.00209189088030141),.UNSPECIFIED.);
#205=B_SPLINE_CURVE_WITH_KNOTS('',3,(#2930,#2931,#2932,#2933),
 .UNSPECIFIED.,.F.,.F.,(4,4),(0.,0.00204110640418136),.UNSPECIFIED.);
#206=B_SPLINE_CURVE_WITH_KNOTS('',3,(#2934,#2935,#2936,#2937),
 .UNSPECIFIED.,.F.,.F.,(4,4),(0.,0.00204175893948565),.UNSPECIFIED.);
#207=B_SPLINE_CURVE_WITH_KNOTS('',3,(#2939,#2940,#2941,#2942),
 .UNSPECIFIED.,.F.,.F.,(4,4),(0.,0.00209187267805334),.UNSPECIFIED.);
#208=B_SPLINE_CURVE_WITH_KNOTS('',3,(#2954,#2955,#2956,#2957,#2958,#2959,
#2960),.UNSPECIFIED.,.F.,.F.,(4,1,1,1,4),(0.,0.0088229208123054,0.0176458416246108,
0.0264687624369162,0.0352916832492216),.UNSPECIFIED.);
#209=B_SPLINE_CURVE_WITH_KNOTS('',3,(#2964,#2965,#2966,#2967,#2968,#2969,
#2970,#2971,#2972,#2973,#2974,#2975,#2976,#2977,#2978,#2979,#2980,#2981,
#2982,#2983,#2984,#2985,#2986,#2987,#2988,#2989,#2990,#2991,#2992,#2993),
 .UNSPECIFIED.,.F.,.F.,(4,1,1,1,1,1,1,1,1,1,1,1,1,1,1,1,1,1,1,1,1,1,1,1,
1,1,1,4),(6.40719327914615E-5,0.062560067436992,0.125056062941193,0.156304060693293,
0.187552058445393,0.218800056197493,0.234424055073543,0.242236054511569,
0.250048053949594,0.257860053387619,0.265672052825644,0.281296051701694,
0.312544049453794,0.343792047205894,0.375040044957995,0.406288042710095,
0.437536040462195,0.468784038214295,0.484408037090346,0.500032035966396,
0.515656034842446,0.531280033718496,0.562528031470596,0.625024026974797,
0.687520022478997,0.750016017983198,0.875008008991599,1.),.UNSPECIFIED.);
#210=B_SPLINE_CURVE_WITH_KNOTS('',3,(#3005,#3006,#3007,#3008,#3009,#3010,
#3011),.UNSPECIFIED.,.F.,.F.,(4,1,1,1,4),(0.,0.00917375670880449,0.018347513417609,
0.0275212701264135,0.036695026835218),.UNSPECIFIED.);
#211=B_SPLINE_CURVE_WITH_KNOTS('',3,(#3012,#3013,#3014,#3015,#3016,#3017,
#3018,#3019,#3020,#3021,#3022,#3023,#3024),.UNSPECIFIED.,.F.,.F.,(4,1,1,
1,1,1,1,1,1,1,4),(6.3343007870298E-8,0.124999869719125,0.249999676095242,
0.374999482471359,0.437499385659418,0.499999288847476,0.562499192035535,
0.624999095223593,0.74999890159971,0.874998707975827,0.999998514351945),
 .UNSPECIFIED.);
#212=B_SPLINE_CURVE_WITH_KNOTS('',3,(#3033,#3034,#3035,#3036,#3037,#3038,
#3039,#3040,#3041),.UNSPECIFIED.,.F.,.F.,(4,1,1,1,1,1,4),(0.,0.00914999844702891,
0.0137249976705434,0.0182999968940578,0.0228749961175723,0.0274499953410867,
0.0365999937881156),.UNSPECIFIED.);
#213=B_SPLINE_CURVE_WITH_KNOTS('',3,(#3042,#3043,#3044,#3045,#3046,#3047,
#3048,#3049,#3050,#3051,#3052,#3053,#3054,#3055,#3056,#3057,#3058,#3059,
#3060,#3061,#3062,#3063,#3064,#3065,#3066,#3067,#3068),.UNSPECIFIED.,.F.,
 .F.,(4,1,1,1,1,1,1,1,1,1,1,1,1,1,1,1,1,1,1,1,1,1,1,1,4),(0.,0.0624943120606614,
0.124988624121323,0.187482936181984,0.218730092212315,0.23435367022748,
0.242165459235063,0.249977248242645,0.257789037250228,0.265600826257811,
0.281224404272976,0.312471560303307,0.343718716333638,0.374965872363968,
0.43746018442463,0.46870734045496,0.484330918470126,0.499954496485291,0.515578074500456,
0.531201652515622,0.562448808545952,0.624943120606614,0.749931744727936,
0.874920368849259,0.999908992970582),.UNSPECIFIED.);
#214=B_SPLINE_CURVE_WITH_KNOTS('',3,(#3080,#3081,#3082,#3083,#3084,#3085,
#3086),.UNSPECIFIED.,.F.,.F.,(4,1,1,1,4),(0.,0.0091737567088045,0.018347513417609,
0.0275212701264135,0.036695026835218),.UNSPECIFIED.);
#215=B_SPLINE_CURVE_WITH_KNOTS('',3,(#3090,#3091,#3092,#3093,#3094,#3095,
#3096,#3097,#3098,#3099,#3100,#3101,#3102),.UNSPECIFIED.,.F.,.F.,(4,1,1,
1,1,1,1,1,1,1,4),(1.50234289176403E-6,0.12500131455003,0.250001126757169,
0.375000938964307,0.437500845067877,0.500000751171446,0.562500657275015,
0.625000563378584,0.750000375585723,0.875000187792861,1.),.UNSPECIFIED.);
#216=B_SPLINE_CURVE_WITH_KNOTS('',3,(#3114,#3115,#3116,#3117,#3118,#3119,
#3120),.UNSPECIFIED.,.F.,.F.,(4,1,1,1,4),(0.,0.0088229208123054,0.0176458416246108,
0.0264687624369162,0.0352916832492216),.UNSPECIFIED.);
#217=B_SPLINE_CURVE_WITH_KNOTS('',3,(#3121,#3122,#3123,#3124,#3125,#3126,
#3127,#3128,#3129,#3130,#3131,#3132,#3133,#3134,#3135,#3136,#3137,#3138,
#3139,#3140,#3141,#3142,#3143,#3144,#3145,#3146,#3147,#3148,#3149,#3150),
 .UNSPECIFIED.,.F.,.F.,(4,1,1,1,1,1,1,1,1,1,1,1,1,1,1,1,1,1,1,1,1,1,1,1,
1,1,1,4),(0.,0.124998774042562,0.249997548085123,0.312496935106404,0.374996322127685,
0.437495709148966,0.468745402659606,0.484370249414927,0.499995096170247,
0.515619942925567,0.531244789680887,0.562494483191528,0.593744176702168,
0.624993870212808,0.656243563723449,0.687493257234089,0.71874295074473,
0.73436779750005,0.74218022087771,0.74999264425537,0.75780506763303,0.76561749101069,
0.781242337766011,0.812492031276651,0.843741724787291,0.874991418297932,
0.937490805319213,0.999990192340494),.UNSPECIFIED.);
#218=B_SPLINE_CURVE_WITH_KNOTS('',3,(#3159,#3160,#3161,#3162,#3163,#3164,
#3165,#3166,#3167),.UNSPECIFIED.,.F.,.F.,(4,1,1,1,1,1,4),(0.,0.0091499984470289,
0.0137249976705434,0.0182999968940578,0.0228749961175723,0.0274499953410867,
0.0365999937881156),.UNSPECIFIED.);
#219=B_SPLINE_CURVE_WITH_KNOTS('',3,(#3168,#3169,#3170,#3171,#3172,#3173,
#3174,#3175,#3176,#3177,#3178,#3179,#3180,#3181,#3182,#3183,#3184,#3185,
#3186,#3187,#3188,#3189,#3190,#3191,#3192,#3193,#3194,#3195,#3196,#3197,
#3198,#3199,#3200,#3201,#3202),.UNSPECIFIED.,.F.,.F.,(4,1,1,1,1,1,1,1,1,
1,1,1,1,1,1,1,1,1,1,1,1,1,1,1,1,1,1,1,1,1,1,1,4),(1.52714528441779E-7,0.0625001431698704,
0.125000133625212,0.187500124080554,0.218750119308225,0.234375116922061,
0.242187615728979,0.250000114535896,0.257812613342814,0.265625112149732,
0.281250109763567,0.312500104991238,0.343750100218909,0.37500009544658,
0.437500085901922,0.468750081129593,0.500000076357264,0.531250071584935,
0.562500066812606,0.625000057267948,0.656250052495619,0.68750004772329,
0.718750042950961,0.734375040564797,0.742187539371714,0.750000038178632,
0.75781253698555,0.765625035792468,0.781250033406303,0.812500028633974,
0.875000019089316,0.937500009544658,1.),.UNSPECIFIED.);
#220=B_SPLINE_CURVE_WITH_KNOTS('',3,(#3221,#3222,#3223,#3224),
 .UNSPECIFIED.,.F.,.F.,(4,4),(0.,0.00193872842087729),.UNSPECIFIED.);
#221=B_SPLINE_CURVE_WITH_KNOTS('',3,(#3226,#3227,#3228,#3229),
 .UNSPECIFIED.,.F.,.F.,(4,4),(0.,0.00134461023924908),.UNSPECIFIED.);
#222=B_SPLINE_CURVE_WITH_KNOTS('',3,(#3234,#3235,#3236,#3237,#3238,#3239,
#3240,#3241,#3242,#3243,#3244,#3245,#3246,#3247,#3248,#3249,#3250),
 .UNSPECIFIED.,.F.,.F.,(4,1,1,1,1,1,1,1,1,1,1,1,1,1,4),(0.,0.000268164788201443,
0.000536329576402886,0.00107265915280577,0.00160898872920866,0.00214531830561154,
0.00321797745841732,0.00429063661122309,0.00536329576402886,0.00643595491683463,
0.00858127322244618,0.0107265915280577,0.0128719098336693,0.0150172281392808,
0.0171625464448924),.UNSPECIFIED.);
#223=B_SPLINE_CURVE_WITH_KNOTS('',3,(#3254,#3255,#3256,#3257,#3258,#3259,
#3260,#3261,#3262,#3263,#3264,#3265,#3266,#3267,#3268,#3269,#3270),
 .UNSPECIFIED.,.F.,.F.,(4,1,1,1,1,1,1,1,1,1,1,1,1,1,4),(0.,0.00211823757487391,
0.00423647514974782,0.00635471272462172,0.00847295029949563,0.0105911878743695,
0.0116503066618065,0.0127094254492434,0.0137685442366804,0.0148276630241174,
0.0153572224178358,0.0158867818115543,0.0164163412052728,0.016681120902132,
0.0169459005989913),.UNSPECIFIED.);
#224=B_SPLINE_CURVE_WITH_KNOTS('',3,(#3271,#3272,#3273,#3274),
 .UNSPECIFIED.,.F.,.F.,(4,4),(0.,0.0015241448663729),.UNSPECIFIED.);
#225=B_SPLINE_CURVE_WITH_KNOTS('',3,(#3275,#3276,#3277,#3278),
 .UNSPECIFIED.,.F.,.F.,(4,4),(5.20417042793042E-18,0.00030378559005025),
 .UNSPECIFIED.);
#226=B_SPLINE_CURVE_WITH_KNOTS('',3,(#3280,#3281,#3282,#3283),
 .UNSPECIFIED.,.F.,.F.,(4,4),(5.42222503288884E-17,0.000487727640028347),
 .UNSPECIFIED.);
#227=B_SPLINE_CURVE_WITH_KNOTS('',3,(#3284,#3285,#3286,#3287),
 .UNSPECIFIED.,.F.,.F.,(4,4),(0.,0.000487727640023949),.UNSPECIFIED.);
#228=B_SPLINE_CURVE_WITH_KNOTS('',3,(#3289,#3290,#3291,#3292),
 .UNSPECIFIED.,.F.,.F.,(4,4),(0.,0.000303785590058257),.UNSPECIFIED.);
#229=B_SPLINE_CURVE_WITH_KNOTS('',3,(#3293,#3294,#3295,#3296),
 .UNSPECIFIED.,.F.,.F.,(4,4),(0.,0.0015241448663729),.UNSPECIFIED.);
#230=B_SPLINE_CURVE_WITH_KNOTS('',3,(#3302,#3303,#3304,#3305),
 .UNSPECIFIED.,.F.,.F.,(4,4),(0.,0.00134461023924908),.UNSPECIFIED.);
#231=B_SPLINE_CURVE_WITH_KNOTS('',3,(#3307,#3308,#3309,#3310),
 .UNSPECIFIED.,.F.,.F.,(4,4),(0.00152770393855183,0.00346727116138015),
 .UNSPECIFIED.);
#232=B_SPLINE_CURVE_WITH_KNOTS('',3,(#3340,#3341,#3342,#3343),
 .UNSPECIFIED.,.F.,.F.,(4,4),(0.,0.00414122734697753),.UNSPECIFIED.);
#233=B_SPLINE_CURVE_WITH_KNOTS('',3,(#3345,#3346,#3347,#3348),
 .UNSPECIFIED.,.F.,.F.,(4,4),(0.,0.00394550112932458),.UNSPECIFIED.);
#234=B_SPLINE_CURVE_WITH_KNOTS('',3,(#3349,#3350,#3351,#3352),
 .UNSPECIFIED.,.F.,.F.,(4,4),(5.20417042793042E-18,0.00394480232372261),
 .UNSPECIFIED.);
#235=B_SPLINE_CURVE_WITH_KNOTS('',3,(#3354,#3355,#3356,#3357),
 .UNSPECIFIED.,.F.,.F.,(4,4),(9.66476085078058E-17,0.00414130491216903),
 .UNSPECIFIED.);
#236=B_SPLINE_CURVE_WITH_KNOTS('',3,(#3373,#3374,#3375,#3376,#3377,#3378,
#3379,#3380,#3381),.UNSPECIFIED.,.F.,.F.,(4,1,1,1,1,1,4),(0.00522612215323111,
0.0112320446795763,0.0172379672059214,0.0292498122586117,0.0352557347849568,
0.041261657311302,0.0532735023639923),.UNSPECIFIED.);
#237=B_SPLINE_CURVE_WITH_KNOTS('',3,(#3460,#3461,#3462,#3463,#3464,#3465,
#3466,#3467,#3468,#3469,#3470,#3471,#3472,#3473,#3474,#3475,#3476,#3477,
#3478,#3479,#3480,#3481,#3482,#3483,#3484,#3485,#3486,#3487,#3488,#3489,
#3490,#3491,#3492,#3493,#3494,#3495,#3496,#3497,#3498),.UNSPECIFIED.,.F.,
 .F.,(4,1,1,1,1,1,1,1,1,1,1,1,1,1,1,1,1,1,1,1,1,1,1,1,1,1,1,1,1,1,1,1,1,
1,1,1,4),(0.,0.0625,0.125,0.15625,0.1875,0.21875,0.234375,0.2421875,0.25,
0.2578125,0.265625,0.28125,0.3125,0.34375,0.375,0.4375,0.46875,0.484375,
0.5,0.515625,0.53125,0.5625,0.625,0.6875,0.71875,0.734375,0.75,0.765625,
0.78125,0.8125,0.84375,0.859375,0.875,0.890625,0.90625,0.9375,1.),
 .UNSPECIFIED.);
#238=B_SPLINE_CURVE_WITH_KNOTS('',3,(#3499,#3500,#3501,#3502,#3503,#3504,
#3505,#3506,#3507,#3508,#3509,#3510,#3511,#3512,#3513,#3514,#3515,#3516,
#3517,#3518,#3519,#3520,#3521,#3522,#3523),.UNSPECIFIED.,.F.,.F.,(4,1,1,
1,1,1,1,1,1,1,1,1,1,1,1,1,1,1,1,1,1,1,4),(0.,0.0625,0.09375,0.125,0.15625,
0.1875,0.21875,0.25,0.28125,0.3125,0.375,0.5,0.5625,0.625,0.6875,0.71875,
0.734375,0.75,0.765625,0.78125,0.8125,0.875,1.),.UNSPECIFIED.);
#239=B_SPLINE_CURVE_WITH_KNOTS('',3,(#3590,#3591,#3592,#3593,#3594,#3595,
#3596,#3597,#3598,#3599,#3600,#3601,#3602,#3603,#3604,#3605,#3606,#3607),
 .UNSPECIFIED.,.F.,.F.,(4,1,1,1,1,1,1,1,1,1,1,1,1,1,1,4),(0.,0.125,0.1875,
0.21875,0.25,0.28125,0.3125,0.375,0.4375,0.46875,0.5,0.53125,0.5625,0.625,
0.75,1.),.UNSPECIFIED.);
#240=B_SPLINE_CURVE_WITH_KNOTS('',3,(#3752,#3753,#3754,#3755,#3756,#3757,
#3758,#3759,#3760,#3761,#3762,#3763,#3764,#3765,#3766,#3767,#3768,#3769,
#3770,#3771,#3772,#3773,#3774,#3775,#3776),.UNSPECIFIED.,.F.,.F.,(4,1,1,
1,1,1,1,1,1,1,1,1,1,1,1,1,1,1,1,1,1,1,4),(0.,0.125,0.1875,0.21875,0.234375,
0.25,0.265625,0.28125,0.3125,0.375,0.4375,0.5,0.625,0.6875,0.71875,0.75,
0.78125,0.8125,0.84375,0.875,0.90625,0.9375,1.),.UNSPECIFIED.);
#241=B_SPLINE_CURVE_WITH_KNOTS('',3,(#3777,#3778,#3779,#3780,#3781,#3782,
#3783,#3784,#3785,#3786,#3787,#3788,#3789,#3790,#3791,#3792,#3793,#3794,
#3795,#3796,#3797,#3798,#3799,#3800,#3801,#3802,#3803,#3804,#3805,#3806,
#3807,#3808,#3809,#3810,#3811,#3812,#3813,#3814,#3815),.UNSPECIFIED.,.F.,
 .F.,(4,1,1,1,1,1,1,1,1,1,1,1,1,1,1,1,1,1,1,1,1,1,1,1,1,1,1,1,1,1,1,1,1,
1,1,1,4),(0.,0.0625,0.09375,0.109375,0.125,0.140625,0.15625,0.1875,0.21875,
0.234375,0.25,0.265625,0.28125,0.3125,0.375,0.4375,0.46875,0.484375,0.5,
0.515625,0.53125,0.5625,0.625,0.65625,0.6875,0.71875,0.734375,0.7421875,
0.75,0.7578125,0.765625,0.78125,0.8125,0.84375,0.875,0.9375,1.),
 .UNSPECIFIED.);
#242=B_SPLINE_CURVE_WITH_KNOTS('',3,(#3882,#3883,#3884,#3885,#3886,#3887,
#3888,#3889,#3890,#3891,#3892,#3893,#3894,#3895,#3896,#3897,#3898,#3899),
 .UNSPECIFIED.,.F.,.F.,(4,1,1,1,1,1,1,1,1,1,1,1,1,1,1,4),(0.,0.125,0.1875,
0.21875,0.25,0.28125,0.3125,0.375,0.4375,0.46875,0.5,0.53125,0.5625,0.625,
0.75,1.),.UNSPECIFIED.);
#243=B_SPLINE_CURVE_WITH_KNOTS('',3,(#4008,#4009,#4010,#4011,#4012,#4013,
#4014,#4015),.UNSPECIFIED.,.F.,.F.,(4,1,1,1,1,4),(0.0201884756812804,0.0210422612847565,
0.0218960468882325,0.0236036180951846,0.0253111893021366,0.0270187605090887),
 .UNSPECIFIED.);
#244=B_SPLINE_CURVE_WITH_KNOTS('',3,(#4016,#4017,#4018,#4019,#4020,#4021,
#4022,#4023,#4024),.UNSPECIFIED.,.F.,.F.,(4,1,1,1,1,1,4),(0.0170926843017019,
0.0185089598530145,0.0199252354043272,0.0213415109556398,0.0227577865069525,
0.0255903376095778,0.0284228887122031),.UNSPECIFIED.);
#245=B_SPLINE_CURVE_WITH_KNOTS('',3,(#4064,#4065,#4066,#4067,#4068,#4069,
#4070,#4071),.UNSPECIFIED.,.F.,.F.,(4,1,1,1,1,4),(0.0101597282286809,0.0121754759389137,
0.0141912236491465,0.0162069713593793,0.0172148452144957,0.0182227190696121),
 .UNSPECIFIED.);
#246=B_SPLINE_CURVE_WITH_KNOTS('',3,(#4073,#4074,#4075,#4076),
 .UNSPECIFIED.,.F.,.F.,(4,4),(-1.41837237307461E-5,0.0042155442601764),
 .UNSPECIFIED.);
#247=B_SPLINE_CURVE_WITH_KNOTS('',3,(#4116,#4117,#4118,#4119,#4120),
 .UNSPECIFIED.,.F.,.F.,(4,1,4),(0.00872151919866675,0.0124577505541853,
0.0161939819097038),.UNSPECIFIED.);
#248=B_SPLINE_CURVE_WITH_KNOTS('',3,(#4133,#4134,#4135,#4136),
 .UNSPECIFIED.,.F.,.F.,(4,4),(0.0263569899679731,0.0357126774266663),
 .UNSPECIFIED.);
#249=B_SPLINE_CURVE_WITH_KNOTS('',3,(#4173,#4174,#4175,#4176,#4177,#4178,
#4179,#4180,#4181),.UNSPECIFIED.,.F.,.F.,(4,1,1,1,1,1,4),(0.0170926843017019,
0.0185089598530146,0.0199252354043273,0.0213415109556399,0.0227577865069526,
0.025590337609578,0.0284228887122034),.UNSPECIFIED.);
#250=B_SPLINE_CURVE_WITH_KNOTS('',3,(#4182,#4183,#4184,#4185,#4186,#4187,
#4188,#4189),.UNSPECIFIED.,.F.,.F.,(4,1,1,1,1,4),(0.0134198357813188,0.0151119957563093,
0.0168041557312997,0.0184963157062901,0.0193423956937854,0.0201884756812806),
 .UNSPECIFIED.);
#251=B_SPLINE_CURVE_WITH_KNOTS('',3,(#4229,#4230,#4231,#4232,#4233,#4234,
#4235,#4236),.UNSPECIFIED.,.F.,.F.,(4,1,1,1,1,4),(0.0182227190696121,0.0192395029319072,
0.0202562867942023,0.0222898545187926,0.0243234222433829,0.0263569899679731),
 .UNSPECIFIED.);
#252=B_SPLINE_CURVE_WITH_KNOTS('',3,(#4249,#4250,#4251,#4252),
 .UNSPECIFIED.,.F.,.F.,(4,4),(0.00514781901393586,0.00884748344418738),
 .UNSPECIFIED.);
#253=B_SPLINE_CURVE_WITH_KNOTS('',3,(#4292,#4293,#4294,#4295),
 .UNSPECIFIED.,.F.,.F.,(4,4),(-1.4183723730758E-5,0.00421554426017643),
 .UNSPECIFIED.);
#254=B_SPLINE_CURVE_WITH_KNOTS('',3,(#4308,#4309,#4310,#4311),
 .UNSPECIFIED.,.F.,.F.,(4,4),(0.000939235218502512,0.0101597282286809),
 .UNSPECIFIED.);
#255=ORIENTED_EDGE('',*,*,#681,.T.);
#256=ORIENTED_EDGE('',*,*,#682,.T.);
#257=ORIENTED_EDGE('',*,*,#683,.T.);
#258=ORIENTED_EDGE('',*,*,#684,.T.);
#259=ORIENTED_EDGE('',*,*,#685,.F.);
#260=ORIENTED_EDGE('',*,*,#686,.F.);
#261=ORIENTED_EDGE('',*,*,#687,.T.);
#262=ORIENTED_EDGE('',*,*,#688,.T.);
#263=ORIENTED_EDGE('',*,*,#689,.T.);
#264=ORIENTED_EDGE('',*,*,#690,.F.);
#265=ORIENTED_EDGE('',*,*,#691,.T.);
#266=ORIENTED_EDGE('',*,*,#692,.T.);
#267=ORIENTED_EDGE('',*,*,#693,.T.);
#268=ORIENTED_EDGE('',*,*,#694,.T.);
#269=ORIENTED_EDGE('',*,*,#695,.F.);
#270=ORIENTED_EDGE('',*,*,#696,.F.);
#271=ORIENTED_EDGE('',*,*,#697,.T.);
#272=ORIENTED_EDGE('',*,*,#698,.T.);
#273=ORIENTED_EDGE('',*,*,#699,.F.);
#274=ORIENTED_EDGE('',*,*,#700,.F.);
#275=ORIENTED_EDGE('',*,*,#701,.F.);
#276=ORIENTED_EDGE('',*,*,#702,.F.);
#277=ORIENTED_EDGE('',*,*,#703,.F.);
#278=ORIENTED_EDGE('',*,*,#704,.F.);
#279=ORIENTED_EDGE('',*,*,#705,.T.);
#280=ORIENTED_EDGE('',*,*,#706,.T.);
#281=ORIENTED_EDGE('',*,*,#707,.T.);
#282=ORIENTED_EDGE('',*,*,#708,.F.);
#283=ORIENTED_EDGE('',*,*,#709,.F.);
#284=ORIENTED_EDGE('',*,*,#710,.F.);
#285=ORIENTED_EDGE('',*,*,#711,.F.);
#286=ORIENTED_EDGE('',*,*,#712,.F.);
#287=ORIENTED_EDGE('',*,*,#713,.F.);
#288=ORIENTED_EDGE('',*,*,#714,.F.);
#289=ORIENTED_EDGE('',*,*,#715,.T.);
#290=ORIENTED_EDGE('',*,*,#716,.F.);
#291=ORIENTED_EDGE('',*,*,#717,.T.);
#292=ORIENTED_EDGE('',*,*,#718,.F.);
#293=ORIENTED_EDGE('',*,*,#719,.T.);
#294=ORIENTED_EDGE('',*,*,#720,.T.);
#295=ORIENTED_EDGE('',*,*,#721,.T.);
#296=ORIENTED_EDGE('',*,*,#714,.T.);
#297=ORIENTED_EDGE('',*,*,#722,.F.);
#298=ORIENTED_EDGE('',*,*,#723,.F.);
#299=ORIENTED_EDGE('',*,*,#724,.F.);
#300=ORIENTED_EDGE('',*,*,#725,.T.);
#301=ORIENTED_EDGE('',*,*,#719,.F.);
#302=ORIENTED_EDGE('',*,*,#726,.T.);
#303=ORIENTED_EDGE('',*,*,#727,.T.);
#304=ORIENTED_EDGE('',*,*,#728,.T.);
#305=ORIENTED_EDGE('',*,*,#727,.F.);
#306=ORIENTED_EDGE('',*,*,#729,.F.);
#307=ORIENTED_EDGE('',*,*,#730,.T.);
#308=ORIENTED_EDGE('',*,*,#731,.T.);
#309=ORIENTED_EDGE('',*,*,#730,.F.);
#310=ORIENTED_EDGE('',*,*,#732,.F.);
#311=ORIENTED_EDGE('',*,*,#733,.T.);
#312=ORIENTED_EDGE('',*,*,#734,.F.);
#313=ORIENTED_EDGE('',*,*,#733,.F.);
#314=ORIENTED_EDGE('',*,*,#735,.T.);
#315=ORIENTED_EDGE('',*,*,#736,.T.);
#316=ORIENTED_EDGE('',*,*,#737,.T.);
#317=ORIENTED_EDGE('',*,*,#738,.T.);
#318=ORIENTED_EDGE('',*,*,#739,.T.);
#319=ORIENTED_EDGE('',*,*,#736,.F.);
#320=ORIENTED_EDGE('',*,*,#740,.F.);
#321=ORIENTED_EDGE('',*,*,#741,.T.);
#322=ORIENTED_EDGE('',*,*,#742,.T.);
#323=ORIENTED_EDGE('',*,*,#737,.F.);
#324=ORIENTED_EDGE('',*,*,#743,.T.);
#325=ORIENTED_EDGE('',*,*,#744,.T.);
#326=ORIENTED_EDGE('',*,*,#706,.F.);
#327=ORIENTED_EDGE('',*,*,#707,.F.);
#328=ORIENTED_EDGE('',*,*,#744,.F.);
#329=ORIENTED_EDGE('',*,*,#745,.T.);
#330=ORIENTED_EDGE('',*,*,#746,.T.);
#331=ORIENTED_EDGE('',*,*,#747,.T.);
#332=ORIENTED_EDGE('',*,*,#708,.T.);
#333=ORIENTED_EDGE('',*,*,#746,.F.);
#334=ORIENTED_EDGE('',*,*,#748,.F.);
#335=ORIENTED_EDGE('',*,*,#749,.T.);
#336=ORIENTED_EDGE('',*,*,#750,.T.);
#337=ORIENTED_EDGE('',*,*,#717,.F.);
#338=ORIENTED_EDGE('',*,*,#751,.F.);
#339=ORIENTED_EDGE('',*,*,#752,.T.);
#340=ORIENTED_EDGE('',*,*,#753,.T.);
#341=ORIENTED_EDGE('',*,*,#754,.F.);
#342=ORIENTED_EDGE('',*,*,#700,.T.);
#343=ORIENTED_EDGE('',*,*,#755,.F.);
#344=ORIENTED_EDGE('',*,*,#701,.T.);
#345=ORIENTED_EDGE('',*,*,#756,.F.);
#346=ORIENTED_EDGE('',*,*,#702,.T.);
#347=ORIENTED_EDGE('',*,*,#757,.F.);
#348=ORIENTED_EDGE('',*,*,#703,.T.);
#349=ORIENTED_EDGE('',*,*,#758,.F.);
#350=ORIENTED_EDGE('',*,*,#709,.T.);
#351=ORIENTED_EDGE('',*,*,#759,.F.);
#352=ORIENTED_EDGE('',*,*,#710,.T.);
#353=ORIENTED_EDGE('',*,*,#760,.F.);
#354=ORIENTED_EDGE('',*,*,#711,.T.);
#355=ORIENTED_EDGE('',*,*,#761,.F.);
#356=ORIENTED_EDGE('',*,*,#712,.T.);
#357=ORIENTED_EDGE('',*,*,#762,.F.);
#358=ORIENTED_EDGE('',*,*,#713,.T.);
#359=ORIENTED_EDGE('',*,*,#763,.F.);
#360=ORIENTED_EDGE('',*,*,#764,.T.);
#361=ORIENTED_EDGE('',*,*,#765,.F.);
#362=ORIENTED_EDGE('',*,*,#766,.T.);
#363=ORIENTED_EDGE('',*,*,#767,.F.);
#364=ORIENTED_EDGE('',*,*,#768,.T.);
#365=ORIENTED_EDGE('',*,*,#769,.F.);
#366=ORIENTED_EDGE('',*,*,#770,.T.);
#367=ORIENTED_EDGE('',*,*,#771,.F.);
#368=ORIENTED_EDGE('',*,*,#772,.T.);
#369=ORIENTED_EDGE('',*,*,#773,.F.);
#370=ORIENTED_EDGE('',*,*,#774,.T.);
#371=ORIENTED_EDGE('',*,*,#775,.F.);
#372=ORIENTED_EDGE('',*,*,#776,.T.);
#373=ORIENTED_EDGE('',*,*,#777,.F.);
#374=ORIENTED_EDGE('',*,*,#778,.T.);
#375=ORIENTED_EDGE('',*,*,#779,.F.);
#376=ORIENTED_EDGE('',*,*,#780,.T.);
#377=ORIENTED_EDGE('',*,*,#781,.F.);
#378=ORIENTED_EDGE('',*,*,#782,.T.);
#379=ORIENTED_EDGE('',*,*,#783,.F.);
#380=ORIENTED_EDGE('',*,*,#784,.T.);
#381=ORIENTED_EDGE('',*,*,#718,.T.);
#382=ORIENTED_EDGE('',*,*,#753,.F.);
#383=ORIENTED_EDGE('',*,*,#785,.F.);
#384=ORIENTED_EDGE('',*,*,#722,.T.);
#385=ORIENTED_EDGE('',*,*,#786,.F.);
#386=ORIENTED_EDGE('',*,*,#699,.T.);
#387=ORIENTED_EDGE('',*,*,#752,.F.);
#388=ORIENTED_EDGE('',*,*,#787,.T.);
#389=ORIENTED_EDGE('',*,*,#748,.T.);
#390=ORIENTED_EDGE('',*,*,#745,.F.);
#391=ORIENTED_EDGE('',*,*,#743,.F.);
#392=ORIENTED_EDGE('',*,*,#740,.T.);
#393=ORIENTED_EDGE('',*,*,#735,.F.);
#394=ORIENTED_EDGE('',*,*,#732,.T.);
#395=ORIENTED_EDGE('',*,*,#729,.T.);
#396=ORIENTED_EDGE('',*,*,#726,.F.);
#397=ORIENTED_EDGE('',*,*,#723,.T.);
#398=ORIENTED_EDGE('',*,*,#785,.T.);
#399=ORIENTED_EDGE('',*,*,#783,.T.);
#400=ORIENTED_EDGE('',*,*,#781,.T.);
#401=ORIENTED_EDGE('',*,*,#779,.T.);
#402=ORIENTED_EDGE('',*,*,#777,.T.);
#403=ORIENTED_EDGE('',*,*,#775,.T.);
#404=ORIENTED_EDGE('',*,*,#773,.T.);
#405=ORIENTED_EDGE('',*,*,#771,.T.);
#406=ORIENTED_EDGE('',*,*,#769,.T.);
#407=ORIENTED_EDGE('',*,*,#767,.T.);
#408=ORIENTED_EDGE('',*,*,#765,.T.);
#409=ORIENTED_EDGE('',*,*,#763,.T.);
#410=ORIENTED_EDGE('',*,*,#762,.T.);
#411=ORIENTED_EDGE('',*,*,#761,.T.);
#412=ORIENTED_EDGE('',*,*,#760,.T.);
#413=ORIENTED_EDGE('',*,*,#759,.T.);
#414=ORIENTED_EDGE('',*,*,#758,.T.);
#415=ORIENTED_EDGE('',*,*,#757,.T.);
#416=ORIENTED_EDGE('',*,*,#756,.T.);
#417=ORIENTED_EDGE('',*,*,#755,.T.);
#418=ORIENTED_EDGE('',*,*,#754,.T.);
#419=ORIENTED_EDGE('',*,*,#786,.T.);
#420=ORIENTED_EDGE('',*,*,#788,.T.);
#421=ORIENTED_EDGE('',*,*,#789,.T.);
#422=ORIENTED_EDGE('',*,*,#790,.F.);
#423=ORIENTED_EDGE('',*,*,#791,.T.);
#424=ORIENTED_EDGE('',*,*,#792,.T.);
#425=ORIENTED_EDGE('',*,*,#724,.T.);
#426=ORIENTED_EDGE('',*,*,#728,.F.);
#427=ORIENTED_EDGE('',*,*,#731,.F.);
#428=ORIENTED_EDGE('',*,*,#734,.T.);
#429=ORIENTED_EDGE('',*,*,#739,.F.);
#430=ORIENTED_EDGE('',*,*,#784,.F.);
#431=ORIENTED_EDGE('',*,*,#782,.F.);
#432=ORIENTED_EDGE('',*,*,#780,.F.);
#433=ORIENTED_EDGE('',*,*,#778,.F.);
#434=ORIENTED_EDGE('',*,*,#776,.F.);
#435=ORIENTED_EDGE('',*,*,#774,.F.);
#436=ORIENTED_EDGE('',*,*,#772,.F.);
#437=ORIENTED_EDGE('',*,*,#770,.F.);
#438=ORIENTED_EDGE('',*,*,#768,.F.);
#439=ORIENTED_EDGE('',*,*,#766,.F.);
#440=ORIENTED_EDGE('',*,*,#764,.F.);
#441=ORIENTED_EDGE('',*,*,#751,.T.);
#442=ORIENTED_EDGE('',*,*,#716,.T.);
#443=ORIENTED_EDGE('',*,*,#793,.T.);
#444=ORIENTED_EDGE('',*,*,#794,.T.);
#445=ORIENTED_EDGE('',*,*,#790,.T.);
#446=ORIENTED_EDGE('',*,*,#795,.T.);
#447=ORIENTED_EDGE('',*,*,#796,.T.);
#448=ORIENTED_EDGE('',*,*,#704,.T.);
#449=ORIENTED_EDGE('',*,*,#749,.F.);
#450=ORIENTED_EDGE('',*,*,#787,.F.);
#451=ORIENTED_EDGE('',*,*,#797,.F.);
#452=ORIENTED_EDGE('',*,*,#798,.T.);
#453=ORIENTED_EDGE('',*,*,#799,.T.);
#454=ORIENTED_EDGE('',*,*,#800,.T.);
#455=ORIENTED_EDGE('',*,*,#801,.F.);
#456=ORIENTED_EDGE('',*,*,#802,.T.);
#457=ORIENTED_EDGE('',*,*,#797,.T.);
#458=ORIENTED_EDGE('',*,*,#803,.T.);
#459=ORIENTED_EDGE('',*,*,#799,.F.);
#460=ORIENTED_EDGE('',*,*,#804,.T.);
#461=ORIENTED_EDGE('',*,*,#801,.T.);
#462=ORIENTED_EDGE('',*,*,#805,.T.);
#463=ORIENTED_EDGE('',*,*,#806,.F.);
#464=ORIENTED_EDGE('',*,*,#807,.T.);
#465=ORIENTED_EDGE('',*,*,#808,.T.);
#466=ORIENTED_EDGE('',*,*,#809,.T.);
#467=ORIENTED_EDGE('',*,*,#810,.F.);
#468=ORIENTED_EDGE('',*,*,#811,.T.);
#469=ORIENTED_EDGE('',*,*,#806,.T.);
#470=ORIENTED_EDGE('',*,*,#812,.T.);
#471=ORIENTED_EDGE('',*,*,#808,.F.);
#472=ORIENTED_EDGE('',*,*,#813,.T.);
#473=ORIENTED_EDGE('',*,*,#810,.T.);
#474=ORIENTED_EDGE('',*,*,#814,.T.);
#475=ORIENTED_EDGE('',*,*,#815,.T.);
#476=ORIENTED_EDGE('',*,*,#816,.T.);
#477=ORIENTED_EDGE('',*,*,#817,.T.);
#478=ORIENTED_EDGE('',*,*,#818,.T.);
#479=ORIENTED_EDGE('',*,*,#686,.T.);
#480=ORIENTED_EDGE('',*,*,#819,.F.);
#481=ORIENTED_EDGE('',*,*,#820,.F.);
#482=ORIENTED_EDGE('',*,*,#821,.T.);
#483=ORIENTED_EDGE('',*,*,#819,.T.);
#484=ORIENTED_EDGE('',*,*,#685,.T.);
#485=ORIENTED_EDGE('',*,*,#822,.F.);
#486=ORIENTED_EDGE('',*,*,#823,.T.);
#487=ORIENTED_EDGE('',*,*,#820,.T.);
#488=ORIENTED_EDGE('',*,*,#684,.F.);
#489=ORIENTED_EDGE('',*,*,#824,.T.);
#490=ORIENTED_EDGE('',*,*,#825,.T.);
#491=ORIENTED_EDGE('',*,*,#826,.F.);
#492=ORIENTED_EDGE('',*,*,#827,.T.);
#493=ORIENTED_EDGE('',*,*,#828,.F.);
#494=ORIENTED_EDGE('',*,*,#829,.T.);
#495=ORIENTED_EDGE('',*,*,#822,.T.);
#496=ORIENTED_EDGE('',*,*,#830,.T.);
#497=ORIENTED_EDGE('',*,*,#690,.T.);
#498=ORIENTED_EDGE('',*,*,#831,.T.);
#499=ORIENTED_EDGE('',*,*,#832,.T.);
#500=ORIENTED_EDGE('',*,*,#695,.T.);
#501=ORIENTED_EDGE('',*,*,#833,.T.);
#502=ORIENTED_EDGE('',*,*,#834,.T.);
#503=ORIENTED_EDGE('',*,*,#696,.T.);
#504=ORIENTED_EDGE('',*,*,#835,.T.);
#505=ORIENTED_EDGE('',*,*,#836,.F.);
#506=ORIENTED_EDGE('',*,*,#837,.T.);
#507=ORIENTED_EDGE('',*,*,#826,.T.);
#508=ORIENTED_EDGE('',*,*,#838,.T.);
#509=ORIENTED_EDGE('',*,*,#839,.T.);
#510=ORIENTED_EDGE('',*,*,#840,.T.);
#511=ORIENTED_EDGE('',*,*,#841,.F.);
#512=ORIENTED_EDGE('',*,*,#842,.T.);
#513=ORIENTED_EDGE('',*,*,#836,.T.);
#514=ORIENTED_EDGE('',*,*,#843,.T.);
#515=ORIENTED_EDGE('',*,*,#844,.T.);
#516=ORIENTED_EDGE('',*,*,#845,.T.);
#517=ORIENTED_EDGE('',*,*,#846,.T.);
#518=ORIENTED_EDGE('',*,*,#841,.T.);
#519=ORIENTED_EDGE('',*,*,#847,.F.);
#520=ORIENTED_EDGE('',*,*,#848,.F.);
#521=ORIENTED_EDGE('',*,*,#849,.T.);
#522=ORIENTED_EDGE('',*,*,#681,.F.);
#523=ORIENTED_EDGE('',*,*,#850,.T.);
#524=ORIENTED_EDGE('',*,*,#851,.F.);
#525=ORIENTED_EDGE('',*,*,#818,.F.);
#526=ORIENTED_EDGE('',*,*,#852,.T.);
#527=ORIENTED_EDGE('',*,*,#848,.T.);
#528=ORIENTED_EDGE('',*,*,#853,.F.);
#529=ORIENTED_EDGE('',*,*,#854,.T.);
#530=ORIENTED_EDGE('',*,*,#855,.T.);
#531=ORIENTED_EDGE('',*,*,#689,.F.);
#532=ORIENTED_EDGE('',*,*,#856,.T.);
#533=ORIENTED_EDGE('',*,*,#857,.T.);
#534=ORIENTED_EDGE('',*,*,#682,.F.);
#535=ORIENTED_EDGE('',*,*,#828,.T.);
#536=ORIENTED_EDGE('',*,*,#858,.T.);
#537=ORIENTED_EDGE('',*,*,#859,.T.);
#538=ORIENTED_EDGE('',*,*,#860,.T.);
#539=ORIENTED_EDGE('',*,*,#861,.T.);
#540=ORIENTED_EDGE('',*,*,#862,.T.);
#541=ORIENTED_EDGE('',*,*,#863,.T.);
#542=ORIENTED_EDGE('',*,*,#864,.T.);
#543=ORIENTED_EDGE('',*,*,#850,.F.);
#544=ORIENTED_EDGE('',*,*,#849,.F.);
#545=ORIENTED_EDGE('',*,*,#851,.T.);
#546=ORIENTED_EDGE('',*,*,#840,.F.);
#547=ORIENTED_EDGE('',*,*,#865,.T.);
#548=ORIENTED_EDGE('',*,*,#853,.T.);
#549=ORIENTED_EDGE('',*,*,#847,.T.);
#550=ORIENTED_EDGE('',*,*,#843,.F.);
#551=ORIENTED_EDGE('',*,*,#866,.F.);
#552=ORIENTED_EDGE('',*,*,#800,.F.);
#553=ORIENTED_EDGE('',*,*,#867,.F.);
#554=ORIENTED_EDGE('',*,*,#788,.F.);
#555=ORIENTED_EDGE('',*,*,#738,.F.);
#556=ORIENTED_EDGE('',*,*,#742,.F.);
#557=ORIENTED_EDGE('',*,*,#867,.T.);
#558=ORIENTED_EDGE('',*,*,#805,.F.);
#559=ORIENTED_EDGE('',*,*,#868,.F.);
#560=ORIENTED_EDGE('',*,*,#795,.F.);
#561=ORIENTED_EDGE('',*,*,#789,.F.);
#562=ORIENTED_EDGE('',*,*,#741,.F.);
#563=ORIENTED_EDGE('',*,*,#705,.F.);
#564=ORIENTED_EDGE('',*,*,#796,.F.);
#565=ORIENTED_EDGE('',*,*,#868,.T.);
#566=ORIENTED_EDGE('',*,*,#803,.F.);
#567=ORIENTED_EDGE('',*,*,#866,.T.);
#568=ORIENTED_EDGE('',*,*,#869,.F.);
#569=ORIENTED_EDGE('',*,*,#812,.F.);
#570=ORIENTED_EDGE('',*,*,#870,.F.);
#571=ORIENTED_EDGE('',*,*,#720,.F.);
#572=ORIENTED_EDGE('',*,*,#725,.F.);
#573=ORIENTED_EDGE('',*,*,#792,.F.);
#574=ORIENTED_EDGE('',*,*,#870,.T.);
#575=ORIENTED_EDGE('',*,*,#809,.F.);
#576=ORIENTED_EDGE('',*,*,#871,.F.);
#577=ORIENTED_EDGE('',*,*,#793,.F.);
#578=ORIENTED_EDGE('',*,*,#715,.F.);
#579=ORIENTED_EDGE('',*,*,#721,.F.);
#580=ORIENTED_EDGE('',*,*,#869,.T.);
#581=ORIENTED_EDGE('',*,*,#791,.F.);
#582=ORIENTED_EDGE('',*,*,#794,.F.);
#583=ORIENTED_EDGE('',*,*,#871,.T.);
#584=ORIENTED_EDGE('',*,*,#814,.F.);
#585=ORIENTED_EDGE('',*,*,#872,.F.);
#586=ORIENTED_EDGE('',*,*,#807,.F.);
#587=ORIENTED_EDGE('',*,*,#873,.F.);
#588=ORIENTED_EDGE('',*,*,#824,.F.);
#589=ORIENTED_EDGE('',*,*,#683,.F.);
#590=ORIENTED_EDGE('',*,*,#857,.F.);
#591=ORIENTED_EDGE('',*,*,#873,.T.);
#592=ORIENTED_EDGE('',*,*,#811,.F.);
#593=ORIENTED_EDGE('',*,*,#874,.F.);
#594=ORIENTED_EDGE('',*,*,#875,.F.);
#595=ORIENTED_EDGE('',*,*,#691,.F.);
#596=ORIENTED_EDGE('',*,*,#830,.F.);
#597=ORIENTED_EDGE('',*,*,#825,.F.);
#598=ORIENTED_EDGE('',*,*,#856,.F.);
#599=ORIENTED_EDGE('',*,*,#688,.F.);
#600=ORIENTED_EDGE('',*,*,#876,.F.);
#601=ORIENTED_EDGE('',*,*,#874,.T.);
#602=ORIENTED_EDGE('',*,*,#813,.F.);
#603=ORIENTED_EDGE('',*,*,#872,.T.);
#604=ORIENTED_EDGE('',*,*,#692,.F.);
#605=ORIENTED_EDGE('',*,*,#875,.T.);
#606=ORIENTED_EDGE('',*,*,#877,.F.);
#607=ORIENTED_EDGE('',*,*,#831,.F.);
#608=ORIENTED_EDGE('',*,*,#878,.F.);
#609=ORIENTED_EDGE('',*,*,#802,.F.);
#610=ORIENTED_EDGE('',*,*,#879,.F.);
#611=ORIENTED_EDGE('',*,*,#854,.F.);
#612=ORIENTED_EDGE('',*,*,#865,.F.);
#613=ORIENTED_EDGE('',*,*,#839,.F.);
#614=ORIENTED_EDGE('',*,*,#879,.T.);
#615=ORIENTED_EDGE('',*,*,#804,.F.);
#616=ORIENTED_EDGE('',*,*,#880,.F.);
#617=ORIENTED_EDGE('',*,*,#876,.T.);
#618=ORIENTED_EDGE('',*,*,#687,.F.);
#619=ORIENTED_EDGE('',*,*,#855,.F.);
#620=ORIENTED_EDGE('',*,*,#832,.F.);
#621=ORIENTED_EDGE('',*,*,#877,.T.);
#622=ORIENTED_EDGE('',*,*,#881,.F.);
#623=ORIENTED_EDGE('',*,*,#693,.F.);
#624=ORIENTED_EDGE('',*,*,#835,.F.);
#625=ORIENTED_EDGE('',*,*,#698,.F.);
#626=ORIENTED_EDGE('',*,*,#882,.F.);
#627=ORIENTED_EDGE('',*,*,#880,.T.);
#628=ORIENTED_EDGE('',*,*,#798,.F.);
#629=ORIENTED_EDGE('',*,*,#878,.T.);
#630=ORIENTED_EDGE('',*,*,#838,.F.);
#631=ORIENTED_EDGE('',*,*,#694,.F.);
#632=ORIENTED_EDGE('',*,*,#881,.T.);
#633=ORIENTED_EDGE('',*,*,#883,.F.);
#634=ORIENTED_EDGE('',*,*,#833,.F.);
#635=ORIENTED_EDGE('',*,*,#883,.T.);
#636=ORIENTED_EDGE('',*,*,#882,.T.);
#637=ORIENTED_EDGE('',*,*,#697,.F.);
#638=ORIENTED_EDGE('',*,*,#834,.F.);
#639=ORIENTED_EDGE('',*,*,#829,.F.);
#640=ORIENTED_EDGE('',*,*,#864,.F.);
#641=ORIENTED_EDGE('',*,*,#884,.F.);
#642=ORIENTED_EDGE('',*,*,#823,.F.);
#643=ORIENTED_EDGE('',*,*,#884,.T.);
#644=ORIENTED_EDGE('',*,*,#863,.F.);
#645=ORIENTED_EDGE('',*,*,#885,.F.);
#646=ORIENTED_EDGE('',*,*,#821,.F.);
#647=ORIENTED_EDGE('',*,*,#885,.T.);
#648=ORIENTED_EDGE('',*,*,#862,.F.);
#649=ORIENTED_EDGE('',*,*,#886,.F.);
#650=ORIENTED_EDGE('',*,*,#817,.F.);
#651=ORIENTED_EDGE('',*,*,#815,.F.);
#652=ORIENTED_EDGE('',*,*,#886,.T.);
#653=ORIENTED_EDGE('',*,*,#861,.F.);
#654=ORIENTED_EDGE('',*,*,#887,.F.);
#655=ORIENTED_EDGE('',*,*,#852,.F.);
#656=ORIENTED_EDGE('',*,*,#887,.T.);
#657=ORIENTED_EDGE('',*,*,#860,.F.);
#658=ORIENTED_EDGE('',*,*,#888,.F.);
#659=ORIENTED_EDGE('',*,*,#846,.F.);
#660=ORIENTED_EDGE('',*,*,#844,.F.);
#661=ORIENTED_EDGE('',*,*,#888,.T.);
#662=ORIENTED_EDGE('',*,*,#859,.F.);
#663=ORIENTED_EDGE('',*,*,#889,.F.);
#664=ORIENTED_EDGE('',*,*,#842,.F.);
#665=ORIENTED_EDGE('',*,*,#827,.F.);
#666=ORIENTED_EDGE('',*,*,#837,.F.);
#667=ORIENTED_EDGE('',*,*,#889,.T.);
#668=ORIENTED_EDGE('',*,*,#858,.F.);
#669=ORIENTED_EDGE('',*,*,#845,.F.);
#670=ORIENTED_EDGE('',*,*,#890,.T.);
#671=ORIENTED_EDGE('',*,*,#890,.F.);
#672=ORIENTED_EDGE('',*,*,#891,.F.);
#673=ORIENTED_EDGE('',*,*,#816,.F.);
#674=ORIENTED_EDGE('',*,*,#891,.T.);
#675=ORIENTED_EDGE('',*,*,#750,.F.);
#676=ORIENTED_EDGE('',*,*,#892,.T.);
#677=ORIENTED_EDGE('',*,*,#892,.F.);
#678=ORIENTED_EDGE('',*,*,#893,.F.);
#679=ORIENTED_EDGE('',*,*,#747,.F.);
#680=ORIENTED_EDGE('',*,*,#893,.T.);
#681=EDGE_CURVE('',#894,#894,#1045,.T.);
#682=EDGE_CURVE('',#895,#896,#1046,.T.);
#683=EDGE_CURVE('',#896,#897,#183,.T.);
#684=EDGE_CURVE('',#897,#898,#83,.T.);
#685=EDGE_CURVE('',#899,#898,#1047,.T.);
#686=EDGE_CURVE('',#895,#899,#84,.T.);
#687=EDGE_CURVE('',#900,#901,#184,.T.);
#688=EDGE_CURVE('',#901,#902,#185,.T.);
#689=EDGE_CURVE('',#902,#900,#1048,.T.);
#690=EDGE_CURVE('',#903,#904,#1049,.T.);
#691=EDGE_CURVE('',#903,#905,#186,.T.);
#692=EDGE_CURVE('',#905,#904,#187,.T.);
#693=EDGE_CURVE('',#906,#907,#188,.T.);
#694=EDGE_CURVE('',#907,#908,#189,.T.);
#695=EDGE_CURVE('',#906,#908,#1050,.T.);
#696=EDGE_CURVE('',#909,#910,#1051,.T.);
#697=EDGE_CURVE('',#909,#911,#190,.T.);
#698=EDGE_CURVE('',#911,#910,#191,.T.);
#699=EDGE_CURVE('',#912,#912,#1052,.T.);
#700=EDGE_CURVE('',#913,#913,#1053,.T.);
#701=EDGE_CURVE('',#914,#914,#1054,.T.);
#702=EDGE_CURVE('',#915,#915,#1055,.T.);
#703=EDGE_CURVE('',#916,#916,#1056,.T.);
#704=EDGE_CURVE('',#917,#918,#1057,.T.);
#705=EDGE_CURVE('',#917,#919,#192,.T.);
#706=EDGE_CURVE('',#919,#920,#85,.T.);
#707=EDGE_CURVE('',#920,#921,#1058,.T.);
#708=EDGE_CURVE('',#918,#921,#86,.T.);
#709=EDGE_CURVE('',#922,#922,#1059,.T.);
#710=EDGE_CURVE('',#923,#923,#1060,.T.);
#711=EDGE_CURVE('',#924,#924,#1061,.T.);
#712=EDGE_CURVE('',#925,#925,#1062,.T.);
#713=EDGE_CURVE('',#926,#926,#1063,.T.);
#714=EDGE_CURVE('',#927,#928,#87,.T.);
#715=EDGE_CURVE('',#927,#929,#193,.T.);
#716=EDGE_CURVE('',#930,#929,#1064,.T.);
#717=EDGE_CURVE('',#930,#931,#88,.T.);
#718=EDGE_CURVE('',#928,#931,#1065,.T.);
#719=EDGE_CURVE('',#932,#933,#89,.T.);
#720=EDGE_CURVE('',#933,#934,#194,.T.);
#721=EDGE_CURVE('',#934,#927,#195,.T.);
#722=EDGE_CURVE('',#935,#928,#90,.T.);
#723=EDGE_CURVE('',#932,#935,#91,.T.);
#724=EDGE_CURVE('',#936,#937,#1066,.T.);
#725=EDGE_CURVE('',#936,#933,#196,.T.);
#726=EDGE_CURVE('',#932,#938,#1067,.T.);
#727=EDGE_CURVE('',#938,#937,#92,.T.);
#728=EDGE_CURVE('',#939,#937,#1068,.T.);
#729=EDGE_CURVE('',#940,#938,#1069,.T.);
#730=EDGE_CURVE('',#940,#939,#93,.T.);
#731=EDGE_CURVE('',#941,#939,#94,.T.);
#732=EDGE_CURVE('',#942,#940,#95,.T.);
#733=EDGE_CURVE('',#942,#941,#96,.T.);
#734=EDGE_CURVE('',#941,#943,#1070,.T.);
#735=EDGE_CURVE('',#942,#944,#1071,.T.);
#736=EDGE_CURVE('',#944,#943,#97,.T.);
#737=EDGE_CURVE('',#945,#946,#98,.T.);
#738=EDGE_CURVE('',#946,#947,#197,.T.);
#739=EDGE_CURVE('',#947,#943,#1072,.T.);
#740=EDGE_CURVE('',#945,#944,#1073,.T.);
#741=EDGE_CURVE('',#919,#948,#198,.T.);
#742=EDGE_CURVE('',#948,#946,#199,.T.);
#743=EDGE_CURVE('',#945,#949,#99,.T.);
#744=EDGE_CURVE('',#949,#920,#100,.T.);
#745=EDGE_CURVE('',#949,#950,#1074,.T.);
#746=EDGE_CURVE('',#950,#921,#101,.T.);
#747=EDGE_CURVE('',#951,#951,#37,.T.);
#748=EDGE_CURVE('',#952,#950,#102,.T.);
#749=EDGE_CURVE('',#952,#918,#103,.T.);
#750=EDGE_CURVE('',#953,#953,#38,.F.);
#751=EDGE_CURVE('',#954,#930,#104,.T.);
#752=EDGE_CURVE('',#954,#955,#105,.T.);
#753=EDGE_CURVE('',#955,#931,#106,.T.);
#754=EDGE_CURVE('',#956,#956,#1075,.T.);
#755=EDGE_CURVE('',#957,#957,#1076,.T.);
#756=EDGE_CURVE('',#958,#958,#1077,.T.);
#757=EDGE_CURVE('',#959,#959,#1078,.T.);
#758=EDGE_CURVE('',#960,#960,#1079,.T.);
#759=EDGE_CURVE('',#961,#961,#1080,.T.);
#760=EDGE_CURVE('',#962,#962,#1081,.T.);
#761=EDGE_CURVE('',#963,#963,#1082,.T.);
#762=EDGE_CURVE('',#964,#964,#1083,.T.);
#763=EDGE_CURVE('',#965,#965,#1084,.T.);
#764=EDGE_CURVE('',#966,#966,#1085,.T.);
#765=EDGE_CURVE('',#967,#967,#1086,.T.);
#766=EDGE_CURVE('',#968,#968,#1087,.T.);
#767=EDGE_CURVE('',#969,#969,#1088,.T.);
#768=EDGE_CURVE('',#970,#970,#1089,.T.);
#769=EDGE_CURVE('',#971,#971,#1090,.T.);
#770=EDGE_CURVE('',#972,#972,#1091,.T.);
#771=EDGE_CURVE('',#973,#973,#1092,.T.);
#772=EDGE_CURVE('',#974,#974,#1093,.T.);
#773=EDGE_CURVE('',#975,#975,#1094,.T.);
#774=EDGE_CURVE('',#976,#976,#1095,.T.);
#775=EDGE_CURVE('',#977,#977,#1096,.T.);
#776=EDGE_CURVE('',#978,#978,#1097,.T.);
#777=EDGE_CURVE('',#979,#979,#1098,.T.);
#778=EDGE_CURVE('',#980,#980,#1099,.T.);
#779=EDGE_CURVE('',#981,#981,#1100,.T.);
#780=EDGE_CURVE('',#982,#982,#1101,.T.);
#781=EDGE_CURVE('',#983,#983,#1102,.T.);
#782=EDGE_CURVE('',#984,#984,#1103,.T.);
#783=EDGE_CURVE('',#985,#985,#1104,.T.);
#784=EDGE_CURVE('',#986,#986,#1105,.T.);
#785=EDGE_CURVE('',#935,#955,#1106,.T.);
#786=EDGE_CURVE('',#987,#987,#1107,.T.);
#787=EDGE_CURVE('',#954,#952,#1108,.T.);
#788=EDGE_CURVE('',#947,#988,#200,.T.);
#789=EDGE_CURVE('',#988,#989,#201,.T.);
#790=EDGE_CURVE('',#990,#989,#1109,.T.);
#791=EDGE_CURVE('',#990,#991,#202,.T.);
#792=EDGE_CURVE('',#991,#936,#203,.T.);
#793=EDGE_CURVE('',#929,#992,#204,.T.);
#794=EDGE_CURVE('',#992,#990,#205,.T.);
#795=EDGE_CURVE('',#989,#993,#206,.T.);
#796=EDGE_CURVE('',#993,#917,#207,.T.);
#797=EDGE_CURVE('',#994,#995,#107,.T.);
#798=EDGE_CURVE('',#994,#996,#208,.T.);
#799=EDGE_CURVE('',#996,#997,#108,.T.);
#800=EDGE_CURVE('',#997,#995,#209,.T.);
#801=EDGE_CURVE('',#998,#999,#109,.T.);
#802=EDGE_CURVE('',#998,#994,#210,.T.);
#803=EDGE_CURVE('',#995,#999,#211,.T.);
#804=EDGE_CURVE('',#996,#998,#212,.T.);
#805=EDGE_CURVE('',#999,#997,#213,.T.);
#806=EDGE_CURVE('',#1000,#1001,#110,.T.);
#807=EDGE_CURVE('',#1000,#1002,#214,.T.);
#808=EDGE_CURVE('',#1002,#1003,#111,.T.);
#809=EDGE_CURVE('',#1003,#1001,#215,.T.);
#810=EDGE_CURVE('',#1004,#1005,#112,.T.);
#811=EDGE_CURVE('',#1004,#1000,#216,.T.);
#812=EDGE_CURVE('',#1001,#1005,#217,.T.);
#813=EDGE_CURVE('',#1002,#1004,#218,.T.);
#814=EDGE_CURVE('',#1005,#1003,#219,.T.);
#815=EDGE_CURVE('',#1006,#1007,#113,.F.);
#816=EDGE_CURVE('',#1007,#1007,#39,.T.);
#817=EDGE_CURVE('',#1007,#1008,#114,.F.);
#818=EDGE_CURVE('',#1008,#895,#115,.T.);
#819=EDGE_CURVE('',#1006,#899,#116,.T.);
#820=EDGE_CURVE('',#1009,#898,#117,.T.);
#821=EDGE_CURVE('',#1009,#1006,#1110,.F.);
#822=EDGE_CURVE('',#1010,#1011,#118,.T.);
#823=EDGE_CURVE('',#1010,#1009,#119,.T.);
#824=EDGE_CURVE('',#897,#1012,#220,.T.);
#825=EDGE_CURVE('',#1012,#1011,#221,.T.);
#826=EDGE_CURVE('',#1013,#1014,#120,.T.);
#827=EDGE_CURVE('',#1013,#1015,#222,.T.);
#828=EDGE_CURVE('',#1016,#1015,#1111,.T.);
#829=EDGE_CURVE('',#1016,#1010,#223,.T.);
#830=EDGE_CURVE('',#1011,#903,#224,.T.);
#831=EDGE_CURVE('',#904,#1017,#225,.T.);
#832=EDGE_CURVE('',#1017,#906,#226,.T.);
#833=EDGE_CURVE('',#908,#1018,#227,.T.);
#834=EDGE_CURVE('',#1018,#909,#228,.T.);
#835=EDGE_CURVE('',#910,#1014,#229,.T.);
#836=EDGE_CURVE('',#1019,#1020,#121,.T.);
#837=EDGE_CURVE('',#1019,#1013,#122,.F.);
#838=EDGE_CURVE('',#1014,#1021,#230,.T.);
#839=EDGE_CURVE('',#1021,#1022,#231,.T.);
#840=EDGE_CURVE('',#1022,#1020,#123,.T.);
#841=EDGE_CURVE('',#1023,#1024,#124,.T.);
#842=EDGE_CURVE('',#1023,#1019,#1112,.F.);
#843=EDGE_CURVE('',#1020,#1024,#1113,.T.);
#844=EDGE_CURVE('',#1025,#1026,#125,.T.);
#845=EDGE_CURVE('',#1026,#1026,#40,.F.);
#846=EDGE_CURVE('',#1026,#1023,#126,.T.);
#847=EDGE_CURVE('',#1027,#1024,#127,.T.);
#848=EDGE_CURVE('',#1025,#1027,#128,.T.);
#849=EDGE_CURVE('',#1028,#1028,#1114,.T.);
#850=EDGE_CURVE('',#1029,#1029,#1115,.T.);
#851=EDGE_CURVE('',#1030,#1030,#1116,.T.);
#852=EDGE_CURVE('',#1008,#1025,#1117,.T.);
#853=EDGE_CURVE('',#1031,#1027,#1118,.T.);
#854=EDGE_CURVE('',#1031,#1032,#232,.T.);
#855=EDGE_CURVE('',#1032,#900,#233,.T.);
#856=EDGE_CURVE('',#902,#1033,#234,.T.);
#857=EDGE_CURVE('',#1033,#896,#235,.T.);
#858=EDGE_CURVE('',#1015,#1034,#129,.T.);
#859=EDGE_CURVE('',#1034,#1035,#1119,.T.);
#860=EDGE_CURVE('',#1035,#1036,#130,.F.);
#861=EDGE_CURVE('',#1036,#1037,#1120,.F.);
#862=EDGE_CURVE('',#1037,#1038,#131,.T.);
#863=EDGE_CURVE('',#1038,#1039,#1121,.T.);
#864=EDGE_CURVE('',#1039,#1016,#132,.F.);
#865=EDGE_CURVE('',#1022,#1031,#236,.T.);
#866=EDGE_CURVE('',#995,#948,#237,.F.);
#867=EDGE_CURVE('',#988,#997,#238,.F.);
#868=EDGE_CURVE('',#993,#999,#239,.F.);
#869=EDGE_CURVE('',#1005,#991,#240,.F.);
#870=EDGE_CURVE('',#934,#1001,#241,.F.);
#871=EDGE_CURVE('',#992,#1003,#242,.F.);
#872=EDGE_CURVE('',#1002,#1033,#243,.T.);
#873=EDGE_CURVE('',#1012,#1000,#244,.F.);
#874=EDGE_CURVE('',#1040,#1004,#245,.T.);
#875=EDGE_CURVE('',#905,#1040,#246,.T.);
#876=EDGE_CURVE('',#1040,#901,#247,.T.);
#877=EDGE_CURVE('',#1017,#1040,#248,.F.);
#878=EDGE_CURVE('',#994,#1021,#249,.T.);
#879=EDGE_CURVE('',#1032,#998,#250,.T.);
#880=EDGE_CURVE('',#1040,#996,#251,.F.);
#881=EDGE_CURVE('',#907,#1040,#252,.F.);
#882=EDGE_CURVE('',#1040,#911,#253,.F.);
#883=EDGE_CURVE('',#1018,#1040,#254,.T.);
#884=EDGE_CURVE('',#1009,#1039,#1122,.T.);
#885=EDGE_CURVE('',#1006,#1038,#1123,.T.);
#886=EDGE_CURVE('',#1008,#1037,#1124,.T.);
#887=EDGE_CURVE('',#1025,#1036,#1125,.T.);
#888=EDGE_CURVE('',#1023,#1035,#1126,.T.);
#889=EDGE_CURVE('',#1019,#1034,#1127,.T.);
#890=EDGE_CURVE('',#1041,#1041,#1128,.T.);
#891=EDGE_CURVE('',#1042,#1042,#1129,.T.);
#892=EDGE_CURVE('',#1043,#1043,#1130,.T.);
#893=EDGE_CURVE('',#1044,#1044,#1131,.T.);
#894=VERTEX_POINT('',#2127);
#895=VERTEX_POINT('',#2129);
#896=VERTEX_POINT('',#2130);
#897=VERTEX_POINT('',#2140);
#898=VERTEX_POINT('',#2142);
#899=VERTEX_POINT('',#2144);
#900=VERTEX_POINT('',#2157);
#901=VERTEX_POINT('',#2158);
#902=VERTEX_POINT('',#2169);
#903=VERTEX_POINT('',#2173);
#904=VERTEX_POINT('',#2174);
#905=VERTEX_POINT('',#2184);
#906=VERTEX_POINT('',#2194);
#907=VERTEX_POINT('',#2195);
#908=VERTEX_POINT('',#2200);
#909=VERTEX_POINT('',#2204);
#910=VERTEX_POINT('',#2205);
#911=VERTEX_POINT('',#2210);
#912=VERTEX_POINT('',#2222);
#913=VERTEX_POINT('',#2224);
#914=VERTEX_POINT('',#2226);
#915=VERTEX_POINT('',#2228);
#916=VERTEX_POINT('',#2230);
#917=VERTEX_POINT('',#2232);
#918=VERTEX_POINT('',#2233);
#919=VERTEX_POINT('',#2313);
#920=VERTEX_POINT('',#2315);
#921=VERTEX_POINT('',#2317);
#922=VERTEX_POINT('',#2321);
#923=VERTEX_POINT('',#2323);
#924=VERTEX_POINT('',#2325);
#925=VERTEX_POINT('',#2327);
#926=VERTEX_POINT('',#2329);
#927=VERTEX_POINT('',#2331);
#928=VERTEX_POINT('',#2332);
#929=VERTEX_POINT('',#2419);
#930=VERTEX_POINT('',#2421);
#931=VERTEX_POINT('',#2423);
#932=VERTEX_POINT('',#2427);
#933=VERTEX_POINT('',#2428);
#934=VERTEX_POINT('',#2433);
#935=VERTEX_POINT('',#2439);
#936=VERTEX_POINT('',#2443);
#937=VERTEX_POINT('',#2444);
#938=VERTEX_POINT('',#2450);
#939=VERTEX_POINT('',#2454);
#940=VERTEX_POINT('',#2456);
#941=VERTEX_POINT('',#2460);
#942=VERTEX_POINT('',#2462);
#943=VERTEX_POINT('',#2466);
#944=VERTEX_POINT('',#2468);
#945=VERTEX_POINT('',#2472);
#946=VERTEX_POINT('',#2473);
#947=VERTEX_POINT('',#2478);
#948=VERTEX_POINT('',#2486);
#949=VERTEX_POINT('',#2492);
#950=VERTEX_POINT('',#2496);
#951=VERTEX_POINT('',#2500);
#952=VERTEX_POINT('',#2502);
#953=VERTEX_POINT('',#2506);
#954=VERTEX_POINT('',#2508);
#955=VERTEX_POINT('',#2510);
#956=VERTEX_POINT('',#2514);
#957=VERTEX_POINT('',#2517);
#958=VERTEX_POINT('',#2520);
#959=VERTEX_POINT('',#2523);
#960=VERTEX_POINT('',#2526);
#961=VERTEX_POINT('',#2529);
#962=VERTEX_POINT('',#2532);
#963=VERTEX_POINT('',#2535);
#964=VERTEX_POINT('',#2538);
#965=VERTEX_POINT('',#2541);
#966=VERTEX_POINT('',#2543);
#967=VERTEX_POINT('',#2546);
#968=VERTEX_POINT('',#2548);
#969=VERTEX_POINT('',#2551);
#970=VERTEX_POINT('',#2553);
#971=VERTEX_POINT('',#2556);
#972=VERTEX_POINT('',#2558);
#973=VERTEX_POINT('',#2561);
#974=VERTEX_POINT('',#2563);
#975=VERTEX_POINT('',#2566);
#976=VERTEX_POINT('',#2568);
#977=VERTEX_POINT('',#2571);
#978=VERTEX_POINT('',#2573);
#979=VERTEX_POINT('',#2576);
#980=VERTEX_POINT('',#2578);
#981=VERTEX_POINT('',#2581);
#982=VERTEX_POINT('',#2583);
#983=VERTEX_POINT('',#2586);
#984=VERTEX_POINT('',#2588);
#985=VERTEX_POINT('',#2591);
#986=VERTEX_POINT('',#2593);
#987=VERTEX_POINT('',#2598);
#988=VERTEX_POINT('',#2690);
#989=VERTEX_POINT('',#2760);
#990=VERTEX_POINT('',#2762);
#991=VERTEX_POINT('',#2832);
#992=VERTEX_POINT('',#2929);
#993=VERTEX_POINT('',#2938);
#994=VERTEX_POINT('',#2952);
#995=VERTEX_POINT('',#2953);
#996=VERTEX_POINT('',#2961);
#997=VERTEX_POINT('',#2963);
#998=VERTEX_POINT('',#3003);
#999=VERTEX_POINT('',#3004);
#1000=VERTEX_POINT('',#3078);
#1001=VERTEX_POINT('',#3079);
#1002=VERTEX_POINT('',#3087);
#1003=VERTEX_POINT('',#3089);
#1004=VERTEX_POINT('',#3112);
#1005=VERTEX_POINT('',#3113);
#1006=VERTEX_POINT('',#3205);
#1007=VERTEX_POINT('',#3206);
#1008=VERTEX_POINT('',#3209);
#1009=VERTEX_POINT('',#3214);
#1010=VERTEX_POINT('',#3218);
#1011=VERTEX_POINT('',#3219);
#1012=VERTEX_POINT('',#3225);
#1013=VERTEX_POINT('',#3232);
#1014=VERTEX_POINT('',#3233);
#1015=VERTEX_POINT('',#3251);
#1016=VERTEX_POINT('',#3253);
#1017=VERTEX_POINT('',#3279);
#1018=VERTEX_POINT('',#3288);
#1019=VERTEX_POINT('',#3299);
#1020=VERTEX_POINT('',#3300);
#1021=VERTEX_POINT('',#3306);
#1022=VERTEX_POINT('',#3311);
#1023=VERTEX_POINT('',#3315);
#1024=VERTEX_POINT('',#3316);
#1025=VERTEX_POINT('',#3321);
#1026=VERTEX_POINT('',#3322);
#1027=VERTEX_POINT('',#3326);
#1028=VERTEX_POINT('',#3330);
#1029=VERTEX_POINT('',#3333);
#1030=VERTEX_POINT('',#3335);
#1031=VERTEX_POINT('',#3339);
#1032=VERTEX_POINT('',#3344);
#1033=VERTEX_POINT('',#3353);
#1034=VERTEX_POINT('',#3360);
#1035=VERTEX_POINT('',#3362);
#1036=VERTEX_POINT('',#3364);
#1037=VERTEX_POINT('',#3366);
#1038=VERTEX_POINT('',#3368);
#1039=VERTEX_POINT('',#3370);
#1040=VERTEX_POINT('',#4072);
#1041=VERTEX_POINT('',#4339);
#1042=VERTEX_POINT('',#4343);
#1043=VERTEX_POINT('',#4347);
#1044=VERTEX_POINT('',#4351);
#1045=CIRCLE('',#1593,0.00425);
#1046=CIRCLE('',#1594,0.0342695722463146);
#1047=CIRCLE('',#1595,0.02);
#1048=CIRCLE('',#1597,0.0342695722463146);
#1049=CIRCLE('',#1599,0.0618119618848228);
#1050=CIRCLE('',#1601,0.0618119618848228);
#1051=CIRCLE('',#1603,0.0618119618848228);
#1052=CIRCLE('',#1605,0.0045);
#1053=CIRCLE('',#1606,0.00195);
#1054=CIRCLE('',#1607,0.00195);
#1055=CIRCLE('',#1608,0.00195);
#1056=CIRCLE('',#1609,0.00195);
#1057=CIRCLE('',#1610,0.0342695722463147);
#1058=CIRCLE('',#1611,0.02);
#1059=CIRCLE('',#1613,0.0045);
#1060=CIRCLE('',#1614,0.00195);
#1061=CIRCLE('',#1615,0.00195);
#1062=CIRCLE('',#1616,0.00195);
#1063=CIRCLE('',#1617,0.00195);
#1064=CIRCLE('',#1618,0.0342695722463147);
#1065=CIRCLE('',#1619,0.02);
#1066=CIRCLE('',#1622,0.005);
#1067=CIRCLE('',#1623,0.005);
#1068=CIRCLE('',#1625,0.02);
#1069=CIRCLE('',#1626,0.02);
#1070=CIRCLE('',#1629,0.02);
#1071=CIRCLE('',#1630,0.02);
#1072=CIRCLE('',#1632,0.005);
#1073=CIRCLE('',#1633,0.005);
#1074=CIRCLE('',#1636,0.02);
#1075=CIRCLE('',#1642,0.00195);
#1076=CIRCLE('',#1644,0.00195);
#1077=CIRCLE('',#1646,0.00195);
#1078=CIRCLE('',#1648,0.00195);
#1079=CIRCLE('',#1650,0.0045);
#1080=CIRCLE('',#1652,0.00195);
#1081=CIRCLE('',#1654,0.00195);
#1082=CIRCLE('',#1656,0.00195);
#1083=CIRCLE('',#1658,0.00195);
#1084=CIRCLE('',#1660,0.0044);
#1085=CIRCLE('',#1661,0.0044);
#1086=CIRCLE('',#1663,0.0045);
#1087=CIRCLE('',#1664,0.0045);
#1088=CIRCLE('',#1666,0.00195);
#1089=CIRCLE('',#1667,0.00195);
#1090=CIRCLE('',#1669,0.00195);
#1091=CIRCLE('',#1670,0.00195);
#1092=CIRCLE('',#1672,0.00195);
#1093=CIRCLE('',#1673,0.00195);
#1094=CIRCLE('',#1675,0.00195);
#1095=CIRCLE('',#1676,0.00195);
#1096=CIRCLE('',#1678,0.0045);
#1097=CIRCLE('',#1679,0.0045);
#1098=CIRCLE('',#1681,0.00195);
#1099=CIRCLE('',#1682,0.00195);
#1100=CIRCLE('',#1684,0.00195);
#1101=CIRCLE('',#1685,0.00195);
#1102=CIRCLE('',#1687,0.00195);
#1103=CIRCLE('',#1688,0.00195);
#1104=CIRCLE('',#1690,0.00195);
#1105=CIRCLE('',#1691,0.00195);
#1106=CIRCLE('',#1693,0.02);
#1107=CIRCLE('',#1695,0.0045);
#1108=CIRCLE('',#1697,0.0342695722463147);
#1109=CIRCLE('',#1699,0.0342695722463147);
#1110=CIRCLE('',#1704,0.02);
#1111=CIRCLE('',#1707,0.0618119618848228);
#1112=CIRCLE('',#1710,0.02);
#1113=CIRCLE('',#1711,0.02);
#1114=CIRCLE('',#1715,0.00425);
#1115=CIRCLE('',#1717,0.00425);
#1116=CIRCLE('',#1718,0.00425);
#1117=CIRCLE('',#1720,0.0342695722463146);
#1118=CIRCLE('',#1721,0.0342695722463146);
#1119=CIRCLE('',#1723,0.017);
#1120=CIRCLE('',#1724,0.0372695722463146);
#1121=CIRCLE('',#1725,0.017);
#1122=CIRCLE('',#1728,0.003);
#1123=CIRCLE('',#1730,0.003);
#1124=CIRCLE('',#1732,0.003);
#1125=CIRCLE('',#1734,0.003);
#1126=CIRCLE('',#1736,0.003);
#1127=CIRCLE('',#1738,0.003);
#1128=CIRCLE('',#1741,0.002);
#1129=CIRCLE('',#1744,0.002);
#1130=CIRCLE('',#1747,0.002);
#1131=CIRCLE('',#1750,0.002);
#1132=EDGE_LOOP('',(#255));
#1133=EDGE_LOOP('',(#256,#257,#258,#259,#260));
#1134=EDGE_LOOP('',(#261,#262,#263));
#1135=EDGE_LOOP('',(#264,#265,#266));
#1136=EDGE_LOOP('',(#267,#268,#269));
#1137=EDGE_LOOP('',(#270,#271,#272));
#1138=EDGE_LOOP('',(#273));
#1139=EDGE_LOOP('',(#274));
#1140=EDGE_LOOP('',(#275));
#1141=EDGE_LOOP('',(#276));
#1142=EDGE_LOOP('',(#277));
#1143=EDGE_LOOP('',(#278,#279,#280,#281,#282));
#1144=EDGE_LOOP('',(#283));
#1145=EDGE_LOOP('',(#284));
#1146=EDGE_LOOP('',(#285));
#1147=EDGE_LOOP('',(#286));
#1148=EDGE_LOOP('',(#287));
#1149=EDGE_LOOP('',(#288,#289,#290,#291,#292));
#1150=EDGE_LOOP('',(#293,#294,#295,#296,#297,#298));
#1151=EDGE_LOOP('',(#299,#300,#301,#302,#303));
#1152=EDGE_LOOP('',(#304,#305,#306,#307));
#1153=EDGE_LOOP('',(#308,#309,#310,#311));
#1154=EDGE_LOOP('',(#312,#313,#314,#315));
#1155=EDGE_LOOP('',(#316,#317,#318,#319,#320));
#1156=EDGE_LOOP('',(#321,#322,#323,#324,#325,#326));
#1157=EDGE_LOOP('',(#327,#328,#329,#330));
#1158=EDGE_LOOP('',(#331));
#1159=EDGE_LOOP('',(#332,#333,#334,#335));
#1160=EDGE_LOOP('',(#336));
#1161=EDGE_LOOP('',(#337,#338,#339,#340));
#1162=EDGE_LOOP('',(#341));
#1163=EDGE_LOOP('',(#342));
#1164=EDGE_LOOP('',(#343));
#1165=EDGE_LOOP('',(#344));
#1166=EDGE_LOOP('',(#345));
#1167=EDGE_LOOP('',(#346));
#1168=EDGE_LOOP('',(#347));
#1169=EDGE_LOOP('',(#348));
#1170=EDGE_LOOP('',(#349));
#1171=EDGE_LOOP('',(#350));
#1172=EDGE_LOOP('',(#351));
#1173=EDGE_LOOP('',(#352));
#1174=EDGE_LOOP('',(#353));
#1175=EDGE_LOOP('',(#354));
#1176=EDGE_LOOP('',(#355));
#1177=EDGE_LOOP('',(#356));
#1178=EDGE_LOOP('',(#357));
#1179=EDGE_LOOP('',(#358));
#1180=EDGE_LOOP('',(#359));
#1181=EDGE_LOOP('',(#360));
#1182=EDGE_LOOP('',(#361));
#1183=EDGE_LOOP('',(#362));
#1184=EDGE_LOOP('',(#363));
#1185=EDGE_LOOP('',(#364));
#1186=EDGE_LOOP('',(#365));
#1187=EDGE_LOOP('',(#366));
#1188=EDGE_LOOP('',(#367));
#1189=EDGE_LOOP('',(#368));
#1190=EDGE_LOOP('',(#369));
#1191=EDGE_LOOP('',(#370));
#1192=EDGE_LOOP('',(#371));
#1193=EDGE_LOOP('',(#372));
#1194=EDGE_LOOP('',(#373));
#1195=EDGE_LOOP('',(#374));
#1196=EDGE_LOOP('',(#375));
#1197=EDGE_LOOP('',(#376));
#1198=EDGE_LOOP('',(#377));
#1199=EDGE_LOOP('',(#378));
#1200=EDGE_LOOP('',(#379));
#1201=EDGE_LOOP('',(#380));
#1202=EDGE_LOOP('',(#381,#382,#383,#384));
#1203=EDGE_LOOP('',(#385));
#1204=EDGE_LOOP('',(#386));
#1205=EDGE_LOOP('',(#387,#388,#389,#390,#391,#392,#393,#394,#395,#396,#397,
#398));
#1206=EDGE_LOOP('',(#399));
#1207=EDGE_LOOP('',(#400));
#1208=EDGE_LOOP('',(#401));
#1209=EDGE_LOOP('',(#402));
#1210=EDGE_LOOP('',(#403));
#1211=EDGE_LOOP('',(#404));
#1212=EDGE_LOOP('',(#405));
#1213=EDGE_LOOP('',(#406));
#1214=EDGE_LOOP('',(#407));
#1215=EDGE_LOOP('',(#408));
#1216=EDGE_LOOP('',(#409));
#1217=EDGE_LOOP('',(#410));
#1218=EDGE_LOOP('',(#411));
#1219=EDGE_LOOP('',(#412));
#1220=EDGE_LOOP('',(#413));
#1221=EDGE_LOOP('',(#414));
#1222=EDGE_LOOP('',(#415));
#1223=EDGE_LOOP('',(#416));
#1224=EDGE_LOOP('',(#417));
#1225=EDGE_LOOP('',(#418));
#1226=EDGE_LOOP('',(#419));
#1227=EDGE_LOOP('',(#420,#421,#422,#423,#424,#425,#426,#427,#428,#429));
#1228=EDGE_LOOP('',(#430));
#1229=EDGE_LOOP('',(#431));
#1230=EDGE_LOOP('',(#432));
#1231=EDGE_LOOP('',(#433));
#1232=EDGE_LOOP('',(#434));
#1233=EDGE_LOOP('',(#435));
#1234=EDGE_LOOP('',(#436));
#1235=EDGE_LOOP('',(#437));
#1236=EDGE_LOOP('',(#438));
#1237=EDGE_LOOP('',(#439));
#1238=EDGE_LOOP('',(#440));
#1239=EDGE_LOOP('',(#441,#442,#443,#444,#445,#446,#447,#448,#449,#450));
#1240=EDGE_LOOP('',(#451,#452,#453,#454));
#1241=EDGE_LOOP('',(#455,#456,#457,#458));
#1242=EDGE_LOOP('',(#459,#460,#461,#462));
#1243=EDGE_LOOP('',(#463,#464,#465,#466));
#1244=EDGE_LOOP('',(#467,#468,#469,#470));
#1245=EDGE_LOOP('',(#471,#472,#473,#474));
#1246=EDGE_LOOP('',(#475,#476,#477,#478,#479,#480));
#1247=EDGE_LOOP('',(#481,#482,#483,#484));
#1248=EDGE_LOOP('',(#485,#486,#487,#488,#489,#490));
#1249=EDGE_LOOP('',(#491,#492,#493,#494,#495,#496,#497,#498,#499,#500,#501,
#502,#503,#504));
#1250=EDGE_LOOP('',(#505,#506,#507,#508,#509,#510));
#1251=EDGE_LOOP('',(#511,#512,#513,#514));
#1252=EDGE_LOOP('',(#515,#516,#517,#518,#519,#520));
#1253=EDGE_LOOP('',(#521));
#1254=EDGE_LOOP('',(#522));
#1255=EDGE_LOOP('',(#523));
#1256=EDGE_LOOP('',(#524));
#1257=EDGE_LOOP('',(#525,#526,#527,#528,#529,#530,#531,#532,#533,#534));
#1258=EDGE_LOOP('',(#535,#536,#537,#538,#539,#540,#541,#542));
#1259=EDGE_LOOP('',(#543));
#1260=EDGE_LOOP('',(#544));
#1261=EDGE_LOOP('',(#545));
#1262=EDGE_LOOP('',(#546,#547,#548,#549,#550));
#1263=EDGE_LOOP('',(#551,#552,#553,#554,#555,#556));
#1264=EDGE_LOOP('',(#557,#558,#559,#560,#561));
#1265=EDGE_LOOP('',(#562,#563,#564,#565,#566,#567));
#1266=EDGE_LOOP('',(#568,#569,#570,#571,#572,#573));
#1267=EDGE_LOOP('',(#574,#575,#576,#577,#578,#579));
#1268=EDGE_LOOP('',(#580,#581,#582,#583,#584));
#1269=EDGE_LOOP('',(#585,#586,#587,#588,#589,#590));
#1270=EDGE_LOOP('',(#591,#592,#593,#594,#595,#596,#597));
#1271=EDGE_LOOP('',(#598,#599,#600,#601,#602,#603));
#1272=EDGE_LOOP('',(#604,#605,#606,#607));
#1273=EDGE_LOOP('',(#608,#609,#610,#611,#612,#613));
#1274=EDGE_LOOP('',(#614,#615,#616,#617,#618,#619));
#1275=EDGE_LOOP('',(#620,#621,#622,#623));
#1276=EDGE_LOOP('',(#624,#625,#626,#627,#628,#629,#630));
#1277=EDGE_LOOP('',(#631,#632,#633,#634));
#1278=EDGE_LOOP('',(#635,#636,#637,#638));
#1279=EDGE_LOOP('',(#639,#640,#641,#642));
#1280=EDGE_LOOP('',(#643,#644,#645,#646));
#1281=EDGE_LOOP('',(#647,#648,#649,#650,#651));
#1282=EDGE_LOOP('',(#652,#653,#654,#655));
#1283=EDGE_LOOP('',(#656,#657,#658,#659,#660));
#1284=EDGE_LOOP('',(#661,#662,#663,#664));
#1285=EDGE_LOOP('',(#665,#666,#667,#668));
#1286=EDGE_LOOP('',(#669));
#1287=EDGE_LOOP('',(#670));
#1288=EDGE_LOOP('',(#671));
#1289=EDGE_LOOP('',(#672));
#1290=EDGE_LOOP('',(#673));
#1291=EDGE_LOOP('',(#674));
#1292=EDGE_LOOP('',(#675));
#1293=EDGE_LOOP('',(#676));
#1294=EDGE_LOOP('',(#677));
#1295=EDGE_LOOP('',(#678));
#1296=EDGE_LOOP('',(#679));
#1297=EDGE_LOOP('',(#680));
#1298=FACE_BOUND('',#1132,.T.);
#1299=FACE_BOUND('',#1133,.T.);
#1300=FACE_BOUND('',#1134,.T.);
#1301=FACE_BOUND('',#1135,.T.);
#1302=FACE_BOUND('',#1136,.T.);
#1303=FACE_BOUND('',#1137,.T.);
#1304=FACE_BOUND('',#1138,.T.);
#1305=FACE_BOUND('',#1139,.T.);
#1306=FACE_BOUND('',#1140,.T.);
#1307=FACE_BOUND('',#1141,.T.);
#1308=FACE_BOUND('',#1142,.T.);
#1309=FACE_BOUND('',#1143,.T.);
#1310=FACE_BOUND('',#1144,.T.);
#1311=FACE_BOUND('',#1145,.T.);
#1312=FACE_BOUND('',#1146,.T.);
#1313=FACE_BOUND('',#1147,.T.);
#1314=FACE_BOUND('',#1148,.T.);
#1315=FACE_BOUND('',#1149,.T.);
#1316=FACE_BOUND('',#1150,.T.);
#1317=FACE_BOUND('',#1151,.T.);
#1318=FACE_BOUND('',#1152,.T.);
#1319=FACE_BOUND('',#1153,.T.);
#1320=FACE_BOUND('',#1154,.T.);
#1321=FACE_BOUND('',#1155,.T.);
#1322=FACE_BOUND('',#1156,.T.);
#1323=FACE_BOUND('',#1157,.T.);
#1324=FACE_BOUND('',#1158,.T.);
#1325=FACE_BOUND('',#1159,.T.);
#1326=FACE_BOUND('',#1160,.T.);
#1327=FACE_BOUND('',#1161,.T.);
#1328=FACE_BOUND('',#1162,.T.);
#1329=FACE_BOUND('',#1163,.T.);
#1330=FACE_BOUND('',#1164,.T.);
#1331=FACE_BOUND('',#1165,.T.);
#1332=FACE_BOUND('',#1166,.T.);
#1333=FACE_BOUND('',#1167,.T.);
#1334=FACE_BOUND('',#1168,.T.);
#1335=FACE_BOUND('',#1169,.T.);
#1336=FACE_BOUND('',#1170,.T.);
#1337=FACE_BOUND('',#1171,.T.);
#1338=FACE_BOUND('',#1172,.T.);
#1339=FACE_BOUND('',#1173,.T.);
#1340=FACE_BOUND('',#1174,.T.);
#1341=FACE_BOUND('',#1175,.T.);
#1342=FACE_BOUND('',#1176,.T.);
#1343=FACE_BOUND('',#1177,.T.);
#1344=FACE_BOUND('',#1178,.T.);
#1345=FACE_BOUND('',#1179,.T.);
#1346=FACE_BOUND('',#1180,.T.);
#1347=FACE_BOUND('',#1181,.T.);
#1348=FACE_BOUND('',#1182,.T.);
#1349=FACE_BOUND('',#1183,.T.);
#1350=FACE_BOUND('',#1184,.T.);
#1351=FACE_BOUND('',#1185,.T.);
#1352=FACE_BOUND('',#1186,.T.);
#1353=FACE_BOUND('',#1187,.T.);
#1354=FACE_BOUND('',#1188,.T.);
#1355=FACE_BOUND('',#1189,.T.);
#1356=FACE_BOUND('',#1190,.T.);
#1357=FACE_BOUND('',#1191,.T.);
#1358=FACE_BOUND('',#1192,.T.);
#1359=FACE_BOUND('',#1193,.T.);
#1360=FACE_BOUND('',#1194,.T.);
#1361=FACE_BOUND('',#1195,.T.);
#1362=FACE_BOUND('',#1196,.T.);
#1363=FACE_BOUND('',#1197,.T.);
#1364=FACE_BOUND('',#1198,.T.);
#1365=FACE_BOUND('',#1199,.T.);
#1366=FACE_BOUND('',#1200,.T.);
#1367=FACE_BOUND('',#1201,.T.);
#1368=FACE_BOUND('',#1202,.T.);
#1369=FACE_BOUND('',#1203,.T.);
#1370=FACE_BOUND('',#1204,.T.);
#1371=FACE_BOUND('',#1205,.T.);
#1372=FACE_BOUND('',#1206,.T.);
#1373=FACE_BOUND('',#1207,.T.);
#1374=FACE_BOUND('',#1208,.T.);
#1375=FACE_BOUND('',#1209,.T.);
#1376=FACE_BOUND('',#1210,.T.);
#1377=FACE_BOUND('',#1211,.T.);
#1378=FACE_BOUND('',#1212,.T.);
#1379=FACE_BOUND('',#1213,.T.);
#1380=FACE_BOUND('',#1214,.T.);
#1381=FACE_BOUND('',#1215,.T.);
#1382=FACE_BOUND('',#1216,.T.);
#1383=FACE_BOUND('',#1217,.T.);
#1384=FACE_BOUND('',#1218,.T.);
#1385=FACE_BOUND('',#1219,.T.);
#1386=FACE_BOUND('',#1220,.T.);
#1387=FACE_BOUND('',#1221,.T.);
#1388=FACE_BOUND('',#1222,.T.);
#1389=FACE_BOUND('',#1223,.T.);
#1390=FACE_BOUND('',#1224,.T.);
#1391=FACE_BOUND('',#1225,.T.);
#1392=FACE_BOUND('',#1226,.T.);
#1393=FACE_BOUND('',#1227,.T.);
#1394=FACE_BOUND('',#1228,.T.);
#1395=FACE_BOUND('',#1229,.T.);
#1396=FACE_BOUND('',#1230,.T.);
#1397=FACE_BOUND('',#1231,.T.);
#1398=FACE_BOUND('',#1232,.T.);
#1399=FACE_BOUND('',#1233,.T.);
#1400=FACE_BOUND('',#1234,.T.);
#1401=FACE_BOUND('',#1235,.T.);
#1402=FACE_BOUND('',#1236,.T.);
#1403=FACE_BOUND('',#1237,.T.);
#1404=FACE_BOUND('',#1238,.T.);
#1405=FACE_BOUND('',#1239,.T.);
#1406=FACE_BOUND('',#1240,.T.);
#1407=FACE_BOUND('',#1241,.T.);
#1408=FACE_BOUND('',#1242,.T.);
#1409=FACE_BOUND('',#1243,.T.);
#1410=FACE_BOUND('',#1244,.T.);
#1411=FACE_BOUND('',#1245,.T.);
#1412=FACE_BOUND('',#1246,.T.);
#1413=FACE_BOUND('',#1247,.T.);
#1414=FACE_BOUND('',#1248,.T.);
#1415=FACE_BOUND('',#1249,.T.);
#1416=FACE_BOUND('',#1250,.T.);
#1417=FACE_BOUND('',#1251,.T.);
#1418=FACE_BOUND('',#1252,.T.);
#1419=FACE_BOUND('',#1253,.T.);
#1420=FACE_BOUND('',#1254,.T.);
#1421=FACE_BOUND('',#1255,.T.);
#1422=FACE_BOUND('',#1256,.T.);
#1423=FACE_BOUND('',#1257,.T.);
#1424=FACE_BOUND('',#1258,.T.);
#1425=FACE_BOUND('',#1259,.T.);
#1426=FACE_BOUND('',#1260,.T.);
#1427=FACE_BOUND('',#1261,.T.);
#1428=FACE_BOUND('',#1262,.T.);
#1429=FACE_BOUND('',#1263,.T.);
#1430=FACE_BOUND('',#1264,.T.);
#1431=FACE_BOUND('',#1265,.T.);
#1432=FACE_BOUND('',#1266,.T.);
#1433=FACE_BOUND('',#1267,.T.);
#1434=FACE_BOUND('',#1268,.T.);
#1435=FACE_BOUND('',#1269,.T.);
#1436=FACE_BOUND('',#1270,.T.);
#1437=FACE_BOUND('',#1271,.T.);
#1438=FACE_BOUND('',#1272,.T.);
#1439=FACE_BOUND('',#1273,.T.);
#1440=FACE_BOUND('',#1274,.T.);
#1441=FACE_BOUND('',#1275,.T.);
#1442=FACE_BOUND('',#1276,.T.);
#1443=FACE_BOUND('',#1277,.T.);
#1444=FACE_BOUND('',#1278,.T.);
#1445=FACE_BOUND('',#1279,.T.);
#1446=FACE_BOUND('',#1280,.T.);
#1447=FACE_BOUND('',#1281,.T.);
#1448=FACE_BOUND('',#1282,.T.);
#1449=FACE_BOUND('',#1283,.T.);
#1450=FACE_BOUND('',#1284,.T.);
#1451=FACE_BOUND('',#1285,.T.);
#1452=FACE_BOUND('',#1286,.T.);
#1453=FACE_BOUND('',#1287,.T.);
#1454=FACE_BOUND('',#1288,.T.);
#1455=FACE_BOUND('',#1289,.T.);
#1456=FACE_BOUND('',#1290,.T.);
#1457=FACE_BOUND('',#1291,.T.);
#1458=FACE_BOUND('',#1292,.T.);
#1459=FACE_BOUND('',#1293,.T.);
#1460=FACE_BOUND('',#1294,.T.);
#1461=FACE_BOUND('',#1295,.T.);
#1462=FACE_BOUND('',#1296,.T.);
#1463=FACE_BOUND('',#1297,.T.);
#1464=PLANE('',#1592);
#1465=PLANE('',#1596);
#1466=PLANE('',#1598);
#1467=PLANE('',#1600);
#1468=PLANE('',#1602);
#1469=PLANE('',#1604);
#1470=PLANE('',#1612);
#1471=PLANE('',#1620);
#1472=PLANE('',#1627);
#1473=PLANE('',#1634);
#1474=PLANE('',#1637);
#1475=PLANE('',#1639);
#1476=PLANE('',#1696);
#1477=PLANE('',#1698);
#1478=PLANE('',#1701);
#1479=PLANE('',#1705);
#1480=PLANE('',#1708);
#1481=PLANE('',#1712);
#1482=PLANE('',#1722);
#1483=PLANE('',#1726);
#1484=PLANE('',#1742);
#1485=PLANE('',#1745);
#1486=PLANE('',#1748);
#1487=PLANE('',#1751);
#1488=ADVANCED_FACE('',(#1298,#1299),#1464,.F.);
#1489=ADVANCED_FACE('',(#1300),#1465,.F.);
#1490=ADVANCED_FACE('',(#1301),#1466,.F.);
#1491=ADVANCED_FACE('',(#1302),#1467,.F.);
#1492=ADVANCED_FACE('',(#1303),#1468,.F.);
#1493=ADVANCED_FACE('',(#1304,#1305,#1306,#1307,#1308,#1309),#1469,.T.);
#1494=ADVANCED_FACE('',(#1310,#1311,#1312,#1313,#1314,#1315),#1470,.T.);
#1495=ADVANCED_FACE('',(#1316),#1471,.F.);
#1496=ADVANCED_FACE('',(#1317),#41,.F.);
#1497=ADVANCED_FACE('',(#1318),#42,.T.);
#1498=ADVANCED_FACE('',(#1319),#1472,.F.);
#1499=ADVANCED_FACE('',(#1320),#43,.T.);
#1500=ADVANCED_FACE('',(#1321),#44,.F.);
#1501=ADVANCED_FACE('',(#1322),#1473,.T.);
#1502=ADVANCED_FACE('',(#1323),#45,.T.);
#1503=ADVANCED_FACE('',(#1324,#1325),#1474,.F.);
#1504=ADVANCED_FACE('',(#1326,#1327),#1475,.T.);
#1505=ADVANCED_FACE('',(#1328,#1329),#46,.F.);
#1506=ADVANCED_FACE('',(#1330,#1331),#47,.F.);
#1507=ADVANCED_FACE('',(#1332,#1333),#48,.F.);
#1508=ADVANCED_FACE('',(#1334,#1335),#49,.F.);
#1509=ADVANCED_FACE('',(#1336,#1337),#50,.F.);
#1510=ADVANCED_FACE('',(#1338,#1339),#51,.F.);
#1511=ADVANCED_FACE('',(#1340,#1341),#52,.F.);
#1512=ADVANCED_FACE('',(#1342,#1343),#53,.F.);
#1513=ADVANCED_FACE('',(#1344,#1345),#54,.F.);
#1514=ADVANCED_FACE('',(#1346,#1347),#55,.F.);
#1515=ADVANCED_FACE('',(#1348,#1349),#56,.F.);
#1516=ADVANCED_FACE('',(#1350,#1351),#57,.F.);
#1517=ADVANCED_FACE('',(#1352,#1353),#58,.F.);
#1518=ADVANCED_FACE('',(#1354,#1355),#59,.F.);
#1519=ADVANCED_FACE('',(#1356,#1357),#60,.F.);
#1520=ADVANCED_FACE('',(#1358,#1359),#61,.F.);
#1521=ADVANCED_FACE('',(#1360,#1361),#62,.F.);
#1522=ADVANCED_FACE('',(#1362,#1363),#63,.F.);
#1523=ADVANCED_FACE('',(#1364,#1365),#64,.F.);
#1524=ADVANCED_FACE('',(#1366,#1367),#65,.F.);
#1525=ADVANCED_FACE('',(#1368),#66,.T.);
#1526=ADVANCED_FACE('',(#1369,#1370),#67,.F.);
#1527=ADVANCED_FACE('',(#1371,#1372,#1373,#1374,#1375,#1376,#1377,#1378,
#1379,#1380,#1381,#1382,#1383,#1384,#1385,#1386,#1387,#1388,#1389,#1390,
#1391,#1392),#1476,.F.);
#1528=ADVANCED_FACE('',(#1393,#1394,#1395,#1396,#1397,#1398,#1399,#1400,
#1401,#1402,#1403,#1404),#1477,.T.);
#1529=ADVANCED_FACE('',(#1405),#68,.F.);
#1530=ADVANCED_FACE('',(#1406),#31,.T.);
#1531=ADVANCED_FACE('',(#1407),#32,.F.);
#1532=ADVANCED_FACE('',(#1408),#33,.T.);
#1533=ADVANCED_FACE('',(#1409),#34,.T.);
#1534=ADVANCED_FACE('',(#1410),#35,.F.);
#1535=ADVANCED_FACE('',(#1411),#36,.F.);
#1536=ADVANCED_FACE('',(#1412),#1478,.F.);
#1537=ADVANCED_FACE('',(#1413),#69,.T.);
#1538=ADVANCED_FACE('',(#1414),#1479,.T.);
#1539=ADVANCED_FACE('',(#1415),#70,.T.);
#1540=ADVANCED_FACE('',(#1416),#1480,.F.);
#1541=ADVANCED_FACE('',(#1417),#71,.T.);
#1542=ADVANCED_FACE('',(#1418),#1481,.T.);
#1543=ADVANCED_FACE('',(#1419,#1420),#72,.F.);
#1544=ADVANCED_FACE('',(#1421,#1422),#73,.F.);
#1545=ADVANCED_FACE('',(#1423),#74,.F.);
#1546=ADVANCED_FACE('',(#1424,#1425,#1426),#1482,.T.);
#1547=ADVANCED_FACE('',(#1427,#1428),#1483,.F.);
#1548=ADVANCED_FACE('',(#1429),#15,.T.);
#1549=ADVANCED_FACE('',(#1430),#16,.T.);
#1550=ADVANCED_FACE('',(#1431),#17,.T.);
#1551=ADVANCED_FACE('',(#1432),#18,.T.);
#1552=ADVANCED_FACE('',(#1433),#19,.T.);
#1553=ADVANCED_FACE('',(#1434),#20,.T.);
#1554=ADVANCED_FACE('',(#1435),#21,.F.);
#1555=ADVANCED_FACE('',(#1436),#22,.F.);
#1556=ADVANCED_FACE('',(#1437),#23,.F.);
#1557=ADVANCED_FACE('',(#1438),#24,.F.);
#1558=ADVANCED_FACE('',(#1439),#25,.F.);
#1559=ADVANCED_FACE('',(#1440),#26,.F.);
#1560=ADVANCED_FACE('',(#1441),#27,.F.);
#1561=ADVANCED_FACE('',(#1442),#28,.F.);
#1562=ADVANCED_FACE('',(#1443),#29,.F.);
#1563=ADVANCED_FACE('',(#1444),#30,.F.);
#1564=ADVANCED_FACE('',(#1445),#75,.T.);
#1565=ADVANCED_FACE('',(#1446),#12,.T.);
#1566=ADVANCED_FACE('',(#1447),#76,.T.);
#1567=ADVANCED_FACE('',(#1448),#13,.T.);
#1568=ADVANCED_FACE('',(#1449),#77,.T.);
#1569=ADVANCED_FACE('',(#1450),#14,.T.);
#1570=ADVANCED_FACE('',(#1451),#78,.T.);
#1571=ADVANCED_FACE('',(#1452,#1453),#79,.F.);
#1572=ADVANCED_FACE('',(#1454),#1484,.T.);
#1573=ADVANCED_FACE('',(#1455,#1456),#80,.F.);
#1574=ADVANCED_FACE('',(#1457),#1485,.T.);
#1575=ADVANCED_FACE('',(#1458,#1459),#81,.F.);
#1576=ADVANCED_FACE('',(#1460),#1486,.T.);
#1577=ADVANCED_FACE('',(#1461,#1462),#82,.F.);
#1578=ADVANCED_FACE('',(#1463),#1487,.T.);
#1579=CLOSED_SHELL('',(#1488,#1489,#1490,#1491,#1492,#1493,#1494,#1495,
#1496,#1497,#1498,#1499,#1500,#1501,#1502,#1503,#1504,#1505,#1506,#1507,
#1508,#1509,#1510,#1511,#1512,#1513,#1514,#1515,#1516,#1517,#1518,#1519,
#1520,#1521,#1522,#1523,#1524,#1525,#1526,#1527,#1528,#1529,#1530,#1531,
#1532,#1533,#1534,#1535,#1536,#1537,#1538,#1539,#1540,#1541,#1542,#1543,
#1544,#1545,#1546,#1547,#1548,#1549,#1550,#1551,#1552,#1553,#1554,#1555,
#1556,#1557,#1558,#1559,#1560,#1561,#1562,#1563,#1564,#1565,#1566,#1567,
#1568,#1569,#1570,#1571,#1572,#1573,#1574,#1575,#1576,#1577,#1578));
#1580=STYLED_ITEM('',(#1581),#1588);
#1581=PRESENTATION_STYLE_ASSIGNMENT((#1582));
#1582=SURFACE_STYLE_USAGE(.BOTH.,#1583);
#1583=SURFACE_SIDE_STYLE('',(#1584));
#1584=SURFACE_STYLE_FILL_AREA(#1585);
#1585=FILL_AREA_STYLE('',(#1586));
#1586=FILL_AREA_STYLE_COLOUR('',#1587);
#1587=COLOUR_RGB('',0.768627450980392,0.886274509803922,0.952941176470588);
#1588=MANIFOLD_SOLID_BREP('End Support',#1579);
#1589=SHAPE_DEFINITION_REPRESENTATION(#4359,#1590);
#1590=SHAPE_REPRESENTATION('End Support',(#1591),#4354);
#1591=AXIS2_PLACEMENT_3D('',#2124,#1752,#1753);
#1592=AXIS2_PLACEMENT_3D('',#2125,#1754,#1755);
#1593=AXIS2_PLACEMENT_3D('',#2126,#1756,#1757);
#1594=AXIS2_PLACEMENT_3D('',#2128,#1758,#1759);
#1595=AXIS2_PLACEMENT_3D('',#2143,#1761,#1762);
#1596=AXIS2_PLACEMENT_3D('',#2146,#1764,#1765);
#1597=AXIS2_PLACEMENT_3D('',#2170,#1766,#1767);
#1598=AXIS2_PLACEMENT_3D('',#2171,#1768,#1769);
#1599=AXIS2_PLACEMENT_3D('',#2172,#1770,#1771);
#1600=AXIS2_PLACEMENT_3D('',#2189,#1772,#1773);
#1601=AXIS2_PLACEMENT_3D('',#2201,#1774,#1775);
#1602=AXIS2_PLACEMENT_3D('',#2202,#1776,#1777);
#1603=AXIS2_PLACEMENT_3D('',#2203,#1778,#1779);
#1604=AXIS2_PLACEMENT_3D('',#2220,#1780,#1781);
#1605=AXIS2_PLACEMENT_3D('',#2221,#1782,#1783);
#1606=AXIS2_PLACEMENT_3D('',#2223,#1784,#1785);
#1607=AXIS2_PLACEMENT_3D('',#2225,#1786,#1787);
#1608=AXIS2_PLACEMENT_3D('',#2227,#1788,#1789);
#1609=AXIS2_PLACEMENT_3D('',#2229,#1790,#1791);
#1610=AXIS2_PLACEMENT_3D('',#2231,#1792,#1793);
#1611=AXIS2_PLACEMENT_3D('',#2316,#1795,#1796);
#1612=AXIS2_PLACEMENT_3D('',#2319,#1798,#1799);
#1613=AXIS2_PLACEMENT_3D('',#2320,#1800,#1801);
#1614=AXIS2_PLACEMENT_3D('',#2322,#1802,#1803);
#1615=AXIS2_PLACEMENT_3D('',#2324,#1804,#1805);
#1616=AXIS2_PLACEMENT_3D('',#2326,#1806,#1807);
#1617=AXIS2_PLACEMENT_3D('',#2328,#1808,#1809);
#1618=AXIS2_PLACEMENT_3D('',#2420,#1811,#1812);
#1619=AXIS2_PLACEMENT_3D('',#2424,#1814,#1815);
#1620=AXIS2_PLACEMENT_3D('',#2425,#1816,#1817);
#1621=AXIS2_PLACEMENT_3D('',#2441,#1821,#1822);
#1622=AXIS2_PLACEMENT_3D('',#2442,#1823,#1824);
#1623=AXIS2_PLACEMENT_3D('',#2449,#1825,#1826);
#1624=AXIS2_PLACEMENT_3D('',#2452,#1828,#1829);
#1625=AXIS2_PLACEMENT_3D('',#2453,#1830,#1831);
#1626=AXIS2_PLACEMENT_3D('',#2455,#1832,#1833);
#1627=AXIS2_PLACEMENT_3D('',#2458,#1835,#1836);
#1628=AXIS2_PLACEMENT_3D('',#2464,#1840,#1841);
#1629=AXIS2_PLACEMENT_3D('',#2465,#1842,#1843);
#1630=AXIS2_PLACEMENT_3D('',#2467,#1844,#1845);
#1631=AXIS2_PLACEMENT_3D('',#2470,#1847,#1848);
#1632=AXIS2_PLACEMENT_3D('',#2479,#1850,#1851);
#1633=AXIS2_PLACEMENT_3D('',#2480,#1852,#1853);
#1634=AXIS2_PLACEMENT_3D('',#2481,#1854,#1855);
#1635=AXIS2_PLACEMENT_3D('',#2494,#1858,#1859);
#1636=AXIS2_PLACEMENT_3D('',#2495,#1860,#1861);
#1637=AXIS2_PLACEMENT_3D('',#2498,#1863,#1864);
#1638=AXIS2_PLACEMENT_3D('',#2499,#1865,#1866);
#1639=AXIS2_PLACEMENT_3D('',#2504,#1869,#1870);
#1640=AXIS2_PLACEMENT_3D('',#2505,#1871,#1872);
#1641=AXIS2_PLACEMENT_3D('',#2512,#1876,#1877);
#1642=AXIS2_PLACEMENT_3D('',#2513,#1878,#1879);
#1643=AXIS2_PLACEMENT_3D('',#2515,#1880,#1881);
#1644=AXIS2_PLACEMENT_3D('',#2516,#1882,#1883);
#1645=AXIS2_PLACEMENT_3D('',#2518,#1884,#1885);
#1646=AXIS2_PLACEMENT_3D('',#2519,#1886,#1887);
#1647=AXIS2_PLACEMENT_3D('',#2521,#1888,#1889);
#1648=AXIS2_PLACEMENT_3D('',#2522,#1890,#1891);
#1649=AXIS2_PLACEMENT_3D('',#2524,#1892,#1893);
#1650=AXIS2_PLACEMENT_3D('',#2525,#1894,#1895);
#1651=AXIS2_PLACEMENT_3D('',#2527,#1896,#1897);
#1652=AXIS2_PLACEMENT_3D('',#2528,#1898,#1899);
#1653=AXIS2_PLACEMENT_3D('',#2530,#1900,#1901);
#1654=AXIS2_PLACEMENT_3D('',#2531,#1902,#1903);
#1655=AXIS2_PLACEMENT_3D('',#2533,#1904,#1905);
#1656=AXIS2_PLACEMENT_3D('',#2534,#1906,#1907);
#1657=AXIS2_PLACEMENT_3D('',#2536,#1908,#1909);
#1658=AXIS2_PLACEMENT_3D('',#2537,#1910,#1911);
#1659=AXIS2_PLACEMENT_3D('',#2539,#1912,#1913);
#1660=AXIS2_PLACEMENT_3D('',#2540,#1914,#1915);
#1661=AXIS2_PLACEMENT_3D('',#2542,#1916,#1917);
#1662=AXIS2_PLACEMENT_3D('',#2544,#1918,#1919);
#1663=AXIS2_PLACEMENT_3D('',#2545,#1920,#1921);
#1664=AXIS2_PLACEMENT_3D('',#2547,#1922,#1923);
#1665=AXIS2_PLACEMENT_3D('',#2549,#1924,#1925);
#1666=AXIS2_PLACEMENT_3D('',#2550,#1926,#1927);
#1667=AXIS2_PLACEMENT_3D('',#2552,#1928,#1929);
#1668=AXIS2_PLACEMENT_3D('',#2554,#1930,#1931);
#1669=AXIS2_PLACEMENT_3D('',#2555,#1932,#1933);
#1670=AXIS2_PLACEMENT_3D('',#2557,#1934,#1935);
#1671=AXIS2_PLACEMENT_3D('',#2559,#1936,#1937);
#1672=AXIS2_PLACEMENT_3D('',#2560,#1938,#1939);
#1673=AXIS2_PLACEMENT_3D('',#2562,#1940,#1941);
#1674=AXIS2_PLACEMENT_3D('',#2564,#1942,#1943);
#1675=AXIS2_PLACEMENT_3D('',#2565,#1944,#1945);
#1676=AXIS2_PLACEMENT_3D('',#2567,#1946,#1947);
#1677=AXIS2_PLACEMENT_3D('',#2569,#1948,#1949);
#1678=AXIS2_PLACEMENT_3D('',#2570,#1950,#1951);
#1679=AXIS2_PLACEMENT_3D('',#2572,#1952,#1953);
#1680=AXIS2_PLACEMENT_3D('',#2574,#1954,#1955);
#1681=AXIS2_PLACEMENT_3D('',#2575,#1956,#1957);
#1682=AXIS2_PLACEMENT_3D('',#2577,#1958,#1959);
#1683=AXIS2_PLACEMENT_3D('',#2579,#1960,#1961);
#1684=AXIS2_PLACEMENT_3D('',#2580,#1962,#1963);
#1685=AXIS2_PLACEMENT_3D('',#2582,#1964,#1965);
#1686=AXIS2_PLACEMENT_3D('',#2584,#1966,#1967);
#1687=AXIS2_PLACEMENT_3D('',#2585,#1968,#1969);
#1688=AXIS2_PLACEMENT_3D('',#2587,#1970,#1971);
#1689=AXIS2_PLACEMENT_3D('',#2589,#1972,#1973);
#1690=AXIS2_PLACEMENT_3D('',#2590,#1974,#1975);
#1691=AXIS2_PLACEMENT_3D('',#2592,#1976,#1977);
#1692=AXIS2_PLACEMENT_3D('',#2594,#1978,#1979);
#1693=AXIS2_PLACEMENT_3D('',#2595,#1980,#1981);
#1694=AXIS2_PLACEMENT_3D('',#2596,#1982,#1983);
#1695=AXIS2_PLACEMENT_3D('',#2597,#1984,#1985);
#1696=AXIS2_PLACEMENT_3D('',#2599,#1986,#1987);
#1697=AXIS2_PLACEMENT_3D('',#2600,#1988,#1989);
#1698=AXIS2_PLACEMENT_3D('',#2601,#1990,#1991);
#1699=AXIS2_PLACEMENT_3D('',#2761,#1992,#1993);
#1700=AXIS2_PLACEMENT_3D('',#2924,#1994,#1995);
#1701=AXIS2_PLACEMENT_3D('',#3203,#2002,#2003);
#1702=AXIS2_PLACEMENT_3D('',#3207,#2005,#2006);
#1703=AXIS2_PLACEMENT_3D('',#3212,#2010,#2011);
#1704=AXIS2_PLACEMENT_3D('',#3215,#2013,#2014);
#1705=AXIS2_PLACEMENT_3D('',#3216,#2015,#2016);
#1706=AXIS2_PLACEMENT_3D('',#3230,#2019,#2020);
#1707=AXIS2_PLACEMENT_3D('',#3252,#2022,#2023);
#1708=AXIS2_PLACEMENT_3D('',#3297,#2024,#2025);
#1709=AXIS2_PLACEMENT_3D('',#3313,#2029,#2030);
#1710=AXIS2_PLACEMENT_3D('',#3317,#2032,#2033);
#1711=AXIS2_PLACEMENT_3D('',#3318,#2034,#2035);
#1712=AXIS2_PLACEMENT_3D('',#3319,#2036,#2037);
#1713=AXIS2_PLACEMENT_3D('',#3323,#2039,#2040);
#1714=AXIS2_PLACEMENT_3D('',#3328,#2044,#2045);
#1715=AXIS2_PLACEMENT_3D('',#3329,#2046,#2047);
#1716=AXIS2_PLACEMENT_3D('',#3331,#2048,#2049);
#1717=AXIS2_PLACEMENT_3D('',#3332,#2050,#2051);
#1718=AXIS2_PLACEMENT_3D('',#3334,#2052,#2053);
#1719=AXIS2_PLACEMENT_3D('',#3336,#2054,#2055);
#1720=AXIS2_PLACEMENT_3D('',#3337,#2056,#2057);
#1721=AXIS2_PLACEMENT_3D('',#3338,#2058,#2059);
#1722=AXIS2_PLACEMENT_3D('',#3358,#2060,#2061);
#1723=AXIS2_PLACEMENT_3D('',#3361,#2063,#2064);
#1724=AXIS2_PLACEMENT_3D('',#3365,#2066,#2067);
#1725=AXIS2_PLACEMENT_3D('',#3369,#2069,#2070);
#1726=AXIS2_PLACEMENT_3D('',#3372,#2072,#2073);
#1727=AXIS2_PLACEMENT_3D('',#4324,#2074,#2075);
#1728=AXIS2_PLACEMENT_3D('',#4325,#2076,#2077);
#1729=AXIS2_PLACEMENT_3D('',#4326,#2078,#2079);
#1730=AXIS2_PLACEMENT_3D('',#4327,#2080,#2081);
#1731=AXIS2_PLACEMENT_3D('',#4328,#2082,#2083);
#1732=AXIS2_PLACEMENT_3D('',#4329,#2084,#2085);
#1733=AXIS2_PLACEMENT_3D('',#4330,#2086,#2087);
#1734=AXIS2_PLACEMENT_3D('',#4331,#2088,#2089);
#1735=AXIS2_PLACEMENT_3D('',#4332,#2090,#2091);
#1736=AXIS2_PLACEMENT_3D('',#4333,#2092,#2093);
#1737=AXIS2_PLACEMENT_3D('',#4334,#2094,#2095);
#1738=AXIS2_PLACEMENT_3D('',#4335,#2096,#2097);
#1739=AXIS2_PLACEMENT_3D('',#4336,#2098,#2099);
#1740=AXIS2_PLACEMENT_3D('',#4337,#2100,#2101);
#1741=AXIS2_PLACEMENT_3D('',#4338,#2102,#2103);
#1742=AXIS2_PLACEMENT_3D('',#4340,#2104,#2105);
#1743=AXIS2_PLACEMENT_3D('',#4341,#2106,#2107);
#1744=AXIS2_PLACEMENT_3D('',#4342,#2108,#2109);
#1745=AXIS2_PLACEMENT_3D('',#4344,#2110,#2111);
#1746=AXIS2_PLACEMENT_3D('',#4345,#2112,#2113);
#1747=AXIS2_PLACEMENT_3D('',#4346,#2114,#2115);
#1748=AXIS2_PLACEMENT_3D('',#4348,#2116,#2117);
#1749=AXIS2_PLACEMENT_3D('',#4349,#2118,#2119);
#1750=AXIS2_PLACEMENT_3D('',#4350,#2120,#2121);
#1751=AXIS2_PLACEMENT_3D('',#4352,#2122,#2123);
#1752=DIRECTION('',(0.,0.,1.));
#1753=DIRECTION('',(1.,0.,0.));
#1754=DIRECTION('',(0.,-1.,6.12323399573677E-17));
#1755=DIRECTION('',(1.,0.,0.));
#1756=DIRECTION('',(0.,-1.,6.12323399573677E-17));
#1757=DIRECTION('',(0.,-6.12323399573677E-17,-1.));
#1758=DIRECTION('',(0.,-1.,6.12323399573677E-17));
#1759=DIRECTION('',(0.,-6.12323399573677E-17,-1.));
#1760=DIRECTION('',(-0.629750623353361,4.75651205726843E-17,0.776797368936104));
#1761=DIRECTION('',(0.,-1.,6.12323399573677E-17));
#1762=DIRECTION('',(0.,-6.12323399573677E-17,-1.));
#1763=DIRECTION('',(-0.865768939048927,3.06433538977653E-17,0.500443947089077));
#1764=DIRECTION('',(0.,-1.,6.12323399573677E-17));
#1765=DIRECTION('',(1.,0.,0.));
#1766=DIRECTION('',(0.,-1.,6.12323399573677E-17));
#1767=DIRECTION('',(0.,-6.12323399573677E-17,-1.));
#1768=DIRECTION('',(0.,-1.,6.12323399573677E-17));
#1769=DIRECTION('',(1.,0.,0.));
#1770=DIRECTION('',(0.,-1.,6.12323399573677E-17));
#1771=DIRECTION('',(0.,-6.12323399573677E-17,-1.));
#1772=DIRECTION('',(0.,-1.,6.12323399573677E-17));
#1773=DIRECTION('',(1.,0.,0.));
#1774=DIRECTION('',(0.,-1.,6.12323399573677E-17));
#1775=DIRECTION('',(0.,-6.12323399573677E-17,-1.));
#1776=DIRECTION('',(0.,-1.,6.12323399573677E-17));
#1777=DIRECTION('',(1.,0.,0.));
#1778=DIRECTION('',(0.,-1.,6.12323399573677E-17));
#1779=DIRECTION('',(0.,-6.12323399573677E-17,-1.));
#1780=DIRECTION('',(0.,-1.,6.12323399573677E-17));
#1781=DIRECTION('',(1.,0.,0.));
#1782=DIRECTION('',(0.,-1.,6.12323399573677E-17));
#1783=DIRECTION('',(0.,-6.12323399573677E-17,-1.));
#1784=DIRECTION('',(0.,-1.,6.12323399573677E-17));
#1785=DIRECTION('',(0.,-6.12323399573677E-17,-1.));
#1786=DIRECTION('',(0.,-1.,6.12323399573677E-17));
#1787=DIRECTION('',(0.,-6.12323399573677E-17,-1.));
#1788=DIRECTION('',(0.,-1.,6.12323399573677E-17));
#1789=DIRECTION('',(0.,-6.12323399573677E-17,-1.));
#1790=DIRECTION('',(0.,-1.,6.12323399573677E-17));
#1791=DIRECTION('',(0.,-6.12323399573677E-17,-1.));
#1792=DIRECTION('',(0.,-1.,6.12323399573677E-17));
#1793=DIRECTION('',(0.,-6.12323399573677E-17,-1.));
#1794=DIRECTION('',(0.629750623353361,4.75651205726843E-17,0.776797368936104));
#1795=DIRECTION('',(0.,-1.,6.12323399573677E-17));
#1796=DIRECTION('',(0.,-6.12323399573677E-17,-1.));
#1797=DIRECTION('',(0.865768939048927,3.06433538977653E-17,0.500443947089077));
#1798=DIRECTION('',(0.,-1.,6.12323399573677E-17));
#1799=DIRECTION('',(1.,0.,0.));
#1800=DIRECTION('',(0.,-1.,6.12323399573677E-17));
#1801=DIRECTION('',(0.,-6.12323399573677E-17,-1.));
#1802=DIRECTION('',(0.,-1.,6.12323399573677E-17));
#1803=DIRECTION('',(0.,-6.12323399573677E-17,-1.));
#1804=DIRECTION('',(0.,-1.,6.12323399573677E-17));
#1805=DIRECTION('',(0.,-6.12323399573677E-17,-1.));
#1806=DIRECTION('',(0.,-1.,6.12323399573677E-17));
#1807=DIRECTION('',(0.,-6.12323399573677E-17,-1.));
#1808=DIRECTION('',(0.,-1.,6.12323399573677E-17));
#1809=DIRECTION('',(0.,-6.12323399573677E-17,-1.));
#1810=DIRECTION('',(-0.629750623353361,4.75651205726843E-17,0.776797368936104));
#1811=DIRECTION('',(0.,-1.,6.12323399573677E-17));
#1812=DIRECTION('',(0.,-6.12323399573677E-17,-1.));
#1813=DIRECTION('',(-0.865768939048927,3.06433538977653E-17,0.500443947089077));
#1814=DIRECTION('',(0.,1.,-6.12323399573677E-17));
#1815=DIRECTION('',(0.,-6.12323399573677E-17,-1.));
#1816=DIRECTION('',(0.776797368936104,3.85611042575372E-17,0.629750623353361));
#1817=DIRECTION('',(0.629750623353361,0.,-0.776797368936104));
#1818=DIRECTION('',(0.,-1.,6.12323399573677E-17));
#1819=DIRECTION('',(0.,-1.,6.12323399573677E-17));
#1820=DIRECTION('',(-0.629750623353361,4.75651205726843E-17,0.776797368936104));
#1821=DIRECTION('',(0.,-1.,6.12323399573677E-17));
#1822=DIRECTION('',(0.,-6.12323399573677E-17,-1.));
#1823=DIRECTION('',(0.,1.,-6.12323399573677E-17));
#1824=DIRECTION('',(0.,-6.12323399573677E-17,-1.));
#1825=DIRECTION('',(0.,1.,-6.12323399573677E-17));
#1826=DIRECTION('',(0.,-6.12323399573677E-17,-1.));
#1827=DIRECTION('',(0.,-1.,6.12323399573677E-17));
#1828=DIRECTION('',(0.,-1.,6.12323399573677E-17));
#1829=DIRECTION('',(0.,-6.12323399573677E-17,-1.));
#1830=DIRECTION('',(0.,1.,-6.12323399573677E-17));
#1831=DIRECTION('',(0.,-6.12323399573677E-17,-1.));
#1832=DIRECTION('',(0.,1.,-6.12323399573677E-17));
#1833=DIRECTION('',(0.,-6.12323399573677E-17,-1.));
#1834=DIRECTION('',(0.,-1.,6.12323399573677E-17));
#1835=DIRECTION('',(0.,6.12323399573677E-17,1.));
#1836=DIRECTION('',(0.,-1.,6.12323399573677E-17));
#1837=DIRECTION('',(-1.,0.,0.));
#1838=DIRECTION('',(-1.,0.,0.));
#1839=DIRECTION('',(0.,-1.,6.12323399573677E-17));
#1840=DIRECTION('',(0.,-1.,6.12323399573677E-17));
#1841=DIRECTION('',(0.,-6.12323399573677E-17,-1.));
#1842=DIRECTION('',(0.,-1.,6.12323399573677E-17));
#1843=DIRECTION('',(0.,-6.12323399573677E-17,-1.));
#1844=DIRECTION('',(0.,-1.,6.12323399573677E-17));
#1845=DIRECTION('',(0.,-6.12323399573677E-17,-1.));
#1846=DIRECTION('',(0.,-1.,6.12323399573677E-17));
#1847=DIRECTION('',(0.,-1.,6.12323399573677E-17));
#1848=DIRECTION('',(0.,-6.12323399573677E-17,-1.));
#1849=DIRECTION('',(0.,-1.,6.12323399573677E-17));
#1850=DIRECTION('',(0.,-1.,6.12323399573677E-17));
#1851=DIRECTION('',(0.,-6.12323399573677E-17,-1.));
#1852=DIRECTION('',(0.,-1.,6.12323399573677E-17));
#1853=DIRECTION('',(0.,-6.12323399573677E-17,-1.));
#1854=DIRECTION('',(0.776797368936104,-3.85611042575372E-17,-0.629750623353361));
#1855=DIRECTION('',(-0.629750623353361,0.,-0.776797368936104));
#1856=DIRECTION('',(0.629750623353361,4.75651205726843E-17,0.776797368936104));
#1857=DIRECTION('',(0.,-1.,6.12323399573677E-17));
#1858=DIRECTION('',(0.,-1.,6.12323399573677E-17));
#1859=DIRECTION('',(0.,-6.12323399573677E-17,-1.));
#1860=DIRECTION('',(0.,-1.,6.12323399573677E-17));
#1861=DIRECTION('',(0.,-6.12323399573677E-17,-1.));
#1862=DIRECTION('',(0.,-1.,6.12323399573677E-17));
#1863=DIRECTION('',(0.500443947089077,-5.30130580003734E-17,-0.865768939048927));
#1864=DIRECTION('',(-0.865768939048927,0.,-0.500443947089077));
#1865=DIRECTION('',(0.500443947089077,-5.30130580003734E-17,-0.865768939048927));
#1866=DIRECTION('',(0.865768939048927,3.06433538977653E-17,0.500443947089077));
#1867=DIRECTION('',(0.865768939048927,3.06433538977653E-17,0.500443947089077));
#1868=DIRECTION('',(0.,-1.,6.12323399573677E-17));
#1869=DIRECTION('',(0.500443947089077,5.30130580003734E-17,0.865768939048927));
#1870=DIRECTION('',(0.865768939048927,0.,-0.500443947089077));
#1871=DIRECTION('',(0.500443947089077,5.30130580003734E-17,0.865768939048927));
#1872=DIRECTION('',(-0.865768939048927,3.06433538977653E-17,0.500443947089077));
#1873=DIRECTION('',(0.,-1.,6.12323399573677E-17));
#1874=DIRECTION('',(-0.865768939048927,3.06433538977653E-17,0.500443947089077));
#1875=DIRECTION('',(0.,-1.,6.12323399573677E-17));
#1876=DIRECTION('',(0.,-1.,6.12323399573677E-17));
#1877=DIRECTION('',(0.,-6.12323399573677E-17,-1.));
#1878=DIRECTION('',(0.,-1.,6.12323399573677E-17));
#1879=DIRECTION('',(0.,-6.12323399573677E-17,-1.));
#1880=DIRECTION('',(0.,-1.,6.12323399573677E-17));
#1881=DIRECTION('',(0.,-6.12323399573677E-17,-1.));
#1882=DIRECTION('',(0.,-1.,6.12323399573677E-17));
#1883=DIRECTION('',(0.,-6.12323399573677E-17,-1.));
#1884=DIRECTION('',(0.,-1.,6.12323399573677E-17));
#1885=DIRECTION('',(0.,-6.12323399573677E-17,-1.));
#1886=DIRECTION('',(0.,-1.,6.12323399573677E-17));
#1887=DIRECTION('',(0.,-6.12323399573677E-17,-1.));
#1888=DIRECTION('',(0.,-1.,6.12323399573677E-17));
#1889=DIRECTION('',(0.,-6.12323399573677E-17,-1.));
#1890=DIRECTION('',(0.,-1.,6.12323399573677E-17));
#1891=DIRECTION('',(0.,-6.12323399573677E-17,-1.));
#1892=DIRECTION('',(0.,-1.,6.12323399573677E-17));
#1893=DIRECTION('',(0.,-6.12323399573677E-17,-1.));
#1894=DIRECTION('',(0.,-1.,6.12323399573677E-17));
#1895=DIRECTION('',(0.,-6.12323399573677E-17,-1.));
#1896=DIRECTION('',(0.,-1.,6.12323399573677E-17));
#1897=DIRECTION('',(0.,-6.12323399573677E-17,-1.));
#1898=DIRECTION('',(0.,-1.,6.12323399573677E-17));
#1899=DIRECTION('',(0.,-6.12323399573677E-17,-1.));
#1900=DIRECTION('',(0.,-1.,6.12323399573677E-17));
#1901=DIRECTION('',(0.,-6.12323399573677E-17,-1.));
#1902=DIRECTION('',(0.,-1.,6.12323399573677E-17));
#1903=DIRECTION('',(0.,-6.12323399573677E-17,-1.));
#1904=DIRECTION('',(0.,-1.,6.12323399573677E-17));
#1905=DIRECTION('',(0.,-6.12323399573677E-17,-1.));
#1906=DIRECTION('',(0.,-1.,6.12323399573677E-17));
#1907=DIRECTION('',(0.,-6.12323399573677E-17,-1.));
#1908=DIRECTION('',(0.,-1.,6.12323399573677E-17));
#1909=DIRECTION('',(0.,-6.12323399573677E-17,-1.));
#1910=DIRECTION('',(0.,-1.,6.12323399573677E-17));
#1911=DIRECTION('',(0.,-6.12323399573677E-17,-1.));
#1912=DIRECTION('',(0.,-1.,6.12323399573677E-17));
#1913=DIRECTION('',(0.,-6.12323399573677E-17,-1.));
#1914=DIRECTION('',(0.,-1.,6.12323399573677E-17));
#1915=DIRECTION('',(0.,-6.12323399573677E-17,-1.));
#1916=DIRECTION('',(0.,-1.,6.12323399573677E-17));
#1917=DIRECTION('',(0.,-6.12323399573677E-17,-1.));
#1918=DIRECTION('',(0.,-1.,6.12323399573677E-17));
#1919=DIRECTION('',(0.,-6.12323399573677E-17,-1.));
#1920=DIRECTION('',(0.,-1.,6.12323399573677E-17));
#1921=DIRECTION('',(0.,-6.12323399573677E-17,-1.));
#1922=DIRECTION('',(0.,-1.,6.12323399573677E-17));
#1923=DIRECTION('',(0.,-6.12323399573677E-17,-1.));
#1924=DIRECTION('',(0.,-1.,6.12323399573677E-17));
#1925=DIRECTION('',(0.,-6.12323399573677E-17,-1.));
#1926=DIRECTION('',(0.,-1.,6.12323399573677E-17));
#1927=DIRECTION('',(0.,-6.12323399573677E-17,-1.));
#1928=DIRECTION('',(0.,-1.,6.12323399573677E-17));
#1929=DIRECTION('',(0.,-6.12323399573677E-17,-1.));
#1930=DIRECTION('',(0.,-1.,6.12323399573677E-17));
#1931=DIRECTION('',(0.,-6.12323399573677E-17,-1.));
#1932=DIRECTION('',(0.,-1.,6.12323399573677E-17));
#1933=DIRECTION('',(0.,-6.12323399573677E-17,-1.));
#1934=DIRECTION('',(0.,-1.,6.12323399573677E-17));
#1935=DIRECTION('',(0.,-6.12323399573677E-17,-1.));
#1936=DIRECTION('',(0.,-1.,6.12323399573677E-17));
#1937=DIRECTION('',(0.,-6.12323399573677E-17,-1.));
#1938=DIRECTION('',(0.,-1.,6.12323399573677E-17));
#1939=DIRECTION('',(0.,-6.12323399573677E-17,-1.));
#1940=DIRECTION('',(0.,-1.,6.12323399573677E-17));
#1941=DIRECTION('',(0.,-6.12323399573677E-17,-1.));
#1942=DIRECTION('',(0.,-1.,6.12323399573677E-17));
#1943=DIRECTION('',(0.,-6.12323399573677E-17,-1.));
#1944=DIRECTION('',(0.,-1.,6.12323399573677E-17));
#1945=DIRECTION('',(0.,-6.12323399573677E-17,-1.));
#1946=DIRECTION('',(0.,-1.,6.12323399573677E-17));
#1947=DIRECTION('',(0.,-6.12323399573677E-17,-1.));
#1948=DIRECTION('',(0.,-1.,6.12323399573677E-17));
#1949=DIRECTION('',(0.,-6.12323399573677E-17,-1.));
#1950=DIRECTION('',(0.,-1.,6.12323399573677E-17));
#1951=DIRECTION('',(0.,-6.12323399573677E-17,-1.));
#1952=DIRECTION('',(0.,-1.,6.12323399573677E-17));
#1953=DIRECTION('',(0.,-6.12323399573677E-17,-1.));
#1954=DIRECTION('',(0.,-1.,6.12323399573677E-17));
#1955=DIRECTION('',(0.,-6.12323399573677E-17,-1.));
#1956=DIRECTION('',(0.,-1.,6.12323399573677E-17));
#1957=DIRECTION('',(0.,-6.12323399573677E-17,-1.));
#1958=DIRECTION('',(0.,-1.,6.12323399573677E-17));
#1959=DIRECTION('',(0.,-6.12323399573677E-17,-1.));
#1960=DIRECTION('',(0.,-1.,6.12323399573677E-17));
#1961=DIRECTION('',(0.,-6.12323399573677E-17,-1.));
#1962=DIRECTION('',(0.,-1.,6.12323399573677E-17));
#1963=DIRECTION('',(0.,-6.12323399573677E-17,-1.));
#1964=DIRECTION('',(0.,-1.,6.12323399573677E-17));
#1965=DIRECTION('',(0.,-6.12323399573677E-17,-1.));
#1966=DIRECTION('',(0.,-1.,6.12323399573677E-17));
#1967=DIRECTION('',(0.,-6.12323399573677E-17,-1.));
#1968=DIRECTION('',(0.,-1.,6.12323399573677E-17));
#1969=DIRECTION('',(0.,-6.12323399573677E-17,-1.));
#1970=DIRECTION('',(0.,-1.,6.12323399573677E-17));
#1971=DIRECTION('',(0.,-6.12323399573677E-17,-1.));
#1972=DIRECTION('',(0.,-1.,6.12323399573677E-17));
#1973=DIRECTION('',(0.,-6.12323399573677E-17,-1.));
#1974=DIRECTION('',(0.,-1.,6.12323399573677E-17));
#1975=DIRECTION('',(0.,-6.12323399573677E-17,-1.));
#1976=DIRECTION('',(0.,-1.,6.12323399573677E-17));
#1977=DIRECTION('',(0.,-6.12323399573677E-17,-1.));
#1978=DIRECTION('',(0.,-1.,6.12323399573677E-17));
#1979=DIRECTION('',(0.,-6.12323399573677E-17,-1.));
#1980=DIRECTION('',(0.,1.,-6.12323399573677E-17));
#1981=DIRECTION('',(0.,-6.12323399573677E-17,-1.));
#1982=DIRECTION('',(0.,-1.,6.12323399573677E-17));
#1983=DIRECTION('',(0.,-6.12323399573677E-17,-1.));
#1984=DIRECTION('',(0.,-1.,6.12323399573677E-17));
#1985=DIRECTION('',(0.,-6.12323399573677E-17,-1.));
#1986=DIRECTION('',(0.,-1.,6.12323399573677E-17));
#1987=DIRECTION('',(1.,0.,0.));
#1988=DIRECTION('',(0.,-1.,6.12323399573677E-17));
#1989=DIRECTION('',(0.,-6.12323399573677E-17,-1.));
#1990=DIRECTION('',(0.,-1.,6.12323399573677E-17));
#1991=DIRECTION('',(1.,0.,0.));
#1992=DIRECTION('',(0.,-1.,6.12323399573677E-17));
#1993=DIRECTION('',(0.,-6.12323399573677E-17,-1.));
#1994=DIRECTION('',(0.,-1.,6.12323399573677E-17));
#1995=DIRECTION('',(0.,-6.12323399573677E-17,-1.));
#1996=DIRECTION('',(0.,1.,-6.12323399573677E-17));
#1997=DIRECTION('',(0.,1.,-6.12323399573677E-17));
#1998=DIRECTION('',(0.,1.,-6.12323399573677E-17));
#1999=DIRECTION('',(0.,1.,-6.12323399573677E-17));
#2000=DIRECTION('',(0.,1.,-6.12323399573677E-17));
#2001=DIRECTION('',(0.,1.,-6.12323399573677E-17));
#2002=DIRECTION('',(-0.500443947089077,-5.30130580003734E-17,-0.865768939048927));
#2003=DIRECTION('',(-0.865768939048927,0.,0.500443947089077));
#2004=DIRECTION('',(-0.865768939048927,3.06433538977653E-17,0.500443947089077));
#2005=DIRECTION('',(-0.500443947089077,-5.30130580003734E-17,-0.865768939048927));
#2006=DIRECTION('',(-0.865768939048927,3.06433538977653E-17,0.500443947089077));
#2007=DIRECTION('',(-0.865768939048927,3.06433538977653E-17,0.500443947089077));
#2008=DIRECTION('',(0.,1.,-6.12323399573677E-17));
#2009=DIRECTION('',(0.,1.,-6.12323399573677E-17));
#2010=DIRECTION('',(0.,1.,-6.12323399573677E-17));
#2011=DIRECTION('',(0.,6.12323399573677E-17,1.));
#2012=DIRECTION('',(0.,1.,-6.12323399573677E-17));
#2013=DIRECTION('',(0.,-1.,6.12323399573677E-17));
#2014=DIRECTION('',(0.,-6.12323399573677E-17,-1.));
#2015=DIRECTION('',(-0.776797368936104,-3.85611042575372E-17,-0.629750623353361));
#2016=DIRECTION('',(-0.629750623353361,0.,0.776797368936104));
#2017=DIRECTION('',(0.,1.,-6.12323399573677E-17));
#2018=DIRECTION('',(-0.629750623353361,4.75651205726843E-17,0.776797368936104));
#2019=DIRECTION('',(0.,1.,-6.12323399573677E-17));
#2020=DIRECTION('',(0.,6.12323399573677E-17,1.));
#2021=DIRECTION('',(0.,1.,-6.12323399573677E-17));
#2022=DIRECTION('',(0.,-1.,6.12323399573677E-17));
#2023=DIRECTION('',(0.,-6.12323399573677E-17,-1.));
#2024=DIRECTION('',(-0.776797368936104,3.85611042575372E-17,0.629750623353361));
#2025=DIRECTION('',(0.629750623353361,0.,0.776797368936104));
#2026=DIRECTION('',(0.,1.,-6.12323399573677E-17));
#2027=DIRECTION('',(0.629750623353361,4.75651205726843E-17,0.776797368936104));
#2028=DIRECTION('',(0.629750623353361,4.75651205726843E-17,0.776797368936104));
#2029=DIRECTION('',(0.,1.,-6.12323399573677E-17));
#2030=DIRECTION('',(0.,6.12323399573677E-17,1.));
#2031=DIRECTION('',(0.,1.,-6.12323399573677E-17));
#2032=DIRECTION('',(0.,-1.,6.12323399573677E-17));
#2033=DIRECTION('',(0.,-6.12323399573677E-17,-1.));
#2034=DIRECTION('',(0.,-1.,6.12323399573677E-17));
#2035=DIRECTION('',(0.,-6.12323399573677E-17,-1.));
#2036=DIRECTION('',(-0.500443947089077,5.30130580003734E-17,0.865768939048927));
#2037=DIRECTION('',(0.865768939048927,0.,0.500443947089077));
#2038=DIRECTION('',(0.865768939048927,3.06433538977653E-17,0.500443947089077));
#2039=DIRECTION('',(-0.500443947089077,5.30130580003734E-17,0.865768939048927));
#2040=DIRECTION('',(0.865768939048927,3.06433538977653E-17,0.500443947089077));
#2041=DIRECTION('',(0.865768939048927,3.06433538977653E-17,0.500443947089077));
#2042=DIRECTION('',(0.865768939048927,3.06433538977653E-17,0.500443947089077));
#2043=DIRECTION('',(0.,1.,-6.12323399573677E-17));
#2044=DIRECTION('',(0.,1.,-6.12323399573677E-17));
#2045=DIRECTION('',(0.,6.12323399573677E-17,1.));
#2046=DIRECTION('',(0.,-1.,6.12323399573677E-17));
#2047=DIRECTION('',(0.,-6.12323399573677E-17,-1.));
#2048=DIRECTION('',(0.,1.,-6.12323399573677E-17));
#2049=DIRECTION('',(0.,6.12323399573677E-17,1.));
#2050=DIRECTION('',(0.,-1.,6.12323399573677E-17));
#2051=DIRECTION('',(0.,-6.12323399573677E-17,-1.));
#2052=DIRECTION('',(0.,-1.,6.12323399573677E-17));
#2053=DIRECTION('',(0.,-6.12323399573677E-17,-1.));
#2054=DIRECTION('',(0.,1.,-6.12323399573677E-17));
#2055=DIRECTION('',(0.,6.12323399573677E-17,1.));
#2056=DIRECTION('',(0.,-1.,6.12323399573677E-17));
#2057=DIRECTION('',(0.,-6.12323399573677E-17,-1.));
#2058=DIRECTION('',(0.,-1.,6.12323399573677E-17));
#2059=DIRECTION('',(0.,-6.12323399573677E-17,-1.));
#2060=DIRECTION('',(0.,-1.,6.12323399573677E-17));
#2061=DIRECTION('',(1.,0.,0.));
#2062=DIRECTION('',(0.629750623353361,4.75651205726843E-17,0.776797368936104));
#2063=DIRECTION('',(0.,-1.,6.12323399573677E-17));
#2064=DIRECTION('',(0.,-6.12323399573677E-17,-1.));
#2065=DIRECTION('',(0.865768939048927,3.06433538977653E-17,0.500443947089077));
#2066=DIRECTION('',(0.,-1.,6.12323399573677E-17));
#2067=DIRECTION('',(0.,-6.12323399573677E-17,-1.));
#2068=DIRECTION('',(-0.865768939048927,3.06433538977653E-17,0.500443947089077));
#2069=DIRECTION('',(0.,-1.,6.12323399573677E-17));
#2070=DIRECTION('',(0.,-6.12323399573677E-17,-1.));
#2071=DIRECTION('',(-0.629750623353361,4.75651205726843E-17,0.776797368936104));
#2072=DIRECTION('',(0.,-1.,6.12323399573677E-17));
#2073=DIRECTION('',(1.,0.,0.));
#2074=DIRECTION('',(-0.629750623353361,4.75651205726843E-17,0.776797368936104));
#2075=DIRECTION('',(0.776797368936104,0.,0.629750623353361));
#2076=DIRECTION('',(-0.629750623353361,0.,0.776797368936104));
#2077=DIRECTION('',(0.776797368936104,0.,0.629750623353361));
#2078=DIRECTION('',(0.,-1.,6.12323399573677E-17));
#2079=DIRECTION('',(0.,-6.12323399573677E-17,-1.));
#2080=DIRECTION('',(0.865768939048927,0.,-0.500443947089077));
#2081=DIRECTION('',(-0.500443947089077,0.,-0.865768939048927));
#2082=DIRECTION('',(0.865768939048927,-3.06433538977653E-17,-0.500443947089077));
#2083=DIRECTION('',(-0.500443947089077,0.,-0.865768939048927));
#2084=DIRECTION('',(0.865768939048927,0.,-0.500443947089077));
#2085=DIRECTION('',(-0.500443947089077,0.,-0.865768939048927));
#2086=DIRECTION('',(0.,-1.,6.12323399573677E-17));
#2087=DIRECTION('',(0.,-6.12323399573677E-17,-1.));
#2088=DIRECTION('',(0.865768939048928,1.58000104451042E-15,0.500443947089076));
#2089=DIRECTION('',(0.500443947089076,0.,-0.865768939048928));
#2090=DIRECTION('',(0.865768939048927,3.06433538977653E-17,0.500443947089077));
#2091=DIRECTION('',(0.500443947089077,0.,-0.865768939048927));
#2092=DIRECTION('',(0.865768939048927,5.78754575617278E-16,0.500443947089077));
#2093=DIRECTION('',(0.500443947089077,0.,-0.865768939048927));
#2094=DIRECTION('',(0.,-1.,6.12323399573677E-17));
#2095=DIRECTION('',(0.,-6.12323399573677E-17,-1.));
#2096=DIRECTION('',(-0.629750623353361,-1.45659092045614E-15,-0.776797368936104));
#2097=DIRECTION('',(-0.776797368936104,0.,0.629750623353361));
#2098=DIRECTION('',(-0.629750623353361,-4.75651205726843E-17,-0.776797368936104));
#2099=DIRECTION('',(-0.776797368936104,0.,0.629750623353361));
#2100=DIRECTION('',(0.,6.12323399573677E-17,1.));
#2101=DIRECTION('',(0.,-1.,6.12323399573677E-17));
#2102=DIRECTION('',(0.,-6.12323399573677E-17,-1.));
#2103=DIRECTION('',(0.,-1.,6.12323399573677E-17));
#2104=DIRECTION('',(0.,6.12323399573677E-17,1.));
#2105=DIRECTION('',(1.,0.,0.));
#2106=DIRECTION('',(0.,6.12323399573677E-17,1.));
#2107=DIRECTION('',(0.,-1.,6.12323399573677E-17));
#2108=DIRECTION('',(0.,6.12323399573677E-17,1.));
#2109=DIRECTION('',(0.,-1.,6.12323399573677E-17));
#2110=DIRECTION('',(0.,6.12323399573677E-17,1.));
#2111=DIRECTION('',(1.,0.,0.));
#2112=DIRECTION('',(0.,6.12323399573677E-17,1.));
#2113=DIRECTION('',(0.,-1.,6.12323399573677E-17));
#2114=DIRECTION('',(0.,-6.12323399573677E-17,-1.));
#2115=DIRECTION('',(0.,-1.,6.12323399573677E-17));
#2116=DIRECTION('',(0.,6.12323399573677E-17,1.));
#2117=DIRECTION('',(1.,0.,0.));
#2118=DIRECTION('',(0.,6.12323399573677E-17,1.));
#2119=DIRECTION('',(0.,-1.,6.12323399573677E-17));
#2120=DIRECTION('',(0.,6.12323399573677E-17,1.));
#2121=DIRECTION('',(0.,-1.,6.12323399573677E-17));
#2122=DIRECTION('',(0.,6.12323399573677E-17,1.));
#2123=DIRECTION('',(1.,0.,0.));
#2124=CARTESIAN_POINT('',(0.,0.,0.));
#2125=CARTESIAN_POINT('',(1.38777878078145E-17,-0.22,0.00173659438862091));
#2126=CARTESIAN_POINT('',(-0.04215,-0.22,0.0155));
#2127=CARTESIAN_POINT('',(-0.04215,-0.22,0.01125));
#2128=CARTESIAN_POINT('',(-1.21430643318376E-17,-0.22,0.0538195312053523));
#2129=CARTESIAN_POINT('',(-0.01715,-0.22,0.02415));
#2130=CARTESIAN_POINT('',(-0.0117835647792017,-0.22,0.0216395501140008));
#2131=CARTESIAN_POINT('',(-0.0117835647792016,-0.22,0.0216395501140008));
#2132=CARTESIAN_POINT('',(-0.0141932848763641,-0.22,0.018442598290259));
#2133=CARTESIAN_POINT('',(-0.0177789531675862,-0.22,0.0136080076808285));
#2134=CARTESIAN_POINT('',(-0.0231369576424305,-0.22,0.00768373976602755));
#2135=CARTESIAN_POINT('',(-0.0291343864901862,-0.22,0.00233742075236605));
#2136=CARTESIAN_POINT('',(-0.0359144961792112,-0.22,-0.00196417859560257));
#2137=CARTESIAN_POINT('',(-0.0428744501538782,-0.22,-0.00593743341834955));
#2138=CARTESIAN_POINT('',(-0.0463461972023579,-0.22,-0.00794060660979057));
#2139=CARTESIAN_POINT('',(-0.0480830994689544,-0.22,-0.00894012498300264));
#2140=CARTESIAN_POINT('',(-0.0480830994689544,-0.22,-0.00894012498300266));
#2141=CARTESIAN_POINT('',(-0.0518707168368462,-0.22,-0.00426809910989111));
#2142=CARTESIAN_POINT('',(-0.0576859473787221,-0.22,0.00290498753293285));
#2143=CARTESIAN_POINT('',(-0.04215,-0.22,0.0155));
#2144=CARTESIAN_POINT('',(-0.0321411210582185,-0.22,0.0328153787809786));
#2145=CARTESIAN_POINT('',(-0.0246455605291092,-0.22,0.0284826893904893));
#2146=CARTESIAN_POINT('',(1.38777878078145E-17,-0.22,0.00173659438862091));
#2147=CARTESIAN_POINT('',(0.00465552137275059,-0.22,0.0198676578742201));
#2148=CARTESIAN_POINT('',(0.00499631702529273,-0.22,0.0166741113943458));
#2149=CARTESIAN_POINT('',(0.00555797850031198,-0.22,0.0118928222404593));
#2150=CARTESIAN_POINT('',(0.00591975633405787,-0.22,0.00546349521592919));
#2151=CARTESIAN_POINT('',(0.00581249537856538,-0.22,0.000657614552627682));
#2152=CARTESIAN_POINT('',(0.00506780533751494,-0.22,-0.00413275331444524));
#2153=CARTESIAN_POINT('',(0.00370222732236936,-0.22,-0.00872172725349451));
#2154=CARTESIAN_POINT('',(0.00195726507382053,-0.22,-0.013197411858326));
#2155=CARTESIAN_POINT('',(0.000662356852452489,-0.22,-0.0161339214867811));
#2156=CARTESIAN_POINT('',(-3.20923843055709E-17,-0.22,-0.0175940439059842));
#2157=CARTESIAN_POINT('',(0.00465552137275061,-0.22,0.0198676578742201));
#2158=CARTESIAN_POINT('',(-1.30104260698261E-17,-0.22,-0.0175940439059842));
#2159=CARTESIAN_POINT('',(3.29597460435593E-17,-0.22,-0.0175940439059842));
#2160=CARTESIAN_POINT('',(-0.000663555639702551,-0.22,-0.0161312788385875));
#2161=CARTESIAN_POINT('',(-0.00195909631186242,-0.22,-0.0131935965263549));
#2162=CARTESIAN_POINT('',(-0.00371358005722652,-0.22,-0.00869192827590691));
#2163=CARTESIAN_POINT('',(-0.00508011826547956,-0.22,-0.00408203415162402));
#2164=CARTESIAN_POINT('',(-0.00581612072202206,-0.22,0.000709939109156063));
#2165=CARTESIAN_POINT('',(-0.00591828688009179,-0.22,0.00549457428301222));
#2166=CARTESIAN_POINT('',(-0.00555719114709841,-0.22,0.0118962577177668));
#2167=CARTESIAN_POINT('',(-0.00499585809303478,-0.22,0.0166784119817681));
#2168=CARTESIAN_POINT('',(-0.00465552137275059,-0.22,0.0198676578742201));
#2169=CARTESIAN_POINT('',(-0.00465552137275062,-0.22,0.0198676578742201));
#2170=CARTESIAN_POINT('',(-1.21430643318376E-17,-0.22,0.0538195312053523));
#2171=CARTESIAN_POINT('',(1.38777878078145E-17,-0.22,0.00173659438862091));
#2172=CARTESIAN_POINT('',(2.08166817117217E-17,-0.22,0.0297851506620646));
#2173=CARTESIAN_POINT('',(-0.0450270816399795,-0.22,-0.0125619927013006));
#2174=CARTESIAN_POINT('',(-0.00642266547954732,-0.22,-0.0316922272926645));
#2175=CARTESIAN_POINT('',(-0.0450270816399795,-0.22,-0.0125619927013006));
#2176=CARTESIAN_POINT('',(-0.0414045708641834,-0.22,-0.0130468033095752));
#2177=CARTESIAN_POINT('',(-0.0359621255793778,-0.22,-0.0137191264082197));
#2178=CARTESIAN_POINT('',(-0.0287530627031452,-0.22,-0.0149288565456079));
#2179=CARTESIAN_POINT('',(-0.0234349764924302,-0.22,-0.0162140742742073));
#2180=CARTESIAN_POINT('',(-0.0182781229992979,-0.22,-0.0181396164576327));
#2181=CARTESIAN_POINT('',(-0.0117351736442072,-0.22,-0.0214086823339016));
#2182=CARTESIAN_POINT('',(-0.00703040045148014,-0.22,-0.0242501744912553));
#2183=CARTESIAN_POINT('',(-0.00388334015613149,-0.22,-0.0261185151228197));
#2184=CARTESIAN_POINT('',(-0.00388334015613148,-0.22,-0.0261185151228197));
#2185=CARTESIAN_POINT('',(-0.00388334015613147,-0.22,-0.0261185151228198));
#2186=CARTESIAN_POINT('',(-0.00472978193060343,-0.22,-0.0279764191794347));
#2187=CARTESIAN_POINT('',(-0.00557622370507539,-0.22,-0.0298343232360496));
#2188=CARTESIAN_POINT('',(-0.00642266547954735,-0.22,-0.0316922272926645));
#2189=CARTESIAN_POINT('',(1.38777878078145E-17,-0.22,0.00173659438862091));
#2190=CARTESIAN_POINT('',(-0.00563511258754623,-0.22,-0.0317694116235711));
#2191=CARTESIAN_POINT('',(-0.00375674172503082,-0.22,-0.0306542640654607));
#2192=CARTESIAN_POINT('',(-0.00187837086251542,-0.22,-0.0295391165073503));
#2193=CARTESIAN_POINT('',(-4.77048955893622E-18,-0.22,-0.0284239689492398));
#2194=CARTESIAN_POINT('',(-0.00563511258754491,-0.22,-0.0317694116235734));
#2195=CARTESIAN_POINT('',(-8.67361737988404E-19,-0.22,-0.0284239689492398));
#2196=CARTESIAN_POINT('',(4.77048955893622E-18,-0.22,-0.0284239689492398));
#2197=CARTESIAN_POINT('',(0.00187837086251644,-0.22,-0.0295391165073509));
#2198=CARTESIAN_POINT('',(0.00375674172503289,-0.22,-0.0306542640654619));
#2199=CARTESIAN_POINT('',(0.00563511258754932,-0.22,-0.0317694116235729));
#2200=CARTESIAN_POINT('',(0.0056351125875493,-0.22,-0.0317694116235729));
#2201=CARTESIAN_POINT('',(2.08166817117217E-17,-0.22,0.0297851506620646));
#2202=CARTESIAN_POINT('',(1.38777878078145E-17,-0.22,0.00173659438862091));
#2203=CARTESIAN_POINT('',(2.08166817117217E-17,-0.22,0.0297851506620646));
#2204=CARTESIAN_POINT('',(0.00642266547955524,-0.22,-0.0316922272926638));
#2205=CARTESIAN_POINT('',(0.0450270816399795,-0.22,-0.0125619927013006));
#2206=CARTESIAN_POINT('',(0.00642266547954839,-0.22,-0.0316922272926668));
#2207=CARTESIAN_POINT('',(0.00557622370507608,-0.22,-0.0298343232360511));
#2208=CARTESIAN_POINT('',(0.00472978193060378,-0.22,-0.0279764191794354));
#2209=CARTESIAN_POINT('',(0.00388334015613147,-0.22,-0.0261185151228197));
#2210=CARTESIAN_POINT('',(0.00388334015613148,-0.22,-0.0261185151228197));
#2211=CARTESIAN_POINT('',(0.00388334015613147,-0.22,-0.0261185151228198));
#2212=CARTESIAN_POINT('',(0.00702568631027111,-0.22,-0.024252973173434));
#2213=CARTESIAN_POINT('',(0.0117278477753752,-0.22,-0.0214137496966803));
#2214=CARTESIAN_POINT('',(0.0182486721088832,-0.22,-0.0181532918981183));
#2215=CARTESIAN_POINT('',(0.0234009464155676,-0.22,-0.0162240456478918));
#2216=CARTESIAN_POINT('',(0.0287298473394787,-0.22,-0.0149330535313489));
#2217=CARTESIAN_POINT('',(0.0359529847435951,-0.22,-0.0137201366986775));
#2218=CARTESIAN_POINT('',(0.0413999464550245,-0.22,-0.0130474222070074));
#2219=CARTESIAN_POINT('',(0.0450270816399795,-0.22,-0.0125619927013006));
#2220=CARTESIAN_POINT('',(0.,-0.18,-0.00854251442127242));
#2221=CARTESIAN_POINT('',(0.04215,-0.18,0.0155));
#2222=CARTESIAN_POINT('',(0.04215,-0.18,0.011));
#2223=CARTESIAN_POINT('',(0.04215,-0.18,0.00350000000000008));
#2224=CARTESIAN_POINT('',(0.04215,-0.18,0.00155000000000008));
#2225=CARTESIAN_POINT('',(0.03015,-0.18,0.0155));
#2226=CARTESIAN_POINT('',(0.03015,-0.18,0.01355));
#2227=CARTESIAN_POINT('',(0.04215,-0.18,0.0275));
#2228=CARTESIAN_POINT('',(0.04215,-0.18,0.02555));
#2229=CARTESIAN_POINT('',(0.05415,-0.18,0.0155));
#2230=CARTESIAN_POINT('',(0.05415,-0.18,0.01355));
#2231=CARTESIAN_POINT('',(-6.93889390390723E-18,-0.18,0.0538195312053523));
#2232=CARTESIAN_POINT('',(0.00997189271301013,-0.18,0.0210328732837892));
#2233=CARTESIAN_POINT('',(0.01715,-0.18,0.02415));
#2234=CARTESIAN_POINT('',(0.00997189271301013,-0.18,0.0210328732837892));
#2235=CARTESIAN_POINT('',(0.0105257070389161,-0.18,0.0203433803708643));
#2236=CARTESIAN_POINT('',(0.0115213068518985,-0.18,0.019104425587438));
#2237=CARTESIAN_POINT('',(0.0124856948118186,-0.18,0.0179058582996411));
#2238=CARTESIAN_POINT('',(0.0130892095725907,-0.18,0.017156992730526));
#2239=CARTESIAN_POINT('',(0.0133962592187953,-0.18,0.0167766290539828));
#2240=CARTESIAN_POINT('',(0.0136001740276802,-0.18,0.0165244999385795));
#2241=CARTESIAN_POINT('',(0.0137313155060446,-0.18,0.0163626245578517));
#2242=CARTESIAN_POINT('',(0.013825602210655,-0.18,0.0162465413025173));
#2243=CARTESIAN_POINT('',(0.013877491761189,-0.18,0.0161827912738999));
#2244=CARTESIAN_POINT('',(0.0139122006214492,-0.18,0.0161402438389562));
#2245=CARTESIAN_POINT('',(0.0139152748561137,-0.18,0.0161364570292972));
#2246=CARTESIAN_POINT('',(0.0139997724886335,-0.18,0.016033080965183));
#2247=CARTESIAN_POINT('',(0.0140837750728342,-0.18,0.0159304721985356));
#2248=CARTESIAN_POINT('',(0.0142434974507462,-0.18,0.0157356902924247));
#2249=CARTESIAN_POINT('',(0.0144631977581292,-0.18,0.0154688190179972));
#2250=CARTESIAN_POINT('',(0.0147273379509864,-0.18,0.0151495823150554));
#2251=CARTESIAN_POINT('',(0.0150751897114248,-0.18,0.0147314010358504));
#2252=CARTESIAN_POINT('',(0.0155042403130942,-0.18,0.0142197894238744));
#2253=CARTESIAN_POINT('',(0.0161770366126629,-0.18,0.0134265707929587));
#2254=CARTESIAN_POINT('',(0.0168318955619211,-0.18,0.0126684868767533));
#2255=CARTESIAN_POINT('',(0.0173832038924958,-0.18,0.012042545783433));
#2256=CARTESIAN_POINT('',(0.0176999604110233,-0.18,0.0116867871872845));
#2257=CARTESIAN_POINT('',(0.0179163393525425,-0.18,0.0114453081806839));
#2258=CARTESIAN_POINT('',(0.0182017991845153,-0.18,0.0111293661930727));
#2259=CARTESIAN_POINT('',(0.0185565264943278,-0.18,0.0107406211967252));
#2260=CARTESIAN_POINT('',(0.019184858383187,-0.18,0.0100612949293098));
#2261=CARTESIAN_POINT('',(0.0200666291123493,-0.18,0.00913565370866458));
#2262=CARTESIAN_POINT('',(0.0209332189209044,-0.18,0.00826234371899669));
#2263=CARTESIAN_POINT('',(0.0216242678524303,-0.18,0.0075890349468201));
#2264=CARTESIAN_POINT('',(0.0221198312528585,-0.18,0.00711673252625307));
#2265=CARTESIAN_POINT('',(0.0226817322394541,-0.18,0.00659444089886222));
#2266=CARTESIAN_POINT('',(0.0234150884497984,-0.18,0.00593099214119083));
#2267=CARTESIAN_POINT('',(0.0243512440382225,-0.18,0.00511677114568841));
#2268=CARTESIAN_POINT('',(0.0254847480426825,-0.18,0.00418246509627447));
#2269=CARTESIAN_POINT('',(0.0266529919370101,-0.18,0.00327244658500629));
#2270=CARTESIAN_POINT('',(0.0277785045775778,-0.18,0.00244198681740659));
#2271=CARTESIAN_POINT('',(0.0289846491955066,-0.18,0.00159334788051221));
#2272=CARTESIAN_POINT('',(0.0300373731937826,-0.18,0.000887927273476659));
#2273=CARTESIAN_POINT('',(0.0308934484615613,-0.18,0.000332900093062843));
#2274=CARTESIAN_POINT('',(0.031591599928303,-0.18,-0.000108999209014206));
#2275=CARTESIAN_POINT('',(0.0321426535057565,-0.18,-0.000450793427896463));
#2276=CARTESIAN_POINT('',(0.0329631797046651,-0.18,-0.000951850068670297));
#2277=CARTESIAN_POINT('',(0.0338079463582906,-0.18,-0.00145465972482668));
#2278=CARTESIAN_POINT('',(0.03469923051351,-0.18,-0.00197335878007073));
#2279=CARTESIAN_POINT('',(0.0352727722588341,-0.18,-0.00230231693483815));
#2280=CARTESIAN_POINT('',(0.0357415956362372,-0.18,-0.00256844235594893));
#2281=CARTESIAN_POINT('',(0.0360992447212392,-0.18,-0.00277008365948091));
#2282=CARTESIAN_POINT('',(0.0363985151736365,-0.18,-0.00293772034440608));
#2283=CARTESIAN_POINT('',(0.0366161696721632,-0.18,-0.00305902671424578));
#2284=CARTESIAN_POINT('',(0.036731914225301,-0.18,-0.00312339753990773));
#2285=CARTESIAN_POINT('',(0.0368451465056388,-0.18,-0.00318624700050592));
#2286=CARTESIAN_POINT('',(0.0368589103380644,-0.18,-0.00319385909054145));
#2287=CARTESIAN_POINT('',(0.0369143492534125,-0.18,-0.00322454025785886));
#2288=CARTESIAN_POINT('',(0.0369999467325332,-0.18,-0.00327176370888885));
#2289=CARTESIAN_POINT('',(0.0371450176273919,-0.18,-0.00335149894315275));
#2290=CARTESIAN_POINT('',(0.0373381800293259,-0.18,-0.00345717062837675));
#2291=CARTESIAN_POINT('',(0.0376273399924972,-0.18,-0.00361481148879239));
#2292=CARTESIAN_POINT('',(0.0380452182562199,-0.18,-0.00384168353991465));
#2293=CARTESIAN_POINT('',(0.0388353778430097,-0.18,-0.00426894855641618));
#2294=CARTESIAN_POINT('',(0.039807472119851,-0.18,-0.00479239712034797));
#2295=CARTESIAN_POINT('',(0.0408172204011511,-0.18,-0.00533456237055441));
#2296=CARTESIAN_POINT('',(0.0414398332369708,-0.18,-0.0056684869180275));
#2297=CARTESIAN_POINT('',(0.0419291938709785,-0.18,-0.00593077106525413));
#2298=CARTESIAN_POINT('',(0.0423570510628569,-0.18,-0.00615995183100747));
#2299=CARTESIAN_POINT('',(0.042708239787188,-0.18,-0.00634798734929412));
#2300=CARTESIAN_POINT('',(0.042915110961795,-0.18,-0.00645872121092157));
#2301=CARTESIAN_POINT('',(0.0430467505437584,-0.18,-0.00652917469638562));
#2302=CARTESIAN_POINT('',(0.043154205071525,-0.18,-0.00658667975567302));
#2303=CARTESIAN_POINT('',(0.0431492806583723,-0.18,-0.00658404360827961));
#2304=CARTESIAN_POINT('',(0.0431787580616549,-0.18,-0.00659981844648004));
#2305=CARTESIAN_POINT('',(0.0432257612543525,-0.18,-0.00662497178246435));
#2306=CARTESIAN_POINT('',(0.0433643419803674,-0.18,-0.0066991330328508));
#2307=CARTESIAN_POINT('',(0.0436700308141294,-0.18,-0.00686272332091065));
#2308=CARTESIAN_POINT('',(0.0441983858534436,-0.18,-0.0071454760248932));
#2309=CARTESIAN_POINT('',(0.0448846403783714,-0.18,-0.00751273094408015));
#2310=CARTESIAN_POINT('',(0.0460114693535596,-0.18,-0.00811576432970639));
#2311=CARTESIAN_POINT('',(0.0470945289993272,-0.18,-0.00869537533466457));
#2312=CARTESIAN_POINT('',(0.0479223592690416,-0.18,-0.00913839801322163));
#2313=CARTESIAN_POINT('',(0.0479223592690416,-0.18,-0.00913839801322163));
#2314=CARTESIAN_POINT('',(0.0518707168368462,-0.18,-0.00426809910989111));
#2315=CARTESIAN_POINT('',(0.0576859473787221,-0.18,0.00290498753293286));
#2316=CARTESIAN_POINT('',(0.04215,-0.18,0.0155));
#2317=CARTESIAN_POINT('',(0.0321411210582185,-0.18,0.0328153787809786));
#2318=CARTESIAN_POINT('',(0.0246455605291092,-0.18,0.0284826893904893));
#2319=CARTESIAN_POINT('',(0.,-0.18,-0.00854251442127242));
#2320=CARTESIAN_POINT('',(-0.04215,-0.18,0.0155));
#2321=CARTESIAN_POINT('',(-0.04215,-0.18,0.011));
#2322=CARTESIAN_POINT('',(-0.04215,-0.18,0.00350000000000008));
#2323=CARTESIAN_POINT('',(-0.04215,-0.18,0.00155000000000008));
#2324=CARTESIAN_POINT('',(-0.05415,-0.18,0.0155));
#2325=CARTESIAN_POINT('',(-0.05415,-0.18,0.01355));
#2326=CARTESIAN_POINT('',(-0.04215,-0.18,0.0275));
#2327=CARTESIAN_POINT('',(-0.04215,-0.18,0.02555));
#2328=CARTESIAN_POINT('',(-0.03015,-0.18,0.0155));
#2329=CARTESIAN_POINT('',(-0.03015,-0.18,0.01355));
#2330=CARTESIAN_POINT('',(-0.0518707168368462,-0.18,-0.00426809910989111));
#2331=CARTESIAN_POINT('',(-0.0479223592690411,-0.18,-0.00913839801322215));
#2332=CARTESIAN_POINT('',(-0.0576859473787221,-0.18,0.00290498753293285));
#2333=CARTESIAN_POINT('',(-0.0479223592690412,-0.18,-0.00913839801322215));
#2334=CARTESIAN_POINT('',(-0.0470518312119152,-0.18,-0.00867252513355458));
#2335=CARTESIAN_POINT('',(-0.0459360453650697,-0.18,-0.00807540010433939));
#2336=CARTESIAN_POINT('',(-0.0448283466714438,-0.18,-0.00748260374053745));
#2337=CARTESIAN_POINT('',(-0.0442943694063632,-0.18,-0.00719684072017551));
#2338=CARTESIAN_POINT('',(-0.0439622014099493,-0.18,-0.0070190781730786));
#2339=CARTESIAN_POINT('',(-0.0437605485862041,-0.18,-0.00691116214458053));
#2340=CARTESIAN_POINT('',(-0.0436065063414252,-0.18,-0.00682872552992844));
#2341=CARTESIAN_POINT('',(-0.0435173833804609,-0.18,-0.00678103113316188));
#2342=CARTESIAN_POINT('',(-0.0434764439233604,-0.18,-0.00675912247757285));
#2343=CARTESIAN_POINT('',(-0.043461417657119,-0.18,-0.00675108128043062));
#2344=CARTESIAN_POINT('',(-0.0434563236360639,-0.18,-0.00674835527426582));
#2345=CARTESIAN_POINT('',(-0.0434038395651186,-0.18,-0.006720268998279));
#2346=CARTESIAN_POINT('',(-0.0433355582583465,-0.18,-0.00668372894179733));
#2347=CARTESIAN_POINT('',(-0.0432277225718773,-0.18,-0.00662602161494216));
#2348=CARTESIAN_POINT('',(-0.0430654872945965,-0.18,-0.00653920246624668));
#2349=CARTESIAN_POINT('',(-0.0427879433604548,-0.18,-0.00639067574979594));
#2350=CARTESIAN_POINT('',(-0.0424201837567087,-0.18,-0.00619386772283549));
#2351=CARTESIAN_POINT('',(-0.0420215164899689,-0.18,-0.00598051473309086));
#2352=CARTESIAN_POINT('',(-0.0416664501420321,-0.18,-0.00579049035602707));
#2353=CARTESIAN_POINT('',(-0.0413544845801399,-0.18,-0.00562352686320945));
#2354=CARTESIAN_POINT('',(-0.0411313004919221,-0.18,-0.00550407380912139));
#2355=CARTESIAN_POINT('',(-0.0409729878757701,-0.18,-0.00541933725669267));
#2356=CARTESIAN_POINT('',(-0.0408863587226312,-0.18,-0.00537296808235005));
#2357=CARTESIAN_POINT('',(-0.0408149563696964,-0.18,-0.00533474645714192));
#2358=CARTESIAN_POINT('',(-0.0407847008995001,-0.18,-0.0053185536407806));
#2359=CARTESIAN_POINT('',(-0.0406437053998741,-0.18,-0.00524306674955731));
#2360=CARTESIAN_POINT('',(-0.0404967655515104,-0.18,-0.00516436138901694));
#2361=CARTESIAN_POINT('',(-0.0403032366367227,-0.18,-0.00506064971021981));
#2362=CARTESIAN_POINT('',(-0.0398610888829156,-0.18,-0.00482351049077154));
#2363=CARTESIAN_POINT('',(-0.0392357153464431,-0.18,-0.00448739176893038));
#2364=CARTESIAN_POINT('',(-0.0384946154684992,-0.18,-0.00408743196783773));
#2365=CARTESIAN_POINT('',(-0.0378446170374206,-0.18,-0.00373483265732321));
#2366=CARTESIAN_POINT('',(-0.0373743123219412,-0.18,-0.00347792176633244));
#2367=CARTESIAN_POINT('',(-0.0370928466892143,-0.18,-0.00332317968621215));
#2368=CARTESIAN_POINT('',(-0.0369305172333409,-0.18,-0.00323352315419544));
#2369=CARTESIAN_POINT('',(-0.0368504884984201,-0.18,-0.00318924056154609));
#2370=CARTESIAN_POINT('',(-0.0366382554402908,-0.18,-0.00307135665520674));
#2371=CARTESIAN_POINT('',(-0.0364035351677908,-0.18,-0.00294049454603621));
#2372=CARTESIAN_POINT('',(-0.0359755473675971,-0.18,-0.00270080532994001));
#2373=CARTESIAN_POINT('',(-0.0353881722227328,-0.18,-0.00236847594111403));
#2374=CARTESIAN_POINT('',(-0.0346990659893974,-0.18,-0.00197324804032883));
#2375=CARTESIAN_POINT('',(-0.033808106520511,-0.18,-0.00145472948283762));
#2376=CARTESIAN_POINT('',(-0.0329632060990736,-0.18,-0.000951849310663913));
#2377=CARTESIAN_POINT('',(-0.0321427218899818,-0.18,-0.00045082873356872));
#2378=CARTESIAN_POINT('',(-0.0315915310350401,-0.18,-0.000108959863892095));
#2379=CARTESIAN_POINT('',(-0.0308937628573257,-0.18,0.000332682566770987));
#2380=CARTESIAN_POINT('',(-0.030037934624259,-0.18,0.000887533423516536));
#2381=CARTESIAN_POINT('',(-0.0289854433747046,-0.18,0.00159278134815605));
#2382=CARTESIAN_POINT('',(-0.0277794333856611,-0.18,0.00244129298629636));
#2383=CARTESIAN_POINT('',(-0.0266535481104702,-0.18,0.0032719737444282));
#2384=CARTESIAN_POINT('',(-0.0254858976918329,-0.18,0.00418148449423628));
#2385=CARTESIAN_POINT('',(-0.0243523316553341,-0.18,0.0051158332343693));
#2386=CARTESIAN_POINT('',(-0.0234158933704064,-0.18,0.00593030701818392));
#2387=CARTESIAN_POINT('',(-0.0226822266020704,-0.18,0.00659402832589439));
#2388=CARTESIAN_POINT('',(-0.022119759579592,-0.18,0.00711683322201139));
#2389=CARTESIAN_POINT('',(-0.0216245215321394,-0.18,0.00758881175481754));
#2390=CARTESIAN_POINT('',(-0.0209335437879644,-0.18,0.00826203285701417));
#2391=CARTESIAN_POINT('',(-0.0200670754841485,-0.18,0.00913520818574668));
#2392=CARTESIAN_POINT('',(-0.0191852908163667,-0.18,0.0100608482019195));
#2393=CARTESIAN_POINT('',(-0.0185568897947926,-0.18,0.010740235290711));
#2394=CARTESIAN_POINT('',(-0.0182021278108831,-0.18,0.0111290083110328));
#2395=CARTESIAN_POINT('',(-0.0179165756520943,-0.18,0.0114450433996998));
#2396=CARTESIAN_POINT('',(-0.0177003213903842,-0.18,0.0116863768794131));
#2397=CARTESIAN_POINT('',(-0.017383634412118,-0.18,0.0120420496859896));
#2398=CARTESIAN_POINT('',(-0.0168324414655958,-0.18,0.0126678513808898));
#2399=CARTESIAN_POINT('',(-0.0161775983899691,-0.18,0.0134259127111341));
#2400=CARTESIAN_POINT('',(-0.0155047237881227,-0.18,0.0142192213752034));
#2401=CARTESIAN_POINT('',(-0.0150755818734217,-0.18,0.0147309396591275));
#2402=CARTESIAN_POINT('',(-0.014727632514223,-0.18,0.015149235513279));
#2403=CARTESIAN_POINT('',(-0.0144634058491368,-0.18,0.0154685739608642));
#2404=CARTESIAN_POINT('',(-0.0142436255413272,-0.18,0.0157355394434344));
#2405=CARTESIAN_POINT('',(-0.0140838368780187,-0.18,0.015930399608075));
#2406=CARTESIAN_POINT('',(-0.013999802387287,-0.18,0.0160330458806838));
#2407=CARTESIAN_POINT('',(-0.0139152588295385,-0.18,0.0161364765563087));
#2408=CARTESIAN_POINT('',(-0.0139122189846056,-0.18,0.0161402212295164));
#2409=CARTESIAN_POINT('',(-0.0138775270363146,-0.18,0.0161827473825614));
#2410=CARTESIAN_POINT('',(-0.0138256782965854,-0.18,0.016246446732758));
#2411=CARTESIAN_POINT('',(-0.0137314375159408,-0.18,0.0163624727248037));
#2412=CARTESIAN_POINT('',(-0.013600345277101,-0.18,0.0165242868155662));
#2413=CARTESIAN_POINT('',(-0.0133964833468172,-0.18,0.0167763500746278));
#2414=CARTESIAN_POINT('',(-0.0130894781251729,-0.18,0.0171566584306034));
#2415=CARTESIAN_POINT('',(-0.0124859872594924,-0.18,0.0179054942275321));
#2416=CARTESIAN_POINT('',(-0.0115215411346799,-0.18,0.0191041339128629));
#2417=CARTESIAN_POINT('',(-0.0105258007939628,-0.18,0.020343263646833));
#2418=CARTESIAN_POINT('',(-0.0099718927129964,-0.18,0.0210328732838064));
#2419=CARTESIAN_POINT('',(-0.00997189271300235,-0.18,0.0210328732837868));
#2420=CARTESIAN_POINT('',(-6.93889390390723E-18,-0.18,0.0538195312053523));
#2421=CARTESIAN_POINT('',(-0.01715,-0.18,0.02415));
#2422=CARTESIAN_POINT('',(-0.0246455605291092,-0.18,0.0284826893904893));
#2423=CARTESIAN_POINT('',(-0.0321411210582185,-0.18,0.0328153787809786));
#2424=CARTESIAN_POINT('',(-0.04215,-0.18,0.0155));
#2425=CARTESIAN_POINT('',(-0.0518707168368462,-0.17,-0.00426809910989111));
#2426=CARTESIAN_POINT('',(-0.0460554862949703,-0.17,-0.0114411857527151));
#2427=CARTESIAN_POINT('',(-0.0460554862949703,-0.17,-0.0114411857527151));
#2428=CARTESIAN_POINT('',(-0.0460554862949703,-0.180000321984376,-0.0114411857527151));
#2429=CARTESIAN_POINT('',(-0.0460554862949703,-0.180000321984376,-0.0114411857527151));
#2430=CARTESIAN_POINT('',(-0.0464130298930512,-0.180004981847017,-0.0110001557386594));
#2431=CARTESIAN_POINT('',(-0.0467674582140071,-0.180059169019393,-0.0105629684188137));
#2432=CARTESIAN_POINT('',(-0.0471183926044905,-0.180168903409486,-0.0101300908620673));
#2433=CARTESIAN_POINT('',(-0.0471183926060415,-0.180168903408824,-0.0101300908601541));
#2434=CARTESIAN_POINT('',(-0.0471183926060414,-0.180168903408824,-0.0101300908601542));
#2435=CARTESIAN_POINT('',(-0.0473801890512254,-0.180056796620527,-0.00980716495540028));
#2436=CARTESIAN_POINT('',(-0.0476481229577635,-0.18,-0.00947666849230947));
#2437=CARTESIAN_POINT('',(-0.0479223592690412,-0.18,-0.00913839801322215));
#2438=CARTESIAN_POINT('',(-0.0576859473787221,-0.17,0.00290498753293285));
#2439=CARTESIAN_POINT('',(-0.0576859473787221,-0.17,0.00290498753293285));
#2440=CARTESIAN_POINT('',(-0.0518707168368462,-0.17,-0.00426809910989111));
#2441=CARTESIAN_POINT('',(-0.0499394731396508,-0.17,-0.0145899388694819));
#2442=CARTESIAN_POINT('',(-0.0499394731396508,-0.18,-0.0145899388694819));
#2443=CARTESIAN_POINT('',(-0.0460069707637153,-0.18,-0.011501990511225));
#2444=CARTESIAN_POINT('',(-0.0464685842802295,-0.18,-0.0181889568640945));
#2445=CARTESIAN_POINT('',(-0.0460069707637153,-0.18,-0.011501990511225));
#2446=CARTESIAN_POINT('',(-0.0460229852143568,-0.18,-0.0114815961075982));
#2447=CARTESIAN_POINT('',(-0.0460391570587214,-0.18000010916558,-0.0114613278649806));
#2448=CARTESIAN_POINT('',(-0.0460554862949703,-0.180000321984376,-0.0114411857527151));
#2449=CARTESIAN_POINT('',(-0.0499394731396508,-0.17,-0.0145899388694819));
#2450=CARTESIAN_POINT('',(-0.0464685842802295,-0.17,-0.0181889568640945));
#2451=CARTESIAN_POINT('',(-0.0464685842802295,-0.17,-0.0181889568640945));
#2452=CARTESIAN_POINT('',(-0.0325850288425444,-0.17,-0.0325850288425449));
#2453=CARTESIAN_POINT('',(-0.0325850288425444,-0.18,-0.0325850288425449));
#2454=CARTESIAN_POINT('',(-0.0325850288425444,-0.18,-0.0525850288425449));
#2455=CARTESIAN_POINT('',(-0.0325850288425444,-0.17,-0.0325850288425449));
#2456=CARTESIAN_POINT('',(-0.0325850288425444,-0.17,-0.0525850288425449));
#2457=CARTESIAN_POINT('',(-0.0325850288425444,-0.17,-0.0525850288425449));
#2458=CARTESIAN_POINT('',(3.46944695195361E-18,-0.17,-0.0525850288425449));
#2459=CARTESIAN_POINT('',(3.46944695195361E-18,-0.18,-0.0525850288425449));
#2460=CARTESIAN_POINT('',(0.0325850288425444,-0.18,-0.0525850288425449));
#2461=CARTESIAN_POINT('',(3.46944695195361E-18,-0.17,-0.0525850288425449));
#2462=CARTESIAN_POINT('',(0.0325850288425444,-0.17,-0.0525850288425449));
#2463=CARTESIAN_POINT('',(0.0325850288425444,-0.17,-0.0525850288425449));
#2464=CARTESIAN_POINT('',(0.0325850288425444,-0.17,-0.0325850288425449));
#2465=CARTESIAN_POINT('',(0.0325850288425444,-0.18,-0.0325850288425449));
#2466=CARTESIAN_POINT('',(0.0464685842802295,-0.18,-0.0181889568640945));
#2467=CARTESIAN_POINT('',(0.0325850288425444,-0.17,-0.0325850288425449));
#2468=CARTESIAN_POINT('',(0.0464685842802295,-0.17,-0.0181889568640945));
#2469=CARTESIAN_POINT('',(0.0464685842802295,-0.17,-0.0181889568640945));
#2470=CARTESIAN_POINT('',(0.0499394731396508,-0.17,-0.0145899388694819));
#2471=CARTESIAN_POINT('',(0.0460554862949703,-0.17,-0.0114411857527151));
#2472=CARTESIAN_POINT('',(0.0460554862949703,-0.17,-0.0114411857527151));
#2473=CARTESIAN_POINT('',(0.0460554862949703,-0.180000321984376,-0.0114411857527151));
#2474=CARTESIAN_POINT('',(0.0460554862949703,-0.180000321984376,-0.0114411857527151));
#2475=CARTESIAN_POINT('',(0.0460391570587216,-0.18000010916558,-0.0114613278649803));
#2476=CARTESIAN_POINT('',(0.0460229852143573,-0.18,-0.0114815961075977));
#2477=CARTESIAN_POINT('',(0.046006970763716,-0.18,-0.0115019905112242));
#2478=CARTESIAN_POINT('',(0.0460069707637162,-0.18,-0.0115019905112238));
#2479=CARTESIAN_POINT('',(0.0499394731396508,-0.18,-0.0145899388694819));
#2480=CARTESIAN_POINT('',(0.0499394731396508,-0.17,-0.0145899388694819));
#2481=CARTESIAN_POINT('',(0.0518707168368462,-0.17,-0.00426809910989111));
#2482=CARTESIAN_POINT('',(0.0479223592690416,-0.18,-0.00913839801322162));
#2483=CARTESIAN_POINT('',(0.0476490966297208,-0.18,-0.0094754674679887));
#2484=CARTESIAN_POINT('',(0.0473811169333202,-0.180056399280881,-0.00980602041287308));
#2485=CARTESIAN_POINT('',(0.0471183926003367,-0.180168903411267,-0.010130090867191));
#2486=CARTESIAN_POINT('',(0.0471183926003366,-0.180168903411267,-0.0101300908671911));
#2487=CARTESIAN_POINT('',(0.04711839260449,-0.180168903409487,-0.0101300908620679));
#2488=CARTESIAN_POINT('',(0.0467674582140068,-0.180059169019393,-0.010562968418814));
#2489=CARTESIAN_POINT('',(0.046413029893051,-0.180004981847017,-0.0110001557386595));
#2490=CARTESIAN_POINT('',(0.0460554862949703,-0.180000321984376,-0.0114411857527151));
#2491=CARTESIAN_POINT('',(0.0518707168368462,-0.17,-0.00426809910989111));
#2492=CARTESIAN_POINT('',(0.0576859473787221,-0.17,0.00290498753293286));
#2493=CARTESIAN_POINT('',(0.0576859473787221,-0.17,0.00290498753293286));
#2494=CARTESIAN_POINT('',(0.04215,-0.17,0.0155));
#2495=CARTESIAN_POINT('',(0.04215,-0.17,0.0155));
#2496=CARTESIAN_POINT('',(0.0321411210582185,-0.17,0.0328153787809786));
#2497=CARTESIAN_POINT('',(0.0321411210582185,-0.17,0.0328153787809786));
#2498=CARTESIAN_POINT('',(0.0246455605291092,-0.17,0.0284826893904893));
#2499=CARTESIAN_POINT('',(0.0226455605291092,-0.175,0.0273266212422399));
#2500=CARTESIAN_POINT('',(0.0246455605291092,-0.175,0.0284826893904893));
#2501=CARTESIAN_POINT('',(0.0246455605291092,-0.17,0.0284826893904893));
#2502=CARTESIAN_POINT('',(0.01715,-0.17,0.02415));
#2503=CARTESIAN_POINT('',(0.01715,-0.17,0.02415));
#2504=CARTESIAN_POINT('',(-0.0246455605291092,-0.17,0.0284826893904893));
#2505=CARTESIAN_POINT('',(-0.0226455605291092,-0.175,0.0273266212422399));
#2506=CARTESIAN_POINT('',(-0.0246455605291092,-0.175,0.0284826893904893));
#2507=CARTESIAN_POINT('',(-0.01715,-0.17,0.02415));
#2508=CARTESIAN_POINT('',(-0.01715,-0.17,0.02415));
#2509=CARTESIAN_POINT('',(-0.0246455605291092,-0.17,0.0284826893904893));
#2510=CARTESIAN_POINT('',(-0.0321411210582185,-0.17,0.0328153787809786));
#2511=CARTESIAN_POINT('',(-0.0321411210582185,-0.17,0.0328153787809786));
#2512=CARTESIAN_POINT('',(0.04215,-0.17,0.00350000000000008));
#2513=CARTESIAN_POINT('',(0.04215,-0.17,0.00350000000000008));
#2514=CARTESIAN_POINT('',(0.04215,-0.17,0.00155000000000008));
#2515=CARTESIAN_POINT('',(0.03015,-0.17,0.0155));
#2516=CARTESIAN_POINT('',(0.03015,-0.17,0.0155));
#2517=CARTESIAN_POINT('',(0.03015,-0.17,0.01355));
#2518=CARTESIAN_POINT('',(0.04215,-0.17,0.0275));
#2519=CARTESIAN_POINT('',(0.04215,-0.17,0.0275));
#2520=CARTESIAN_POINT('',(0.04215,-0.17,0.02555));
#2521=CARTESIAN_POINT('',(0.05415,-0.17,0.0155));
#2522=CARTESIAN_POINT('',(0.05415,-0.17,0.0155));
#2523=CARTESIAN_POINT('',(0.05415,-0.17,0.01355));
#2524=CARTESIAN_POINT('',(-0.04215,-0.17,0.0155));
#2525=CARTESIAN_POINT('',(-0.04215,-0.17,0.0155));
#2526=CARTESIAN_POINT('',(-0.04215,-0.17,0.011));
#2527=CARTESIAN_POINT('',(-0.04215,-0.17,0.00350000000000008));
#2528=CARTESIAN_POINT('',(-0.04215,-0.17,0.00350000000000008));
#2529=CARTESIAN_POINT('',(-0.04215,-0.17,0.00155000000000008));
#2530=CARTESIAN_POINT('',(-0.05415,-0.17,0.0155));
#2531=CARTESIAN_POINT('',(-0.05415,-0.17,0.0155));
#2532=CARTESIAN_POINT('',(-0.05415,-0.17,0.01355));
#2533=CARTESIAN_POINT('',(-0.04215,-0.17,0.0275));
#2534=CARTESIAN_POINT('',(-0.04215,-0.17,0.0275));
#2535=CARTESIAN_POINT('',(-0.04215,-0.17,0.02555));
#2536=CARTESIAN_POINT('',(-0.03015,-0.17,0.0155));
#2537=CARTESIAN_POINT('',(-0.03015,-0.17,0.0155));
#2538=CARTESIAN_POINT('',(-0.03015,-0.17,0.01355));
#2539=CARTESIAN_POINT('',(0.,-0.17,6.9046037935311E-17));
#2540=CARTESIAN_POINT('',(0.,-0.17,6.9046037935311E-17));
#2541=CARTESIAN_POINT('',(0.,-0.17,-0.00439999999999993));
#2542=CARTESIAN_POINT('',(0.,-0.18,6.96583613348847E-17));
#2543=CARTESIAN_POINT('',(0.,-0.18,-0.00439999999999993));
#2544=CARTESIAN_POINT('',(-0.0325850288425444,-0.17,-0.0325850288425449));
#2545=CARTESIAN_POINT('',(-0.0325850288425444,-0.17,-0.0325850288425449));
#2546=CARTESIAN_POINT('',(-0.0325850288425444,-0.17,-0.0370850288425449));
#2547=CARTESIAN_POINT('',(-0.0325850288425444,-0.18,-0.0325850288425449));
#2548=CARTESIAN_POINT('',(-0.0325850288425444,-0.18,-0.0370850288425449));
#2549=CARTESIAN_POINT('',(-0.0205850288425444,-0.17,-0.0325850288425449));
#2550=CARTESIAN_POINT('',(-0.0205850288425444,-0.17,-0.0325850288425449));
#2551=CARTESIAN_POINT('',(-0.0205850288425444,-0.17,-0.0345350288425449));
#2552=CARTESIAN_POINT('',(-0.0205850288425444,-0.18,-0.0325850288425449));
#2553=CARTESIAN_POINT('',(-0.0205850288425444,-0.18,-0.0345350288425449));
#2554=CARTESIAN_POINT('',(-0.0325850288425444,-0.17,-0.0205850288425449));
#2555=CARTESIAN_POINT('',(-0.0325850288425444,-0.17,-0.0205850288425449));
#2556=CARTESIAN_POINT('',(-0.0325850288425444,-0.17,-0.0225350288425449));
#2557=CARTESIAN_POINT('',(-0.0325850288425444,-0.18,-0.0205850288425449));
#2558=CARTESIAN_POINT('',(-0.0325850288425444,-0.18,-0.0225350288425449));
#2559=CARTESIAN_POINT('',(-0.0445850288425444,-0.17,-0.0325850288425449));
#2560=CARTESIAN_POINT('',(-0.0445850288425444,-0.17,-0.0325850288425449));
#2561=CARTESIAN_POINT('',(-0.0445850288425444,-0.17,-0.0345350288425449));
#2562=CARTESIAN_POINT('',(-0.0445850288425444,-0.18,-0.0325850288425449));
#2563=CARTESIAN_POINT('',(-0.0445850288425444,-0.18,-0.0345350288425449));
#2564=CARTESIAN_POINT('',(-0.0325850288425444,-0.17,-0.0445850288425449));
#2565=CARTESIAN_POINT('',(-0.0325850288425444,-0.17,-0.0445850288425449));
#2566=CARTESIAN_POINT('',(-0.0325850288425444,-0.17,-0.0465350288425449));
#2567=CARTESIAN_POINT('',(-0.0325850288425444,-0.18,-0.0445850288425449));
#2568=CARTESIAN_POINT('',(-0.0325850288425444,-0.18,-0.0465350288425449));
#2569=CARTESIAN_POINT('',(0.0325850288425444,-0.17,-0.0325850288425449));
#2570=CARTESIAN_POINT('',(0.0325850288425444,-0.17,-0.0325850288425449));
#2571=CARTESIAN_POINT('',(0.0325850288425444,-0.17,-0.0370850288425449));
#2572=CARTESIAN_POINT('',(0.0325850288425444,-0.18,-0.0325850288425449));
#2573=CARTESIAN_POINT('',(0.0325850288425444,-0.18,-0.0370850288425449));
#2574=CARTESIAN_POINT('',(0.0325850288425444,-0.17,-0.0445850288425449));
#2575=CARTESIAN_POINT('',(0.0325850288425444,-0.17,-0.0445850288425449));
#2576=CARTESIAN_POINT('',(0.0325850288425444,-0.17,-0.0465350288425449));
#2577=CARTESIAN_POINT('',(0.0325850288425444,-0.18,-0.0445850288425449));
#2578=CARTESIAN_POINT('',(0.0325850288425444,-0.18,-0.0465350288425449));
#2579=CARTESIAN_POINT('',(0.0205850288425444,-0.17,-0.0325850288425449));
#2580=CARTESIAN_POINT('',(0.0205850288425444,-0.17,-0.0325850288425449));
#2581=CARTESIAN_POINT('',(0.0205850288425444,-0.17,-0.0345350288425449));
#2582=CARTESIAN_POINT('',(0.0205850288425444,-0.18,-0.0325850288425449));
#2583=CARTESIAN_POINT('',(0.0205850288425444,-0.18,-0.0345350288425449));
#2584=CARTESIAN_POINT('',(0.0325850288425444,-0.17,-0.0205850288425449));
#2585=CARTESIAN_POINT('',(0.0325850288425444,-0.17,-0.0205850288425449));
#2586=CARTESIAN_POINT('',(0.0325850288425444,-0.17,-0.0225350288425449));
#2587=CARTESIAN_POINT('',(0.0325850288425444,-0.18,-0.0205850288425449));
#2588=CARTESIAN_POINT('',(0.0325850288425444,-0.18,-0.0225350288425449));
#2589=CARTESIAN_POINT('',(0.0445850288425444,-0.17,-0.0325850288425449));
#2590=CARTESIAN_POINT('',(0.0445850288425444,-0.17,-0.0325850288425449));
#2591=CARTESIAN_POINT('',(0.0445850288425444,-0.17,-0.0345350288425449));
#2592=CARTESIAN_POINT('',(0.0445850288425444,-0.18,-0.0325850288425449));
#2593=CARTESIAN_POINT('',(0.0445850288425444,-0.18,-0.0345350288425449));
#2594=CARTESIAN_POINT('',(-0.04215,-0.17,0.0155));
#2595=CARTESIAN_POINT('',(-0.04215,-0.17,0.0155));
#2596=CARTESIAN_POINT('',(0.04215,-0.17,0.0155));
#2597=CARTESIAN_POINT('',(0.04215,-0.17,0.0155));
#2598=CARTESIAN_POINT('',(0.04215,-0.17,0.011));
#2599=CARTESIAN_POINT('',(0.,-0.17,-0.00854251442127242));
#2600=CARTESIAN_POINT('',(-6.93889390390723E-18,-0.17,0.0538195312053523));
#2601=CARTESIAN_POINT('',(0.,-0.18,-0.00854251442127242));
#2602=CARTESIAN_POINT('',(0.0460069707637166,-0.18,-0.0115019905112241));
#2603=CARTESIAN_POINT('',(0.0455097560116336,-0.18,-0.0115920706414462));
#2604=CARTESIAN_POINT('',(0.0447638601831052,-0.18,-0.0117272041890948));
#2605=CARTESIAN_POINT('',(0.0437696272133498,-0.18,-0.0119073288433649));
#2606=CARTESIAN_POINT('',(0.0430232154819936,-0.18,-0.0120425558572207));
#2607=CARTESIAN_POINT('',(0.0424035395519891,-0.18,-0.0121548222121155));
#2608=CARTESIAN_POINT('',(0.0419025660793037,-0.18,-0.0122455833104186));
#2609=CARTESIAN_POINT('',(0.0416013725575171,-0.18,-0.0123001503725492));
#2610=CARTESIAN_POINT('',(0.0413666604645178,-0.18,-0.012342673048942));
#2611=CARTESIAN_POINT('',(0.0412698961607805,-0.18,-0.0123602037663425));
#2612=CARTESIAN_POINT('',(0.0410328001461842,-0.18,-0.0124031584047906));
#2613=CARTESIAN_POINT('',(0.0407510229363515,-0.18,-0.0124542089425903));
#2614=CARTESIAN_POINT('',(0.0403216166502893,-0.18,-0.0125320078871363));
#2615=CARTESIAN_POINT('',(0.0398295140182701,-0.18,-0.012621170030352));
#2616=CARTESIAN_POINT('',(0.0391355711948976,-0.18,-0.0127469120143355));
#2617=CARTESIAN_POINT('',(0.038582381984137,-0.18,-0.0128471653555511));
#2618=CARTESIAN_POINT('',(0.0381699998908082,-0.18,-0.0129219200337179));
#2619=CARTESIAN_POINT('',(0.0379306723520653,-0.18,-0.0129653179990336));
#2620=CARTESIAN_POINT('',(0.0377911074423155,-0.18,-0.0129906382934185));
#2621=CARTESIAN_POINT('',(0.0377118213701898,-0.18,-0.013005038216281));
#2622=CARTESIAN_POINT('',(0.0376833184988579,-0.18,-0.0130102153140345));
#2623=CARTESIAN_POINT('',(0.0376582455386824,-0.18,-0.013014788253426));
#2624=CARTESIAN_POINT('',(0.0376661670649693,-0.18,-0.0130133385143927));
#2625=CARTESIAN_POINT('',(0.0376002339926248,-0.18,-0.0130253900542389));
#2626=CARTESIAN_POINT('',(0.0375189277718313,-0.18,-0.0130402753404086));
#2627=CARTESIAN_POINT('',(0.0373237934879601,-0.18,-0.0130760674185116));
#2628=CARTESIAN_POINT('',(0.036905319555131,-0.18,-0.0131532047526213));
#2629=CARTESIAN_POINT('',(0.0362760603308141,-0.18,-0.0132705981109763));
#2630=CARTESIAN_POINT('',(0.0355428196031428,-0.18,-0.0134097145409921));
#2631=CARTESIAN_POINT('',(0.0349555408757145,-0.18,-0.0135230756213059));
#2632=CARTESIAN_POINT('',(0.0344874014848506,-0.18,-0.013614732215319));
#2633=CARTESIAN_POINT('',(0.0341692164945989,-0.18,-0.0136775557852209));
#2634=CARTESIAN_POINT('',(0.0337533271328969,-0.18,-0.0137605328239125));
#2635=CARTESIAN_POINT('',(0.0332419636232723,-0.18,-0.0138637945030462));
#2636=CARTESIAN_POINT('',(0.0323490805726933,-0.18,-0.0140471226731309));
#2637=CARTESIAN_POINT('',(0.0313794495493571,-0.18,-0.0142534703309085));
#2638=CARTESIAN_POINT('',(0.0304491181822418,-0.18,-0.0144590081251057));
#2639=CARTESIAN_POINT('',(0.0297766730891308,-0.18,-0.0146114352465338));
#2640=CARTESIAN_POINT('',(0.0291127038721019,-0.18,-0.0147662881527302));
#2641=CARTESIAN_POINT('',(0.0285188671516139,-0.18,-0.0149082801001721));
#2642=CARTESIAN_POINT('',(0.0277653640019751,-0.18,-0.0150944060539628));
#2643=CARTESIAN_POINT('',(0.0268387971671948,-0.18,-0.0153321245710695));
#2644=CARTESIAN_POINT('',(0.0256915895162833,-0.18,-0.0156420539604009));
#2645=CARTESIAN_POINT('',(0.0243821180700421,-0.18,-0.0160219881124238));
#2646=CARTESIAN_POINT('',(0.0233157849655438,-0.18,-0.0163544894313777));
#2647=CARTESIAN_POINT('',(0.022626016560577,-0.18,-0.0165816860082201));
#2648=CARTESIAN_POINT('',(0.0221767080354652,-0.18,-0.0167331094064913));
#2649=CARTESIAN_POINT('',(0.0218472712799966,-0.18,-0.0168459327489251));
#2650=CARTESIAN_POINT('',(0.0214207462928871,-0.18,-0.0169925739825756));
#2651=CARTESIAN_POINT('',(0.0210845417381846,-0.18,-0.0171072198199699));
#2652=CARTESIAN_POINT('',(0.0207764353741978,-0.18,-0.0172115099433545));
#2653=CARTESIAN_POINT('',(0.0205579075036441,-0.18,-0.0172846989112162));
#2654=CARTESIAN_POINT('',(0.020245259157345,-0.18,-0.0173881288073611));
#2655=CARTESIAN_POINT('',(0.0198443604971137,-0.18,-0.0175196242035182));
#2656=CARTESIAN_POINT('',(0.0193070437622888,-0.18,-0.017693802368475));
#2657=CARTESIAN_POINT('',(0.0187427923260874,-0.18,-0.0178740865196322));
#2658=CARTESIAN_POINT('',(0.0183234888189619,-0.18,-0.018006726035727));
#2659=CARTESIAN_POINT('',(0.0180881461877836,-0.18,-0.0180808455279204));
#2660=CARTESIAN_POINT('',(0.0178830491473685,-0.18,-0.0181452176862387));
#2661=CARTESIAN_POINT('',(0.0177750075798681,-0.18,-0.0181790297213857));
#2662=CARTESIAN_POINT('',(0.0175922674936159,-0.18,-0.0182361197814802));
#2663=CARTESIAN_POINT('',(0.0172786608365144,-0.18,-0.0183337347529788));
#2664=CARTESIAN_POINT('',(0.0167934467688249,-0.18,-0.0184838598958584));
#2665=CARTESIAN_POINT('',(0.0161688621381145,-0.18,-0.0186756920315796));
#2666=CARTESIAN_POINT('',(0.0154974298015146,-0.18,-0.0188806260698206));
#2667=CARTESIAN_POINT('',(0.0147800300420626,-0.18,-0.0190983805870529));
#2668=CARTESIAN_POINT('',(0.0140176616840158,-0.18,-0.019328661339136));
#2669=CARTESIAN_POINT('',(0.0133408179034253,-0.18,-0.019532215828323));
#2670=CARTESIAN_POINT('',(0.0128533157083521,-0.18,-0.0196783987801939));
#2671=CARTESIAN_POINT('',(0.012559018457877,-0.18,-0.0197665224127738));
#2672=CARTESIAN_POINT('',(0.0123635412459654,-0.18,-0.0198249982431936));
#2673=CARTESIAN_POINT('',(0.0120577130393195,-0.18,-0.0199164532693948));
#2674=CARTESIAN_POINT('',(0.0116992020520415,-0.18,-0.0200236997541964));
#2675=CARTESIAN_POINT('',(0.011075231570781,-0.18,-0.0202104137881237));
#2676=CARTESIAN_POINT('',(0.0102578270643858,-0.18,-0.0204552064758665));
#2677=CARTESIAN_POINT('',(0.00937488785206608,-0.18,-0.0207199546463857));
#2678=CARTESIAN_POINT('',(0.00833677892716274,-0.18,-0.0210317169676966));
#2679=CARTESIAN_POINT('',(0.00749694412783124,-0.18,-0.0212848062689855));
#2680=CARTESIAN_POINT('',(0.00687969943220591,-0.18,-0.0214717731354857));
#2681=CARTESIAN_POINT('',(0.00654035946608467,-0.18,-0.021575271093713));
#2682=CARTESIAN_POINT('',(0.00640904550886876,-0.18,-0.0216156326275333));
#2683=CARTESIAN_POINT('',(0.0061969333975202,-0.18,-0.0216810108979989));
#2684=CARTESIAN_POINT('',(0.00586052772447559,-0.18,-0.0217850933491904));
#2685=CARTESIAN_POINT('',(0.00531764770624093,-0.18,-0.0219534679591231));
#2686=CARTESIAN_POINT('',(0.00441715571405461,-0.18,-0.0222332001059792));
#2687=CARTESIAN_POINT('',(0.00295619682831556,-0.18,-0.0226876875041878));
#2688=CARTESIAN_POINT('',(0.00143060880840971,-0.18,-0.0231628187793578));
#2689=CARTESIAN_POINT('',(0.000578536300303792,-0.18,-0.0234282921732333));
#2690=CARTESIAN_POINT('',(0.000578536300303792,-0.18,-0.0234282921732334));
#2691=CARTESIAN_POINT('',(0.00057853637828048,-0.18,-0.0234282922058998));
#2692=CARTESIAN_POINT('',(0.000923829376947291,-0.18,-0.022604058001218));
#2693=CARTESIAN_POINT('',(0.00153475157016357,-0.18,-0.0211454676288457));
#2694=CARTESIAN_POINT('',(0.00209921637090611,-0.18,-0.0197969938556464));
#2695=CARTESIAN_POINT('',(0.00243132662190544,-0.18,-0.019002948972829));
#2696=CARTESIAN_POINT('',(0.00258901325213226,-0.18,-0.0186255692684973));
#2697=CARTESIAN_POINT('',(0.00268549332925765,-0.18,-0.0183943722504335));
#2698=CARTESIAN_POINT('',(0.00274235136795153,-0.18,-0.0182579499770987));
#2699=CARTESIAN_POINT('',(0.00277908027179979,-0.18,-0.0181695712685116));
#2700=CARTESIAN_POINT('',(0.00279473211316515,-0.18,-0.0181318458362346));
#2701=CARTESIAN_POINT('',(0.0028073099343104,-0.18,-0.0181013685517772));
#2702=CARTESIAN_POINT('',(0.00280031294923814,-0.18,-0.0181184003963372));
#2703=CARTESIAN_POINT('',(0.00285161889179925,-0.18,-0.0179936841425044));
#2704=CARTESIAN_POINT('',(0.00289933224293621,-0.18,-0.0178774818387807));
#2705=CARTESIAN_POINT('',(0.00299159588035696,-0.18,-0.0176523663291731));
#2706=CARTESIAN_POINT('',(0.00311630162058422,-0.18,-0.0173466703733713));
#2707=CARTESIAN_POINT('',(0.00326467388245542,-0.18,-0.0169807764140482));
#2708=CARTESIAN_POINT('',(0.00345721666795953,-0.18,-0.0165028885910183));
#2709=CARTESIAN_POINT('',(0.00368967642304919,-0.18,-0.0159200925465515));
#2710=CARTESIAN_POINT('',(0.00404309444427297,-0.18,-0.0150211855952305));
#2711=CARTESIAN_POINT('',(0.00437053544802321,-0.18,-0.0141677067716872));
#2712=CARTESIAN_POINT('',(0.00463016842111556,-0.18,-0.0134722008160262));
#2713=CARTESIAN_POINT('',(0.00477632661338747,-0.18,-0.0130741696148588));
#2714=CARTESIAN_POINT('',(0.00486960096685284,-0.18,-0.0128178087492958));
#2715=CARTESIAN_POINT('',(0.00500893144781845,-0.18,-0.0124297763518316));
#2716=CARTESIAN_POINT('',(0.00517332295523175,-0.18,-0.0119645401369477));
#2717=CARTESIAN_POINT('',(0.00545788387176537,-0.18,-0.0111415344688716));
#2718=CARTESIAN_POINT('',(0.00582898344360772,-0.18,-0.0100127498100848));
#2719=CARTESIAN_POINT('',(0.00615785891805963,-0.18,-0.00893528715712062));
#2720=CARTESIAN_POINT('',(0.00639875867936796,-0.18,-0.00809037839465589));
#2721=CARTESIAN_POINT('',(0.00655746636062698,-0.18,-0.00750805780451218));
#2722=CARTESIAN_POINT('',(0.00673920728043153,-0.18,-0.00680065476225704));
#2723=CARTESIAN_POINT('',(0.00695248731304648,-0.18,-0.00590824143293254));
#2724=CARTESIAN_POINT('',(0.00728808571974535,-0.18,-0.00433870741452663));
#2725=CARTESIAN_POINT('',(0.0076377209586777,-0.18,-0.00216093529236332));
#2726=CARTESIAN_POINT('',(0.00782976780378068,-0.18,9.05562463275694E-6));
#2727=CARTESIAN_POINT('',(0.00789152006170469,-0.18,0.0016124178918101));
#2728=CARTESIAN_POINT('',(0.00790529055975095,-0.18,0.00252865369195003));
#2729=CARTESIAN_POINT('',(0.00790423970690245,-0.18,0.00326280202848616));
#2730=CARTESIAN_POINT('',(0.00789499927122934,-0.18,0.00385649212839401));
#2731=CARTESIAN_POINT('',(0.00787181053669148,-0.18,0.00472752587066932));
#2732=CARTESIAN_POINT('',(0.00782229714851674,-0.18,0.00584373875512597));
#2733=CARTESIAN_POINT('',(0.00774596625303538,-0.18,0.00702308731816308));
#2734=CARTESIAN_POINT('',(0.00767746181498728,-0.18,0.00788734092076134));
#2735=CARTESIAN_POINT('',(0.00763544700513229,-0.18,0.00837753824477076));
#2736=CARTESIAN_POINT('',(0.0075984737783789,-0.18,0.00878593105952295));
#2737=CARTESIAN_POINT('',(0.00757253248115941,-0.18,0.00906038822615159));
#2738=CARTESIAN_POINT('',(0.00753134208616837,-0.18,0.00948358637893456));
#2739=CARTESIAN_POINT('',(0.00745559384053802,-0.18,0.0102232586851892));
#2740=CARTESIAN_POINT('',(0.00735503486486802,-0.18,0.0111285679056464));
#2741=CARTESIAN_POINT('',(0.0072417058293103,-0.18,0.0120804213992309));
#2742=CARTESIAN_POINT('',(0.00716535216708259,-0.18,0.0126968246748191));
#2743=CARTESIAN_POINT('',(0.0071010745383621,-0.18,0.0132018556298994));
#2744=CARTESIAN_POINT('',(0.00705103238519905,-0.18,0.0135883559550664));
#2745=CARTESIAN_POINT('',(0.00700859046672968,-0.18,0.0139110257337321));
#2746=CARTESIAN_POINT('',(0.00697694094371635,-0.18,0.0141487181327513));
#2747=CARTESIAN_POINT('',(0.00696056208256693,-0.18,0.0142711411860633));
#2748=CARTESIAN_POINT('',(0.00694279179231449,-0.18,0.0144033056554935));
#2749=CARTESIAN_POINT('',(0.0069454989681795,-0.18,0.0143831298301043));
#2750=CARTESIAN_POINT('',(0.00694139624576982,-0.18,0.0144134868671635));
#2751=CARTESIAN_POINT('',(0.00693641446479417,-0.18,0.0144500283166554));
#2752=CARTESIAN_POINT('',(0.00692414329663736,-0.18,0.014539875604557));
#2753=CARTESIAN_POINT('',(0.00690475784415623,-0.18,0.0146812523049074));
#2754=CARTESIAN_POINT('',(0.00687142336634224,-0.18,0.0149239733046043));
#2755=CARTESIAN_POINT('',(0.00681630308020646,-0.18,0.0153246747138685));
#2756=CARTESIAN_POINT('',(0.00669916884779383,-0.18,0.0161751833475074));
#2757=CARTESIAN_POINT('',(0.00649859762463951,-0.18,0.0176300828240068));
#2758=CARTESIAN_POINT('',(0.00628035300709305,-0.18,0.019212061967464));
#2759=CARTESIAN_POINT('',(0.00615678578669255,-0.18,0.0201075515715201));
#2760=CARTESIAN_POINT('',(0.00615678578640485,-0.18,0.0201075515730954));
#2761=CARTESIAN_POINT('',(-6.93889390390723E-18,-0.18,0.0538195312053523));
#2762=CARTESIAN_POINT('',(-0.00615678574011168,-0.18,0.0201075515646409));
#2763=CARTESIAN_POINT('',(-0.0061567857401117,-0.18,0.0201075515646408));
#2764=CARTESIAN_POINT('',(-0.00628033234532168,-0.18,0.0192122091012968));
#2765=CARTESIAN_POINT('',(-0.0064985481933708,-0.18,0.0176304322363165));
#2766=CARTESIAN_POINT('',(-0.00669911466648938,-0.18,0.0161755551623022));
#2767=CARTESIAN_POINT('',(-0.00681626371864682,-0.18,0.0153249269721216));
#2768=CARTESIAN_POINT('',(-0.00687140124896239,-0.18,0.0149240919138877));
#2769=CARTESIAN_POINT('',(-0.00690475376563888,-0.18,0.014681232649258));
#2770=CARTESIAN_POINT('',(-0.00692415626876452,-0.18,0.0145397262895795));
#2771=CARTESIAN_POINT('',(-0.00693643982886534,-0.18,0.0144497842408547));
#2772=CARTESIAN_POINT('',(-0.00694143869609626,-0.18,0.0144131145990058));
#2773=CARTESIAN_POINT('',(-0.00694553993691243,-0.18,0.0143827669487273));
#2774=CARTESIAN_POINT('',(-0.00694286429703006,-0.18,0.0144027098601578));
#2775=CARTESIAN_POINT('',(-0.00696054203385291,-0.18,0.0142712245001018));
#2776=CARTESIAN_POINT('',(-0.00697684407587339,-0.18,0.0141493634542143));
#2777=CARTESIAN_POINT('',(-0.00700834555377864,-0.18,0.0139127524649895));
#2778=CARTESIAN_POINT('',(-0.0070506063295846,-0.18,0.0135913979997368));
#2779=CARTESIAN_POINT('',(-0.00710045794158727,-0.18,0.0132062686255203));
#2780=CARTESIAN_POINT('',(-0.00716452505121238,-0.18,0.0127027317501239));
#2781=CARTESIAN_POINT('',(-0.00724069330243987,-0.18,0.0120876000885702));
#2782=CARTESIAN_POINT('',(-0.00735389521661998,-0.18,0.011136473658433));
#2783=CARTESIAN_POINT('',(-0.00745456935270455,-0.18,0.0102300646963114));
#2784=CARTESIAN_POINT('',(-0.0075306609116751,-0.18,0.00948748477222082));
#2785=CARTESIAN_POINT('',(-0.00757207614590486,-0.18,0.00906253124894036));
#2786=CARTESIAN_POINT('',(-0.00759831359137772,-0.18,0.00878542391456465));
#2787=CARTESIAN_POINT('',(-0.0076352470935323,-0.18,0.00837831504473344));
#2788=CARTESIAN_POINT('',(-0.00767732323726093,-0.18,0.00788835246558055));
#2789=CARTESIAN_POINT('',(-0.00774587477351366,-0.18,0.00702493758613616));
#2790=CARTESIAN_POINT('',(-0.00782228427535723,-0.18,0.00584584483863549));
#2791=CARTESIAN_POINT('',(-0.00787184389778975,-0.18,0.00472909024753653));
#2792=CARTESIAN_POINT('',(-0.00789505680250793,-0.18,0.0038572895785243));
#2793=CARTESIAN_POINT('',(-0.00790431215197688,-0.18,0.00326225235391281));
#2794=CARTESIAN_POINT('',(-0.00790535645673862,-0.18,0.00252851064050342));
#2795=CARTESIAN_POINT('',(-0.00789157315696732,-0.18,0.00161208364485099));
#2796=CARTESIAN_POINT('',(-0.00782980221037078,-0.18,8.68694095454193E-6));
#2797=CARTESIAN_POINT('',(-0.00763746749586719,-0.18,-0.00216388023988563));
#2798=CARTESIAN_POINT('',(-0.0072882558643394,-0.18,-0.00433829795176353));
#2799=CARTESIAN_POINT('',(-0.00695258455169954,-0.18,-0.00590798623944839));
#2800=CARTESIAN_POINT('',(-0.00673926625438678,-0.18,-0.00680050181129537));
#2801=CARTESIAN_POINT('',(-0.00655738376446187,-0.18,-0.00750848663083737));
#2802=CARTESIAN_POINT('',(-0.0063988454776659,-0.18,-0.00809020311925368));
#2803=CARTESIAN_POINT('',(-0.00615797043077042,-0.18,-0.00893499509619227));
#2804=CARTESIAN_POINT('',(-0.00582902703055288,-0.18,-0.0100125721954878));
#2805=CARTESIAN_POINT('',(-0.00545767625982206,-0.18,-0.0111420295349992));
#2806=CARTESIAN_POINT('',(-0.00517281256523461,-0.18,-0.0119658740487475));
#2807=CARTESIAN_POINT('',(-0.00500827163935191,-0.18,-0.0124315295699108));
#2808=CARTESIAN_POINT('',(-0.00486867007318709,-0.18,-0.0128203205355997));
#2809=CARTESIAN_POINT('',(-0.0047756659231966,-0.18,-0.0130759397125448));
#2810=CARTESIAN_POINT('',(-0.00462965506808319,-0.18,-0.0134735721412611));
#2811=CARTESIAN_POINT('',(-0.00437032021726941,-0.18,-0.014168268515027));
#2812=CARTESIAN_POINT('',(-0.00404306659465839,-0.18,-0.0150212470377888));
#2813=CARTESIAN_POINT('',(-0.00368973399651504,-0.18,-0.0159199357963598));
#2814=CARTESIAN_POINT('',(-0.00345728037493691,-0.18,-0.0165027271067979));
#2815=CARTESIAN_POINT('',(-0.00326470942951334,-0.18,-0.0169807010959714));
#2816=CARTESIAN_POINT('',(-0.0031163146236095,-0.18,-0.0173466681438114));
#2817=CARTESIAN_POINT('',(-0.00299153696712035,-0.18,-0.0176525578163735));
#2818=CARTESIAN_POINT('',(-0.00289929756491686,-0.18,-0.0178776305386739));
#2819=CARTESIAN_POINT('',(-0.00285147003351649,-0.18,-0.0179941190226249));
#2820=CARTESIAN_POINT('',(-0.00280043317392043,-0.18,-0.018118191321191));
#2821=CARTESIAN_POINT('',(-0.00280633900971064,-0.18,-0.0181038094557986));
#2822=CARTESIAN_POINT('',(-0.00279282359847062,-0.18,-0.0181365670428041));
#2823=CARTESIAN_POINT('',(-0.00277539494517988,-0.18,-0.0181786116779624));
#2824=CARTESIAN_POINT('',(-0.00273650019507498,-0.18,-0.018272256517457));
#2825=CARTESIAN_POINT('',(-0.00267740031367151,-0.18,-0.0184141297060625));
#2826=CARTESIAN_POINT('',(-0.00257849213295017,-0.18,-0.0186512313490223));
#2827=CARTESIAN_POINT('',(-0.00241878325759711,-0.18,-0.0190335302346364));
#2828=CARTESIAN_POINT('',(-0.00208561446078791,-0.18,-0.0198301550981354));
#2829=CARTESIAN_POINT('',(-0.00152390095833124,-0.18,-0.0211719518853272));
#2830=CARTESIAN_POINT('',(-0.000919527512368297,-0.18,-0.0226146347110255));
#2831=CARTESIAN_POINT('',(-0.00057859568148099,-0.18,-0.0234282739750048));
#2832=CARTESIAN_POINT('',(-0.000578595677594788,-0.18,-0.0234282739625316));
#2833=CARTESIAN_POINT('',(-0.000578595677594788,-0.18,-0.0234282739625315));
#2834=CARTESIAN_POINT('',(-0.00143057071092144,-0.18,-0.0231628309557114));
#2835=CARTESIAN_POINT('',(-0.00295601230537965,-0.18,-0.0226877453272941));
#2836=CARTESIAN_POINT('',(-0.00441690894189029,-0.18,-0.022233277330141));
#2837=CARTESIAN_POINT('',(-0.0053174245540954,-0.18,-0.0219535378198797));
#2838=CARTESIAN_POINT('',(-0.00586035662241283,-0.18,-0.0217851469698138));
#2839=CARTESIAN_POINT('',(-0.00619684233044797,-0.18,-0.0216810395984579));
#2840=CARTESIAN_POINT('',(-0.00640902233938354,-0.18,-0.0216156400905255));
#2841=CARTESIAN_POINT('',(-0.0065404684088115,-0.18,-0.021575237645703));
#2842=CARTESIAN_POINT('',(-0.0068796233446926,-0.18,-0.0214717952415915));
#2843=CARTESIAN_POINT('',(-0.00749681499908763,-0.18,-0.0212848436500833));
#2844=CARTESIAN_POINT('',(-0.00833659344223955,-0.18,-0.0210317711138716));
#2845=CARTESIAN_POINT('',(-0.00937472433721398,-0.18,-0.0207200022243562));
#2846=CARTESIAN_POINT('',(-0.0102576990000525,-0.18,-0.0204552435657226));
#2847=CARTESIAN_POINT('',(-0.0110751764120397,-0.18,-0.0202104292489995));
#2848=CARTESIAN_POINT('',(-0.0116991716655977,-0.18,-0.0200237079705506));
#2849=CARTESIAN_POINT('',(-0.012057760148937,-0.18,-0.0199164384181262));
#2850=CARTESIAN_POINT('',(-0.0123634796243577,-0.18,-0.0198250159894809));
#2851=CARTESIAN_POINT('',(-0.0125594942910966,-0.18,-0.0197663795411516));
#2852=CARTESIAN_POINT('',(-0.0128542375073694,-0.18,-0.0196781228442716));
#2853=CARTESIAN_POINT('',(-0.0133425353891201,-0.18,-0.0195317028062283));
#2854=CARTESIAN_POINT('',(-0.014020189734965,-0.18,-0.0193279081506499));
#2855=CARTESIAN_POINT('',(-0.0147831247895554,-0.18,-0.0190974621960685));
#2856=CARTESIAN_POINT('',(-0.0155006549052061,-0.18,-0.0188796745468871));
#2857=CARTESIAN_POINT('',(-0.0161717868657555,-0.18,-0.0186748378015884));
#2858=CARTESIAN_POINT('',(-0.0167956483143667,-0.18,-0.0184832308929544));
#2859=CARTESIAN_POINT('',(-0.0172798762978516,-0.18,-0.0183334097249714));
#2860=CARTESIAN_POINT('',(-0.0175926532238287,-0.18,-0.0182360493604454));
#2861=CARTESIAN_POINT('',(-0.0177747891637786,-0.18,-0.0181791447746811));
#2862=CARTESIAN_POINT('',(-0.0178825654438728,-0.18,-0.0181454132262915));
#2863=CARTESIAN_POINT('',(-0.0180865495350028,-0.18,-0.0180813848948918));
#2864=CARTESIAN_POINT('',(-0.0183209057058824,-0.18,-0.0180075697266094));
#2865=CARTESIAN_POINT('',(-0.0187387552215731,-0.18,-0.0178753788889312));
#2866=CARTESIAN_POINT('',(-0.0193021490740234,-0.18,-0.0176953604412681));
#2867=CARTESIAN_POINT('',(-0.0198404369280215,-0.18,-0.0175208791909554));
#2868=CARTESIAN_POINT('',(-0.020242528426201,-0.18,-0.0173890229210743));
#2869=CARTESIAN_POINT('',(-0.0205580617017211,-0.18,-0.0172846810758515));
#2870=CARTESIAN_POINT('',(-0.0207741955607133,-0.18,-0.017212312681162));
#2871=CARTESIAN_POINT('',(-0.021082409675964,-0.18,-0.0171079926045015));
#2872=CARTESIAN_POINT('',(-0.0214187839965778,-0.18,-0.0169932816701371));
#2873=CARTESIAN_POINT('',(-0.02184751905335,-0.18,-0.0168458617135044));
#2874=CARTESIAN_POINT('',(-0.0221757327739948,-0.18,-0.0167334445685942));
#2875=CARTESIAN_POINT('',(-0.022625207203588,-0.18,-0.0165819501722565));
#2876=CARTESIAN_POINT('',(-0.0233174785512154,-0.18,-0.0163539100615531));
#2877=CARTESIAN_POINT('',(-0.0243811016637987,-0.18,-0.0160222284356107));
#2878=CARTESIAN_POINT('',(-0.0256907646044459,-0.18,-0.0156422176768708));
#2879=CARTESIAN_POINT('',(-0.0268380460002656,-0.18,-0.0153322878713047));
#2880=CARTESIAN_POINT('',(-0.0277649630593729,-0.18,-0.0150944842959688));
#2881=CARTESIAN_POINT('',(-0.0285192619196041,-0.18,-0.0149081636981608));
#2882=CARTESIAN_POINT('',(-0.0291125200519559,-0.18,-0.0147663115557354));
#2883=CARTESIAN_POINT('',(-0.0299962030223532,-0.18,-0.0145602360788986));
#2884=CARTESIAN_POINT('',(-0.0311339159452336,-0.18,-0.0143058092936093));
#2885=CARTESIAN_POINT('',(-0.0323489002141493,-0.18,-0.0140471804211551));
#2886=CARTESIAN_POINT('',(-0.0332418267700508,-0.18,-0.0138638531339879));
#2887=CARTESIAN_POINT('',(-0.0337538034998744,-0.18,-0.0137604642269694));
#2888=CARTESIAN_POINT('',(-0.034169294328825,-0.18,-0.0136775614758243));
#2889=CARTESIAN_POINT('',(-0.0344904403741117,-0.18,-0.0136141476415276));
#2890=CARTESIAN_POINT('',(-0.0349608583919679,-0.18,-0.0135220407858486));
#2891=CARTESIAN_POINT('',(-0.0355509037412746,-0.18,-0.0134081458851299));
#2892=CARTESIAN_POINT('',(-0.0361629142180078,-0.18,-0.0132920380410382));
#2893=CARTESIAN_POINT('',(-0.0366644564710867,-0.18,-0.0131981102038567));
#2894=CARTESIAN_POINT('',(-0.0369785209107576,-0.18,-0.0131397646252631));
#2895=CARTESIAN_POINT('',(-0.0372419148287558,-0.18,-0.0130911457629928));
#2896=CARTESIAN_POINT('',(-0.0373718023436171,-0.18,-0.0130672523699825));
#2897=CARTESIAN_POINT('',(-0.0374895379930532,-0.18,-0.0130456596384692));
#2898=CARTESIAN_POINT('',(-0.0374948242674306,-0.18,-0.0130446929012139));
#2899=CARTESIAN_POINT('',(-0.0375206251385087,-0.18,-0.0130399735585684));
#2900=CARTESIAN_POINT('',(-0.0375780194353725,-0.18,-0.0130295100011393));
#2901=CARTESIAN_POINT('',(-0.0377073266909251,-0.18,-0.0130059881031456));
#2902=CARTESIAN_POINT('',(-0.0380023577989702,-0.18,-0.0129524108853193));
#2903=CARTESIAN_POINT('',(-0.038434365778239,-0.18,-0.0128740455473706));
#2904=CARTESIAN_POINT('',(-0.0390022558860436,-0.18,-0.0127710927996685));
#2905=CARTESIAN_POINT('',(-0.0394140989615436,-0.18,-0.0126964489519251));
#2906=CARTESIAN_POINT('',(-0.0397773204591758,-0.18,-0.0126306273705671));
#2907=CARTESIAN_POINT('',(-0.0400675777574745,-0.18,-0.0125780326208217));
#2908=CARTESIAN_POINT('',(-0.0403717497312885,-0.18,-0.0125229206432491));
#2909=CARTESIAN_POINT('',(-0.0406213684746194,-0.18,-0.0124776962156093));
#2910=CARTESIAN_POINT('',(-0.0407795391419668,-0.18,-0.0124490408255055));
#2911=CARTESIAN_POINT('',(-0.0408839062674846,-0.18,-0.0124301332488913));
#2912=CARTESIAN_POINT('',(-0.0408951791471693,-0.18,-0.0124280910569672));
#2913=CARTESIAN_POINT('',(-0.0408930327143429,-0.18,-0.0124284798899265));
#2914=CARTESIAN_POINT('',(-0.0408987396596671,-0.18,-0.0124274459838645));
#2915=CARTESIAN_POINT('',(-0.0409088932905031,-0.18,-0.0124256064503555));
#2916=CARTESIAN_POINT('',(-0.0409312678783845,-0.18,-0.0124215528630094));
#2917=CARTESIAN_POINT('',(-0.0410111341778675,-0.18,-0.0124070835298346));
#2918=CARTESIAN_POINT('',(-0.0412331702922792,-0.18,-0.0123668573718112));
#2919=CARTESIAN_POINT('',(-0.0417462037676814,-0.18,-0.012273911376342));
#2920=CARTESIAN_POINT('',(-0.0424765224488509,-0.18,-0.0121415999361109));
#2921=CARTESIAN_POINT('',(-0.0437398876730639,-0.18,-0.0119127167389319));
#2922=CARTESIAN_POINT('',(-0.0450132494350004,-0.18,-0.0116820224719022));
#2923=CARTESIAN_POINT('',(-0.0460069707637153,-0.18,-0.011501990511225));
#2924=CARTESIAN_POINT('',(-6.93889390390723E-18,0.161291076573221,0.0538195312053523));
#2925=CARTESIAN_POINT('',(-0.00997189271300991,-0.18,0.0210328732837896));
#2926=CARTESIAN_POINT('',(-0.00929518524372341,-0.18,0.0208270562011836));
#2927=CARTESIAN_POINT('',(-0.00862618413816099,-0.180199122482269,0.0206480625295251));
#2928=CARTESIAN_POINT('',(-0.00804800423409262,-0.180582096828674,0.0205083737683402));
#2929=CARTESIAN_POINT('',(-0.00804800423409266,-0.180582096828674,0.0205083737683402));
#2930=CARTESIAN_POINT('',(-0.00804800423409266,-0.180582096828674,0.0205083737683402));
#2931=CARTESIAN_POINT('',(-0.00749020841220456,-0.180203296844022,0.0203736098189096));
#2932=CARTESIAN_POINT('',(-0.0068332725419595,-0.18,0.0202310976850225));
#2933=CARTESIAN_POINT('',(-0.00615678574011167,-0.18,0.0201075515646409));
#2934=CARTESIAN_POINT('',(0.00615678578640551,-0.18,0.0201075515730956));
#2935=CARTESIAN_POINT('',(0.00683327742782717,-0.18,0.0202310985782836));
#2936=CARTESIAN_POINT('',(0.00749020441091647,-0.180203294122027,0.0203736088521751));
#2937=CARTESIAN_POINT('',(0.00804800423521869,-0.180582096827928,0.0205083737686123));
#2938=CARTESIAN_POINT('',(0.00804800423521869,-0.180582096827928,0.0205083737686123));
#2939=CARTESIAN_POINT('',(0.00804800423521869,-0.180582096827928,0.0205083737686123));
#2940=CARTESIAN_POINT('',(0.0086262784955347,-0.180199059982231,0.0206480853263682));
#2941=CARTESIAN_POINT('',(0.00929524285538139,-0.18,0.0208270737234714));
#2942=CARTESIAN_POINT('',(0.00997189271301013,-0.18,0.0210328732837892));
#2943=CARTESIAN_POINT('',(0.0373675144212723,-0.215,-0.00854251442127242));
#2944=CARTESIAN_POINT('',(0.0373675144212723,-0.182003448046861,-0.00854251442127242));
#2945=CARTESIAN_POINT('',(0.0225000704304726,-0.215,-0.0105322654560597));
#2946=CARTESIAN_POINT('',(0.0225000704304726,-0.182003448046861,-0.0105322654560597));
#2947=CARTESIAN_POINT('',(0.0172982275118671,-0.215,-0.0123396389071372));
#2948=CARTESIAN_POINT('',(0.0172982275118671,-0.182003448046861,-0.0123396389071372));
#2949=CARTESIAN_POINT('',(0.00439999900039603,-0.215,-0.0199970341082402));
#2950=CARTESIAN_POINT('',(0.00439999900039603,-0.182003448046861,-0.0199970341082402));
#2951=CARTESIAN_POINT('',(0.0373675144212723,-0.22,-0.00854251442127242));
#2952=CARTESIAN_POINT('',(0.0373675144212723,-0.215,-0.00854251442127242));
#2953=CARTESIAN_POINT('',(0.0373676011627613,-0.184457061305947,-0.00854236368718592));
#2954=CARTESIAN_POINT('',(0.0373675144212723,-0.215,-0.00854251442127242));
#2955=CARTESIAN_POINT('',(0.0344518944779591,-0.215,-0.0089327198797792));
#2956=CARTESIAN_POINT('',(0.0286279368849434,-0.215,-0.0097743418708916));
#2957=CARTESIAN_POINT('',(0.0200392737467358,-0.215,-0.0118918796521638));
#2958=CARTESIAN_POINT('',(0.0120113982446424,-0.215,-0.0155507858000963));
#2959=CARTESIAN_POINT('',(0.00692646642536276,-0.215,-0.0184971258442117));
#2960=CARTESIAN_POINT('',(0.00439999900039603,-0.215,-0.0199970341082402));
#2961=CARTESIAN_POINT('',(0.00439999900039603,-0.215,-0.0199970341082402));
#2962=CARTESIAN_POINT('',(0.00439999900039603,-0.22,-0.0199970341082402));
#2963=CARTESIAN_POINT('',(0.00440218227835763,-0.182200246567457,-0.0199948509839036));
#2964=CARTESIAN_POINT('',(0.00440237513470985,-0.182201208374774,-0.0199956234639367));
#2965=CARTESIAN_POINT('',(0.00517489645342081,-0.182414649031808,-0.0195370039345244));
#2966=CARTESIAN_POINT('',(0.00663814351084761,-0.182814978450964,-0.0186775480628958));
#2967=CARTESIAN_POINT('',(0.00829330464389843,-0.183248953068792,-0.0177312870246391));
#2968=CARTESIAN_POINT('',(0.00952963307976565,-0.183556373823292,-0.0170419162331328));
#2969=CARTESIAN_POINT('',(0.0104152183705646,-0.183766801534516,-0.0165573318251431));
#2970=CARTESIAN_POINT('',(0.0111256759752073,-0.18392625205227,-0.0161766411534647));
#2971=CARTESIAN_POINT('',(0.0116012149946175,-0.184027791017915,-0.0159259593252178));
#2972=CARTESIAN_POINT('',(0.0118795385858012,-0.184085449258583,-0.0157806048661041));
#2973=CARTESIAN_POINT('',(0.0120562007766247,-0.184121459175362,-0.0156887669242971));
#2974=CARTESIAN_POINT('',(0.0123484116978071,-0.184179625265998,-0.0155379888430878));
#2975=CARTESIAN_POINT('',(0.0126948923722422,-0.184246648377363,-0.015360902568187));
#2976=CARTESIAN_POINT('',(0.0133146963924965,-0.184361977584075,-0.0150480487223806));
#2977=CARTESIAN_POINT('',(0.0141755162398186,-0.184508043929484,-0.0146257004289862));
#2978=CARTESIAN_POINT('',(0.0151937331803465,-0.184657526261856,-0.0141461657675556));
#2979=CARTESIAN_POINT('',(0.0161959213647002,-0.184780113851655,-0.0136952714835403));
#2980=CARTESIAN_POINT('',(0.0171885384485736,-0.18487609036013,-0.0132705132103827));
#2981=CARTESIAN_POINT('',(0.0181730091023183,-0.184945418602739,-0.0128714328457191));
#2982=CARTESIAN_POINT('',(0.0189981160380724,-0.184980872814126,-0.0125562889409064));
#2983=CARTESIAN_POINT('',(0.0196456736260143,-0.184996133027191,-0.0123198493991534));
#2984=CARTESIAN_POINT('',(0.0201702258148604,-0.185000283999446,-0.0121349473577294));
#2985=CARTESIAN_POINT('',(0.0205515284743169,-0.185000163723689,-0.0120046185611473));
#2986=CARTESIAN_POINT('',(0.0211162602930401,-0.184999594199087,-0.0118162770335572));
#2987=CARTESIAN_POINT('',(0.0220953691474071,-0.184994135608512,-0.0115041817334837));
#2988=CARTESIAN_POINT('',(0.0235555982717943,-0.184975315357137,-0.011078716148297));
#2989=CARTESIAN_POINT('',(0.0254059940386076,-0.184934553961175,-0.0106053835829107));
#2990=CARTESIAN_POINT('',(0.0280507581134727,-0.184856161620167,-0.010013566219758));
#2991=CARTESIAN_POINT('',(0.0317618438196798,-0.184713000375663,-0.00933374448232424));
#2992=CARTESIAN_POINT('',(0.0353560605261694,-0.184550308089934,-0.00881171284379108));
#2993=CARTESIAN_POINT('',(0.0373675144212723,-0.184456919548204,-0.00854251442127242));
#2994=CARTESIAN_POINT('',(0.0373675144212723,-0.215,-0.00854251442127242));
#2995=CARTESIAN_POINT('',(0.0373675144212723,-0.183137452634288,-0.00854251442127242));
#2996=CARTESIAN_POINT('',(0.0243665069017196,-0.215,-0.00106095018131996));
#2997=CARTESIAN_POINT('',(0.0243665069017196,-0.183137452634288,-0.00106095018131996));
#2998=CARTESIAN_POINT('',(0.0191787645394705,-0.215,0.00352162736884524));
#2999=CARTESIAN_POINT('',(0.0191787645394705,-0.183137452634288,0.00352162736884523));
#3000=CARTESIAN_POINT('',(0.01015,-0.215,0.0155));
#3001=CARTESIAN_POINT('',(0.01015,-0.183137452634288,0.0155));
#3002=CARTESIAN_POINT('',(0.01015,-0.22,0.0155));
#3003=CARTESIAN_POINT('',(0.01015,-0.215,0.0155));
#3004=CARTESIAN_POINT('',(0.0101501301708914,-0.183327566751761,0.0155000453098261));
#3005=CARTESIAN_POINT('',(0.01015,-0.215,0.0155));
#3006=CARTESIAN_POINT('',(0.0119911625522192,-0.215,0.0130573478488006));
#3007=CARTESIAN_POINT('',(0.0157522861247079,-0.215,0.00822934727913428));
#3008=CARTESIAN_POINT('',(0.0221121685145974,-0.215,0.00159019819397545));
#3009=CARTESIAN_POINT('',(0.0294694811438718,-0.215,-0.00388446876425609));
#3010=CARTESIAN_POINT('',(0.0347187795663995,-0.215,-0.00701827255451486));
#3011=CARTESIAN_POINT('',(0.0373675144212723,-0.215,-0.00854251442127242));
#3012=CARTESIAN_POINT('',(0.0373675127601898,-0.184457123638211,-0.00854251346538533));
#3013=CARTESIAN_POINT('',(0.0362748639091315,-0.184418363342263,-0.00791373737189709));
#3014=CARTESIAN_POINT('',(0.033933846207562,-0.18433668254042,-0.00654487714927364));
#3015=CARTESIAN_POINT('',(0.030152750133769,-0.184201737300107,-0.00419305372610932));
#3016=CARTESIAN_POINT('',(0.0269002549819987,-0.184078788087807,-0.00195229811436765));
#3017=CARTESIAN_POINT('',(0.0242779994247868,-0.183974443068393,7.3113787886959E-5));
#3018=CARTESIAN_POINT('',(0.0222590138609144,-0.183892399186848,0.00177377357228062));
#3019=CARTESIAN_POINT('',(0.0203086859473454,-0.183809795949405,0.00357958911450474));
#3020=CARTESIAN_POINT('',(0.0179704467808801,-0.183705242836282,0.00593783417618902));
#3021=CARTESIAN_POINT('',(0.0153403862935205,-0.183582107175717,0.00889614880582369));
#3022=CARTESIAN_POINT('',(0.0125425975390612,-0.183447349781875,0.0123565281683896));
#3023=CARTESIAN_POINT('',(0.0109030077484517,-0.183366015198023,0.0145009924467028));
#3024=CARTESIAN_POINT('',(0.0101500268479638,-0.18332748770804,0.0154999643810788));
#3025=CARTESIAN_POINT('',(0.00439999900039603,-0.215,-0.0199970341082402));
#3026=CARTESIAN_POINT('',(0.00439999900039603,-0.182003238995786,-0.0199970341082402));
#3027=CARTESIAN_POINT('',(0.0108626346301038,-0.215,-0.00581182100205982));
#3028=CARTESIAN_POINT('',(0.0108626346301038,-0.182003238995786,-0.00581182100205982));
#3029=CARTESIAN_POINT('',(0.0118040647357702,-0.215,1.38777878078145E-17));
#3030=CARTESIAN_POINT('',(0.0118040647357702,-0.182003238995786,1.18573189205124E-17));
#3031=CARTESIAN_POINT('',(0.01015,-0.215,0.0155));
#3032=CARTESIAN_POINT('',(0.01015,-0.182003238995786,0.0155));
#3033=CARTESIAN_POINT('',(0.00439999900039603,-0.215,-0.0199970341082402));
#3034=CARTESIAN_POINT('',(0.00566461731766562,-0.215,-0.0172212501469743));
#3035=CARTESIAN_POINT('',(0.00749854818626472,-0.215,-0.0130181687152114));
#3036=CARTESIAN_POINT('',(0.00940169856684985,-0.215,-0.00725613404973636));
#3037=CARTESIAN_POINT('',(0.0104030453205107,-0.215,-0.00278461290335695));
#3038=CARTESIAN_POINT('',(0.0108720741126932,-0.215,0.00178124417245419));
#3039=CARTESIAN_POINT('',(0.0108892731320751,-0.215,0.0078818592488012));
#3040=CARTESIAN_POINT('',(0.010474445169183,-0.215,0.0124596715209605));
#3041=CARTESIAN_POINT('',(0.01015,-0.215,0.0155));
#3042=CARTESIAN_POINT('',(0.01015,-0.183327647173291,0.0155));
#3043=CARTESIAN_POINT('',(0.0102355626416506,-0.183302878189861,0.0146982049330336));
#3044=CARTESIAN_POINT('',(0.0103961128333631,-0.183253975205459,0.0131155872764804));
#3045=CARTESIAN_POINT('',(0.0105975652211535,-0.18318255870024,0.0108071640206861));
#3046=CARTESIAN_POINT('',(0.0107256964460471,-0.183124577362013,0.00893409949672698));
#3047=CARTESIAN_POINT('',(0.0107903148281234,-0.183084953871777,0.00765243032258261));
#3048=CARTESIAN_POINT('',(0.0108159825791252,-0.183065180716215,0.00701195527093507));
#3049=CARTESIAN_POINT('',(0.0108283872051408,-0.183054216843886,0.00665649639725142));
#3050=CARTESIAN_POINT('',(0.0108373419546827,-0.183045247124157,0.00636552627871359));
#3051=CARTESIAN_POINT('',(0.0108426366150324,-0.183039276750322,0.00617151146736645));
#3052=CARTESIAN_POINT('',(0.0108500574046337,-0.183030043783544,0.00587080613960485));
#3053=CARTESIAN_POINT('',(0.0108603681642894,-0.183013898209461,0.00534355569845481));
#3054=CARTESIAN_POINT('',(0.0108677801863737,-0.182989158689741,0.00453345654120602));
#3055=CARTESIAN_POINT('',(0.010859449684367,-0.18295733306943,0.00349258606557788));
#3056=CARTESIAN_POINT('',(0.0108176682712498,-0.182911834377604,0.0020109510245864));
#3057=CARTESIAN_POINT('',(0.0107178900565418,-0.182861938772799,0.000401200625320683));
#3058=CARTESIAN_POINT('',(0.0105503794162755,-0.182814074664231,-0.0011320693744795));
#3059=CARTESIAN_POINT('',(0.0104295334736693,-0.182785983866351,-0.00203090637892721));
#3060=CARTESIAN_POINT('',(0.0103178302400653,-0.182763263119664,-0.00275952567757789));
#3061=CARTESIAN_POINT('',(0.0102133668938769,-0.182744140343591,-0.00337018548901144));
#3062=CARTESIAN_POINT('',(0.0100572853939539,-0.182717643023838,-0.00420736877139768));
#3063=CARTESIAN_POINT('',(0.00975823297637887,-0.182672328410365,-0.00562235143627426));
#3064=CARTESIAN_POINT('',(0.00905371337441511,-0.182583312546858,-0.00835425737991934));
#3065=CARTESIAN_POINT('',(0.00780462087170016,-0.182462086278634,-0.0120341477596853));
#3066=CARTESIAN_POINT('',(0.00610085747724592,-0.182325699671232,-0.0162120984064417));
#3067=CARTESIAN_POINT('',(0.00495128835741986,-0.182240907855441,-0.0187869376123122));
#3068=CARTESIAN_POINT('',(0.00440120055549476,-0.182200038763207,-0.0199943967022245));
#3069=CARTESIAN_POINT('',(-0.0373675144212723,-0.215,-0.00854251442127242));
#3070=CARTESIAN_POINT('',(-0.0373675144212723,-0.183137452661099,-0.00854251442127242));
#3071=CARTESIAN_POINT('',(-0.0243665069017196,-0.215,-0.00106095018131996));
#3072=CARTESIAN_POINT('',(-0.0243665069017196,-0.183137452661099,-0.00106095018131996));
#3073=CARTESIAN_POINT('',(-0.0191787645394705,-0.215,0.00352162736884524));
#3074=CARTESIAN_POINT('',(-0.0191787645394705,-0.183137452661099,0.00352162736884523));
#3075=CARTESIAN_POINT('',(-0.01015,-0.215,0.0155));
#3076=CARTESIAN_POINT('',(-0.01015,-0.183137452661099,0.0155));
#3077=CARTESIAN_POINT('',(-0.0373675144212723,-0.22,-0.00854251442127242));
#3078=CARTESIAN_POINT('',(-0.0373675144212723,-0.215,-0.00854251442127242));
#3079=CARTESIAN_POINT('',(-0.0373677328897369,-0.184457026664912,-0.00854243195050424));
#3080=CARTESIAN_POINT('',(-0.0373675144212723,-0.215,-0.00854251442127242));
#3081=CARTESIAN_POINT('',(-0.0347163246509025,-0.215,-0.00701685984800221));
#3082=CARTESIAN_POINT('',(-0.029461086731088,-0.215,-0.00388028298231388));
#3083=CARTESIAN_POINT('',(-0.0220878447417906,-0.215,0.00161168452992205));
#3084=CARTESIAN_POINT('',(-0.0157470964266161,-0.215,0.00823716098313239));
#3085=CARTESIAN_POINT('',(-0.01198945769558,-0.215,0.0130596096652449));
#3086=CARTESIAN_POINT('',(-0.01015,-0.215,0.0155));
#3087=CARTESIAN_POINT('',(-0.01015,-0.215,0.0155));
#3088=CARTESIAN_POINT('',(-0.01015,-0.22,0.0155));
#3089=CARTESIAN_POINT('',(-0.0101501300839873,-0.183327567846033,0.0155000446538767));
#3090=CARTESIAN_POINT('',(-0.0101500271515649,-0.183327487734691,0.0154999639782942));
#3091=CARTESIAN_POINT('',(-0.0109030607801553,-0.183366017988873,0.0145009220943931));
#3092=CARTESIAN_POINT('',(-0.0125427647807323,-0.183447356963407,0.0123563109768574));
#3093=CARTESIAN_POINT('',(-0.015340738186283,-0.183582117247522,0.00889572320576819));
#3094=CARTESIAN_POINT('',(-0.0179709960280227,-0.183705252943372,0.00593723982167787));
#3095=CARTESIAN_POINT('',(-0.0203093958645405,-0.18380980310642,0.00357889669460404));
#3096=CARTESIAN_POINT('',(-0.0222599745888011,-0.183892406598651,0.00177292367187639));
#3097=CARTESIAN_POINT('',(-0.0242788716296211,-0.18397443709178,7.24140057385406E-5));
#3098=CARTESIAN_POINT('',(-0.0269011107794926,-0.184078774084162,-0.00195291612222167));
#3099=CARTESIAN_POINT('',(-0.030153494921439,-0.184201718781322,-0.00419353259512177));
#3100=CARTESIAN_POINT('',(-0.0339343332141286,-0.184336671488126,-0.00654516536043712));
#3101=CARTESIAN_POINT('',(-0.0362750504823958,-0.184418365120165,-0.00791384474884561));
#3102=CARTESIAN_POINT('',(-0.0373675144212723,-0.18445713385578,-0.00854251442127242));
#3103=CARTESIAN_POINT('',(-0.0373675144212723,-0.215,-0.00854251442127242));
#3104=CARTESIAN_POINT('',(-0.0373675144212723,-0.182003422193126,-0.00854251442127242));
#3105=CARTESIAN_POINT('',(-0.0225000704304726,-0.215,-0.0105322654560597));
#3106=CARTESIAN_POINT('',(-0.0225000704304726,-0.182003422193126,-0.0105322654560597));
#3107=CARTESIAN_POINT('',(-0.0172982275118671,-0.215,-0.0123396389071372));
#3108=CARTESIAN_POINT('',(-0.0172982275118671,-0.182003422193126,-0.0123396389071372));
#3109=CARTESIAN_POINT('',(-0.00439999900039603,-0.215,-0.0199970341082402));
#3110=CARTESIAN_POINT('',(-0.00439999900039603,-0.182003422193126,-0.0199970341082402));
#3111=CARTESIAN_POINT('',(-0.00439999900039603,-0.22,-0.0199970341082402));
#3112=CARTESIAN_POINT('',(-0.00439999900039603,-0.215,-0.0199970341082402));
#3113=CARTESIAN_POINT('',(-0.00440089035748838,-0.182200079078424,-0.0199974402012655));
#3114=CARTESIAN_POINT('',(-0.00439999900039603,-0.215,-0.0199970341082402));
#3115=CARTESIAN_POINT('',(-0.0069294406653337,-0.215,-0.018495360103214));
#3116=CARTESIAN_POINT('',(-0.0120205641836323,-0.215,-0.0155445515796742));
#3117=CARTESIAN_POINT('',(-0.0200719074327928,-0.215,-0.0118805411210483));
#3118=CARTESIAN_POINT('',(-0.0286389936683634,-0.215,-0.00977354973312413));
#3119=CARTESIAN_POINT('',(-0.0344553228050463,-0.215,-0.00893226105730953));
#3120=CARTESIAN_POINT('',(-0.0373675144212723,-0.215,-0.00854251442127242));
#3121=CARTESIAN_POINT('',(-0.0373675144212723,-0.184456919454259,-0.00854251442127242));
#3122=CARTESIAN_POINT('',(-0.0353563986515793,-0.184550295927347,-0.0088116675915349));
#3123=CARTESIAN_POINT('',(-0.0317624941258807,-0.184712970031197,-0.00933364268307242));
#3124=CARTESIAN_POINT('',(-0.0280512486578043,-0.18485612347491,-0.0100134639845744));
#3125=CARTESIAN_POINT('',(-0.0254061361057971,-0.184934518462732,-0.010605346345334));
#3126=CARTESIAN_POINT('',(-0.02355537775391,-0.184975286458747,-0.0110787713646323));
#3127=CARTESIAN_POINT('',(-0.022094764045748,-0.184994115475712,-0.0115043614635843));
#3128=CARTESIAN_POINT('',(-0.0211153396537627,-0.184999583060205,-0.0118165752325388));
#3129=CARTESIAN_POINT('',(-0.0205504131799345,-0.185000156874241,-0.0120049951790743));
#3130=CARTESIAN_POINT('',(-0.020168957814572,-0.185000284614919,-0.0121353864959355));
#3131=CARTESIAN_POINT('',(-0.0196442430570615,-0.184996126217559,-0.012320362971817));
#3132=CARTESIAN_POINT('',(-0.0189967747764653,-0.18498085914139,-0.0125567917279661));
#3133=CARTESIAN_POINT('',(-0.0181716642485546,-0.184945390074453,-0.0128719623703823));
#3134=CARTESIAN_POINT('',(-0.0171872218464526,-0.184876037756411,-0.0132710621151028));
#3135=CARTESIAN_POINT('',(-0.0161946071903156,-0.18478002978195,-0.0136958485683663));
#3136=CARTESIAN_POINT('',(-0.0151924135498108,-0.184657404108831,-0.0141467735446007));
#3137=CARTESIAN_POINT('',(-0.0141741700288976,-0.184507875124717,-0.0146263481465952));
#3138=CARTESIAN_POINT('',(-0.0133133387339175,-0.184361768621781,-0.0150487231362242));
#3139=CARTESIAN_POINT('',(-0.0126934776876456,-0.184246399181355,-0.0153616209964286));
#3140=CARTESIAN_POINT('',(-0.0123470293908712,-0.184179366291358,-0.0155386983095025));
#3141=CARTESIAN_POINT('',(-0.012054653716842,-0.184121152716747,-0.0156895686857971));
#3142=CARTESIAN_POINT('',(-0.0118785449057828,-0.184085246658197,-0.0157811226221267));
#3143=CARTESIAN_POINT('',(-0.0115999628822793,-0.1840275245669,-0.0159266162199327));
#3144=CARTESIAN_POINT('',(-0.0111244402024444,-0.183925970171436,-0.0161772989608712));
#3145=CARTESIAN_POINT('',(-0.01041377369601,-0.18376645311616,-0.0165581135577423));
#3146=CARTESIAN_POINT('',(-0.00952805951474518,-0.183555974645837,-0.0170427855161927));
#3147=CARTESIAN_POINT('',(-0.00829154782566446,-0.183248489378367,-0.0177322803438358));
#3148=CARTESIAN_POINT('',(-0.00663622006804751,-0.182814456476296,-0.0186786639565875));
#3149=CARTESIAN_POINT('',(-0.00517289989685471,-0.182414100774024,-0.0195381812506921));
#3150=CARTESIAN_POINT('',(-0.00440036269251849,-0.182200652353431,-0.0199968181925482));
#3151=CARTESIAN_POINT('',(-0.00439999900039603,-0.215,-0.0199970341082402));
#3152=CARTESIAN_POINT('',(-0.00439999900039603,-0.182003089389003,-0.0199970341082402));
#3153=CARTESIAN_POINT('',(-0.0108626346301038,-0.215,-0.00581182100205982));
#3154=CARTESIAN_POINT('',(-0.0108626346301038,-0.182003089389003,-0.00581182100205982));
#3155=CARTESIAN_POINT('',(-0.0118040647357702,-0.215,1.38777878078145E-17));
#3156=CARTESIAN_POINT('',(-0.0118040647357702,-0.182003089389003,1.1857309759739E-17));
#3157=CARTESIAN_POINT('',(-0.01015,-0.215,0.0155));
#3158=CARTESIAN_POINT('',(-0.01015,-0.182003089389003,0.0155));
#3159=CARTESIAN_POINT('',(-0.01015,-0.215,0.0155));
#3160=CARTESIAN_POINT('',(-0.0104736698899114,-0.215,0.0124669365502253));
#3161=CARTESIAN_POINT('',(-0.01088695974303,-0.215,0.00789983818801104));
#3162=CARTESIAN_POINT('',(-0.0108737875868914,-0.215,0.00183165465819254));
#3163=CARTESIAN_POINT('',(-0.0104123259358243,-0.215,-0.00272731998838969));
#3164=CARTESIAN_POINT('',(-0.00941598666827433,-0.215,-0.00720776046992373));
#3165=CARTESIAN_POINT('',(-0.00750641900032789,-0.215,-0.0130018394681385));
#3166=CARTESIAN_POINT('',(-0.00566764642972865,-0.215,-0.0172146013735329));
#3167=CARTESIAN_POINT('',(-0.00439999900039603,-0.215,-0.0199970341082402));
#3168=CARTESIAN_POINT('',(-0.00440000141690516,-0.182199890048711,-0.0199970288041042));
#3169=CARTESIAN_POINT('',(-0.00472966180049035,-0.182224408258576,-0.0192734380944385));
#3170=CARTESIAN_POINT('',(-0.00537549712170784,-0.182272936947977,-0.017836425662098));
#3171=CARTESIAN_POINT('',(-0.00629386393328816,-0.18234417185001,-0.0157145531441708));
#3172=CARTESIAN_POINT('',(-0.00701033273147525,-0.182402323177671,-0.013970464873102));
#3173=CARTESIAN_POINT('',(-0.0074803725860541,-0.182442225130488,-0.0127648865154153));
#3174=CARTESIAN_POINT('',(-0.00770940547412791,-0.182462189126852,-0.0121588679741954));
#3175=CARTESIAN_POINT('',(-0.00783470808486627,-0.182473257985451,-0.0118220156938302));
#3176=CARTESIAN_POINT('',(-0.00793658809874501,-0.182482357490784,-0.0115445850204461));
#3177=CARTESIAN_POINT('',(-0.00800248677983393,-0.182488291064829,-0.0113631662230909));
#3178=CARTESIAN_POINT('',(-0.00810472465576039,-0.182497543580141,-0.0110794258587769));
#3179=CARTESIAN_POINT('',(-0.00828102347873187,-0.182513690795672,-0.0105821391455547));
#3180=CARTESIAN_POINT('',(-0.00854397538092606,-0.182538446341608,-0.00981520336214952));
#3181=CARTESIAN_POINT('',(-0.0088646889471026,-0.182570286891509,-0.00882457088961101));
#3182=CARTESIAN_POINT('',(-0.00929252991579835,-0.182615776003457,-0.00740639444907036));
#3183=CARTESIAN_POINT('',(-0.00970649744623821,-0.182665812684276,-0.00584338398723263));
#3184=CARTESIAN_POINT('',(-0.0100758865151437,-0.182720199597606,-0.00413278802951752));
#3185=CARTESIAN_POINT('',(-0.0103263910062101,-0.182763660739383,-0.00274871312140126));
#3186=CARTESIAN_POINT('',(-0.0105289217298679,-0.182807775759229,-0.00133531473939886));
#3187=CARTESIAN_POINT('',(-0.0107185605703178,-0.182862405218176,0.000412859421375533));
#3188=CARTESIAN_POINT('',(-0.0108188394868315,-0.182912619771366,0.00203373919277437));
#3189=CARTESIAN_POINT('',(-0.0108597795085291,-0.182958034051436,0.00351350612701932));
#3190=CARTESIAN_POINT('',(-0.0108677419887267,-0.182989722570576,0.00455066890986794));
#3191=CARTESIAN_POINT('',(-0.0108601826121554,-0.183014266022242,0.00535482641531599));
#3192=CARTESIAN_POINT('',(-0.0108499407416231,-0.183030218123087,0.00587589817133205));
#3193=CARTESIAN_POINT('',(-0.0108425853083751,-0.183039349897474,0.00617330602987192));
#3194=CARTESIAN_POINT('',(-0.0108374249250658,-0.183045176566179,0.00636261214630976));
#3195=CARTESIAN_POINT('',(-0.0108284299659546,-0.183054200964628,0.00665526040150975));
#3196=CARTESIAN_POINT('',(-0.0108160289487007,-0.183065167294138,0.00701070578787548));
#3197=CARTESIAN_POINT('',(-0.0107903331431895,-0.183084974433782,0.00765214553615918));
#3198=CARTESIAN_POINT('',(-0.0107256597177137,-0.183124632512302,0.00893479976633921));
#3199=CARTESIAN_POINT('',(-0.0105974246969642,-0.183182645402581,0.0108090128419354));
#3200=CARTESIAN_POINT('',(-0.0103959361001586,-0.183254046833915,0.0131174001875623));
#3201=CARTESIAN_POINT('',(-0.0102354762665927,-0.18330290890738,0.0146990143411349));
#3202=CARTESIAN_POINT('',(-0.01015,-0.183327649350818,0.0155));
#3203=CARTESIAN_POINT('',(-0.0246455605291092,-0.23,0.0284826893904893));
#3204=CARTESIAN_POINT('',(-0.01715,-0.227,0.02415));
#3205=CARTESIAN_POINT('',(-0.0321411210582185,-0.227,0.0328153787809786));
#3206=CARTESIAN_POINT('',(-0.0226455605291092,-0.227,0.0273266212422399));
#3207=CARTESIAN_POINT('',(-0.0226455605291092,-0.225,0.0273266212422399));
#3208=CARTESIAN_POINT('',(-0.01715,-0.227,0.02415));
#3209=CARTESIAN_POINT('',(-0.01715,-0.227,0.02415));
#3210=CARTESIAN_POINT('',(-0.01715,-0.23,0.02415));
#3211=CARTESIAN_POINT('',(-0.0321411210582185,-0.23,0.0328153787809786));
#3212=CARTESIAN_POINT('',(-0.04215,-0.23,0.0155));
#3213=CARTESIAN_POINT('',(-0.0576859473787221,-0.23,0.00290498753293285));
#3214=CARTESIAN_POINT('',(-0.0576859473787221,-0.227,0.00290498753293285));
#3215=CARTESIAN_POINT('',(-0.04215,-0.227,0.0155));
#3216=CARTESIAN_POINT('',(-0.0518707168368462,-0.23,-0.00426809910989111));
#3217=CARTESIAN_POINT('',(-0.0460554862949703,-0.23,-0.0114411857527151));
#3218=CARTESIAN_POINT('',(-0.0460554862949703,-0.227,-0.0114411857527151));
#3219=CARTESIAN_POINT('',(-0.0460554862949703,-0.219904118702102,-0.0114411857527151));
#3220=CARTESIAN_POINT('',(-0.0518707168368462,-0.227,-0.00426809910989111));
#3221=CARTESIAN_POINT('',(-0.0480830994689544,-0.22,-0.00894012498300266));
#3222=CARTESIAN_POINT('',(-0.047670296964156,-0.22,-0.00944931685630343));
#3223=CARTESIAN_POINT('',(-0.0472656543475053,-0.219875673348847,-0.00994844350789762));
#3224=CARTESIAN_POINT('',(-0.0468849519942524,-0.219633682384574,-0.0104180398455398));
#3225=CARTESIAN_POINT('',(-0.0468849519942524,-0.219633682384574,-0.0104180398455398));
#3226=CARTESIAN_POINT('',(-0.0468849519942524,-0.219633682384574,-0.0104180398455398));
#3227=CARTESIAN_POINT('',(-0.0466123810612295,-0.219754126245028,-0.0107542560806158));
#3228=CARTESIAN_POINT('',(-0.0463357813539438,-0.219843412136564,-0.0110954418085853));
#3229=CARTESIAN_POINT('',(-0.0460554862949703,-0.219904118702102,-0.0114411857527151));
#3230=CARTESIAN_POINT('',(2.08166817117217E-17,-0.23,0.0297851506620646));
#3231=CARTESIAN_POINT('',(0.0460554862949703,-0.23,-0.0114411857527151));
#3232=CARTESIAN_POINT('',(0.0460554862949703,-0.227,-0.0114411857527151));
#3233=CARTESIAN_POINT('',(0.0460554862949703,-0.219904118702102,-0.0114411857527151));
#3234=CARTESIAN_POINT('',(0.0460554862949703,-0.227,-0.0114411857527151));
#3235=CARTESIAN_POINT('',(0.0460554862949703,-0.227090951075832,-0.0114411857527151));
#3236=CARTESIAN_POINT('',(0.0459565725837338,-0.227225037950102,-0.0115516509640972));
#3237=CARTESIAN_POINT('',(0.0457513024340984,-0.227387457880941,-0.0117790075031098));
#3238=CARTESIAN_POINT('',(0.0454680637765338,-0.227544812440699,-0.0120891963842734));
#3239=CARTESIAN_POINT('',(0.045123977329257,-0.227702903455236,-0.0124597411176137));
#3240=CARTESIAN_POINT('',(0.0446556748798091,-0.227894132195777,-0.0129558668115407));
#3241=CARTESIAN_POINT('',(0.0440582586605358,-0.228110396262164,-0.0135731745245041));
#3242=CARTESIAN_POINT('',(0.0433263502218086,-0.228350065679121,-0.0143045703054226));
#3243=CARTESIAN_POINT('',(0.0425812310730161,-0.228574488618336,-0.0150246230147037));
#3244=CARTESIAN_POINT('',(0.0415699947967734,-0.22885627483395,-0.0159695589227598));
#3245=CARTESIAN_POINT('',(0.0402727308307223,-0.229177127724149,-0.0171219467675966));
#3246=CARTESIAN_POINT('',(0.0386624900067179,-0.229507369583251,-0.0184580201514641));
#3247=CARTESIAN_POINT('',(0.0369931446236075,-0.229771901088016,-0.0197498505967633));
#3248=CARTESIAN_POINT('',(0.0352768205439641,-0.229951819449836,-0.0209864887862034));
#3249=CARTESIAN_POINT('',(0.0341011873616808,-0.23,-0.0217738539014019));
#3250=CARTESIAN_POINT('',(0.0335050145677916,-0.23,-0.0221584016891451));
#3251=CARTESIAN_POINT('',(0.0335050145677916,-0.23,-0.0221584016891451));
#3252=CARTESIAN_POINT('',(2.08166817117217E-17,-0.23,0.0297851506620646));
#3253=CARTESIAN_POINT('',(-0.0335050145677916,-0.23,-0.022158401689145));
#3254=CARTESIAN_POINT('',(-0.0335050145677916,-0.23,-0.022158401689145));
#3255=CARTESIAN_POINT('',(-0.0341007831392881,-0.23,-0.0217741146359213));
#3256=CARTESIAN_POINT('',(-0.0352751096545287,-0.229951877929307,-0.0209876229331094));
#3257=CARTESIAN_POINT('',(-0.0369873396232386,-0.229772594043669,-0.0197541045636872));
#3258=CARTESIAN_POINT('',(-0.0386541906156963,-0.229508897768995,-0.0184646832453384));
#3259=CARTESIAN_POINT('',(-0.0402686685607459,-0.229178128615204,-0.0171255441725161));
#3260=CARTESIAN_POINT('',(-0.041570269720951,-0.228856236316814,-0.0159693585899743));
#3261=CARTESIAN_POINT('',(-0.04258393168602,-0.228573719097518,-0.0150220745744954));
#3262=CARTESIAN_POINT('',(-0.0433303822107545,-0.228348809172487,-0.0143006165114036));
#3263=CARTESIAN_POINT('',(-0.0440622512766442,-0.228109020171752,-0.013569110325459));
#3264=CARTESIAN_POINT('',(-0.0446590244868017,-0.227892862666414,-0.0129523649598868));
#3265=CARTESIAN_POINT('',(-0.0451273083113794,-0.227701474584023,-0.0124561839080493));
#3266=CARTESIAN_POINT('',(-0.0454712752366923,-0.22754320951677,-0.0120857047044691));
#3267=CARTESIAN_POINT('',(-0.0457537082971618,-0.227385909919544,-0.0117763589726421));
#3268=CARTESIAN_POINT('',(-0.0459585464518302,-0.227223201436557,-0.0115494512623224));
#3269=CARTESIAN_POINT('',(-0.0460554862949703,-0.227089642028459,-0.011441185752715));
#3270=CARTESIAN_POINT('',(-0.0460554862949703,-0.227,-0.011441185752715));
#3271=CARTESIAN_POINT('',(-0.0460554862949703,-0.219904118702103,-0.0114411857527151));
#3272=CARTESIAN_POINT('',(-0.0457186807194713,-0.219969345544292,-0.0118174438904841));
#3273=CARTESIAN_POINT('',(-0.0453758607912644,-0.22,-0.0121911410671189));
#3274=CARTESIAN_POINT('',(-0.0450270816399795,-0.22,-0.0125619927013006));
#3275=CARTESIAN_POINT('',(-0.0064226654795473,-0.22,-0.0316922272926644));
#3276=CARTESIAN_POINT('',(-0.00632191397288458,-0.22,-0.0317027530054613));
#3277=CARTESIAN_POINT('',(-0.00622121222347315,-0.219997234702764,-0.0317130231458124));
#3278=CARTESIAN_POINT('',(-0.00612056000938908,-0.219991716433621,-0.0317230388513836));
#3279=CARTESIAN_POINT('',(-0.00612056000938908,-0.219991716433621,-0.0317230388513835));
#3280=CARTESIAN_POINT('',(-0.00612056000938903,-0.219991716433621,-0.0317230388513836));
#3281=CARTESIAN_POINT('',(-0.00595885240496399,-0.219997271610883,-0.0317391300598013));
#3282=CARTESIAN_POINT('',(-0.00579703607845417,-0.22,-0.0317545880740596));
#3283=CARTESIAN_POINT('',(-0.00563511258754494,-0.22,-0.0317694116235734));
#3284=CARTESIAN_POINT('',(0.0056351125875493,-0.22,-0.031769411623573));
#3285=CARTESIAN_POINT('',(0.00579703607845709,-0.22,-0.0317545880740593));
#3286=CARTESIAN_POINT('',(0.00595885240497587,-0.219997271610882,-0.0317391300598002));
#3287=CARTESIAN_POINT('',(0.00612056000939947,-0.219991716433621,-0.0317230388513826));
#3288=CARTESIAN_POINT('',(0.00612056000938904,-0.219991716433621,-0.0317230388513836));
#3289=CARTESIAN_POINT('',(0.00612056000938904,-0.219991716433621,-0.0317230388513836));
#3290=CARTESIAN_POINT('',(0.00622121222347577,-0.219997234702764,-0.0317130231458122));
#3291=CARTESIAN_POINT('',(0.00632191397288998,-0.22,-0.0317027530054609));
#3292=CARTESIAN_POINT('',(0.00642266547955536,-0.22,-0.0316922272926638));
#3293=CARTESIAN_POINT('',(0.0450270816399795,-0.22,-0.0125619927013006));
#3294=CARTESIAN_POINT('',(0.0453758607912644,-0.22,-0.0121911410671189));
#3295=CARTESIAN_POINT('',(0.0457186807194713,-0.219969345544292,-0.0118174438904841));
#3296=CARTESIAN_POINT('',(0.0460554862949703,-0.219904118702102,-0.0114411857527151));
#3297=CARTESIAN_POINT('',(0.0518707168368462,-0.23,-0.00426809910989111));
#3298=CARTESIAN_POINT('',(0.0576859473787221,-0.23,0.00290498753293286));
#3299=CARTESIAN_POINT('',(0.0576859473787221,-0.227,0.00290498753293286));
#3300=CARTESIAN_POINT('',(0.0576859473787221,-0.22,0.00290498753293286));
#3301=CARTESIAN_POINT('',(0.0460554862949703,-0.227,-0.0114411857527151));
#3302=CARTESIAN_POINT('',(0.0460554862949703,-0.219904118702102,-0.0114411857527151));
#3303=CARTESIAN_POINT('',(0.0463357813539438,-0.219843412136564,-0.0110954418085853));
#3304=CARTESIAN_POINT('',(0.0466123810612295,-0.219754126245028,-0.0107542560806158));
#3305=CARTESIAN_POINT('',(0.0468849519942524,-0.219633682384574,-0.0104180398455398));
#3306=CARTESIAN_POINT('',(0.0468849519942524,-0.219633682384574,-0.0104180398455398));
#3307=CARTESIAN_POINT('',(0.0468849519942524,-0.219633682384574,-0.0104180398455398));
#3308=CARTESIAN_POINT('',(0.0472662924691916,-0.219876078966729,-0.00994765638482283));
#3309=CARTESIAN_POINT('',(0.0476701018470593,-0.22,-0.00944955753323443));
#3310=CARTESIAN_POINT('',(0.0480830994689544,-0.22,-0.00894012498300266));
#3311=CARTESIAN_POINT('',(0.0480830994689544,-0.22,-0.00894012498300266));
#3312=CARTESIAN_POINT('',(0.0518707168368462,-0.22,-0.00426809910989111));
#3313=CARTESIAN_POINT('',(0.04215,-0.23,0.0155));
#3314=CARTESIAN_POINT('',(0.0321411210582185,-0.23,0.0328153787809786));
#3315=CARTESIAN_POINT('',(0.0321411210582185,-0.227,0.0328153787809786));
#3316=CARTESIAN_POINT('',(0.0321411210582185,-0.22,0.0328153787809786));
#3317=CARTESIAN_POINT('',(0.04215,-0.227,0.0155));
#3318=CARTESIAN_POINT('',(0.04215,-0.22,0.0155));
#3319=CARTESIAN_POINT('',(0.0246455605291092,-0.23,0.0284826893904893));
#3320=CARTESIAN_POINT('',(0.0246455605291092,-0.227,0.0284826893904893));
#3321=CARTESIAN_POINT('',(0.01715,-0.227,0.02415));
#3322=CARTESIAN_POINT('',(0.0226455605291092,-0.227,0.0273266212422399));
#3323=CARTESIAN_POINT('',(0.0226455605291092,-0.225,0.0273266212422399));
#3324=CARTESIAN_POINT('',(0.0246455605291092,-0.227,0.0284826893904893));
#3325=CARTESIAN_POINT('',(0.0246455605291092,-0.22,0.0284826893904893));
#3326=CARTESIAN_POINT('',(0.01715,-0.22,0.02415));
#3327=CARTESIAN_POINT('',(0.01715,-0.23,0.02415));
#3328=CARTESIAN_POINT('',(-0.04215,-0.23,0.0155));
#3329=CARTESIAN_POINT('',(-0.04215,-0.23,0.0155));
#3330=CARTESIAN_POINT('',(-0.04215,-0.23,0.01125));
#3331=CARTESIAN_POINT('',(0.04215,-0.23,0.0155));
#3332=CARTESIAN_POINT('',(0.04215,-0.23,0.0155));
#3333=CARTESIAN_POINT('',(0.04215,-0.23,0.01125));
#3334=CARTESIAN_POINT('',(0.04215,-0.22,0.0155));
#3335=CARTESIAN_POINT('',(0.04215,-0.22,0.01125));
#3336=CARTESIAN_POINT('',(-1.21430643318376E-17,-0.23,0.0538195312053523));
#3337=CARTESIAN_POINT('',(-1.21430643318376E-17,-0.227,0.0538195312053523));
#3338=CARTESIAN_POINT('',(-1.21430643318376E-17,-0.22,0.0538195312053523));
#3339=CARTESIAN_POINT('',(0.0117835647792017,-0.22,0.0216395501140008));
#3340=CARTESIAN_POINT('',(0.0117835647792017,-0.22,0.0216395501140008));
#3341=CARTESIAN_POINT('',(0.0104682905894245,-0.22,0.0211579271269129));
#3342=CARTESIAN_POINT('',(0.00915730278430035,-0.219467926519061,0.0207801745058283));
#3343=CARTESIAN_POINT('',(0.00816128276320784,-0.218514056416626,0.0205359459777308));
#3344=CARTESIAN_POINT('',(0.00816128276319737,-0.218514056416634,0.0205359459777573));
#3345=CARTESIAN_POINT('',(0.00816128276319737,-0.218514056416634,0.0205359459777573));
#3346=CARTESIAN_POINT('',(0.00724656666582474,-0.219458782858667,0.0203116535324675));
#3347=CARTESIAN_POINT('',(0.00597735887737011,-0.22,0.020048909809689));
#3348=CARTESIAN_POINT('',(0.00465552137275061,-0.22,0.0198676578742201));
#3349=CARTESIAN_POINT('',(-0.00465552137275059,-0.22,0.0198676578742203));
#3350=CARTESIAN_POINT('',(-0.00597720595934703,-0.22,0.0200488888413874));
#3351=CARTESIAN_POINT('',(-0.0072466892383535,-0.219458656264741,0.0203116835877662));
#3352=CARTESIAN_POINT('',(-0.00816128276320785,-0.218514056416626,0.0205359459777308));
#3353=CARTESIAN_POINT('',(-0.00816128276320785,-0.218514056416626,0.0205359459777308));
#3354=CARTESIAN_POINT('',(-0.00816128276320857,-0.218514056416626,0.0205359459777289));
#3355=CARTESIAN_POINT('',(-0.00915745490639228,-0.219468072203597,0.0207802118068382));
#3356=CARTESIAN_POINT('',(-0.0104684416216694,-0.22,0.0211579824314277));
#3357=CARTESIAN_POINT('',(-0.0117835647792017,-0.22,0.0216395501140008));
#3358=CARTESIAN_POINT('',(1.38777878078145E-17,-0.23,0.00173659438862091));
#3359=CARTESIAN_POINT('',(0.0553555552719138,-0.23,0.00479423940299294));
#3360=CARTESIAN_POINT('',(0.0553555552719138,-0.23,0.00479423940299291));
#3361=CARTESIAN_POINT('',(0.04215,-0.23,0.0155));
#3362=CARTESIAN_POINT('',(0.0336424528994857,-0.23,0.0302180719638319));
#3363=CARTESIAN_POINT('',(-0.00391458100236548,-0.23,0.00850882664550504));
#3364=CARTESIAN_POINT('',(0.0186513318412672,-0.23,0.0215526931828531));
#3365=CARTESIAN_POINT('',(-1.21430643318376E-17,-0.23,0.0538195312053523));
#3366=CARTESIAN_POINT('',(-0.0186513318412673,-0.23,0.0215526931828532));
#3367=CARTESIAN_POINT('',(-0.0336424528994857,-0.23,0.0302180719638319));
#3368=CARTESIAN_POINT('',(-0.0336424528994858,-0.23,0.0302180719638317));
#3369=CARTESIAN_POINT('',(-0.04215,-0.23,0.0155));
#3370=CARTESIAN_POINT('',(-0.0553555552719138,-0.23,0.00479423940299287));
#3371=CARTESIAN_POINT('',(-0.0319065602968892,-0.23,-0.0241300949689229));
#3372=CARTESIAN_POINT('',(1.38777878078145E-17,-0.22,0.00173659438862091));
#3373=CARTESIAN_POINT('',(0.0480830994689544,-0.22,-0.00894012498300265));
#3374=CARTESIAN_POINT('',(0.0463479109717814,-0.22,-0.00794159281613002));
#3375=CARTESIAN_POINT('',(0.0428799472570191,-0.22,-0.00594063298432318));
#3376=CARTESIAN_POINT('',(0.035924713590825,-0.22,-0.00196987730520206));
#3377=CARTESIAN_POINT('',(0.0291605732451396,-0.22,0.00231922451461977));
#3378=CARTESIAN_POINT('',(0.0231591509847394,-0.22,0.00766081333616777));
#3379=CARTESIAN_POINT('',(0.0177831058893143,-0.22,0.0136012544480661));
#3380=CARTESIAN_POINT('',(0.0141963122108124,-0.22,0.0184385819555831));
#3381=CARTESIAN_POINT('',(0.0117835647792016,-0.22,0.0216395501140008));
#3382=CARTESIAN_POINT('',(0.0475653231941711,-0.18,-0.0112196646363792));
#3383=CARTESIAN_POINT('',(0.0464367554835875,-0.18,-0.0114241266438078));
#3384=CARTESIAN_POINT('',(0.0453081877730139,-0.18,-0.011628588651235));
#3385=CARTESIAN_POINT('',(0.043086637553059,-0.18,-0.0120310657142551));
#3386=CARTESIAN_POINT('',(0.0419936550436769,-0.18,-0.0122290807698477));
#3387=CARTESIAN_POINT('',(0.0398076900250202,-0.18,-0.012625110881017));
#3388=CARTESIAN_POINT('',(0.0387064601459457,-0.18,-0.0128231614836085));
#3389=CARTESIAN_POINT('',(0.0354600169762655,-0.18,-0.0134166438263651));
#3390=CARTESIAN_POINT('',(0.0333446474933129,-0.18,-0.0138284159422022));
#3391=CARTESIAN_POINT('',(0.0291915083088786,-0.18,-0.0147297867451401));
#3392=CARTESIAN_POINT('',(0.0271653948364202,-0.18,-0.0152197935229651));
#3393=CARTESIAN_POINT('',(0.0242353049762705,-0.18,-0.0160627276332272));
#3394=CARTESIAN_POINT('',(0.0232763562493549,-0.18,-0.0163617252346939));
#3395=CARTESIAN_POINT('',(0.0218566484698953,-0.18,-0.0168410212639283));
#3396=CARTESIAN_POINT('',(0.0213894119621688,-0.18,-0.0170055849671221));
#3397=CARTESIAN_POINT('',(0.0204424172068792,-0.18,-0.0173240572953243));
#3398=CARTESIAN_POINT('',(0.019963950190645,-0.18,-0.0174812198967563));
#3399=CARTESIAN_POINT('',(0.0175520019533306,-0.18,-0.0182601156047882));
#3400=CARTESIAN_POINT('',(0.0155468601935967,-0.18,-0.0188690434291465));
#3401=CARTESIAN_POINT('',(0.011398739572517,-0.18,-0.0201159642567141));
#3402=CARTESIAN_POINT('',(0.00926592072754458,-0.18,-0.0207451086180729));
#3403=CARTESIAN_POINT('',(0.00494297039197675,-0.18,-0.0220611416459757));
#3404=CARTESIAN_POINT('',(0.0027584748264599,-0.18,-0.0227491062195475));
#3405=CARTESIAN_POINT('',(0.000480812551708962,-0.18,-0.0234587391773992));
#3406=CARTESIAN_POINT('',(0.000383101276793519,-0.18,-0.023489178737607));
#3407=CARTESIAN_POINT('',(0.000285401225515966,-0.18,-0.0235196116287015));
#3408=CARTESIAN_POINT('',(0.0470338962302915,-0.18,-0.00724883588319388));
#3409=CARTESIAN_POINT('',(0.0458983046218512,-0.18,-0.00740081524020031));
#3410=CARTESIAN_POINT('',(0.044762713013422,-0.18,-0.00755279459720162));
#3411=CARTESIAN_POINT('',(0.0425273364703468,-0.18,-0.00785196120526296));
#3412=CARTESIAN_POINT('',(0.041427551535701,-0.18,-0.00799914845636924));
#3413=CARTESIAN_POINT('',(0.0392279816665183,-0.18,-0.00829352295853602));
#3414=CARTESIAN_POINT('',(0.0381319315748775,-0.180000000000092,-0.0084391075620132));
#3415=CARTESIAN_POINT('',(0.034813758007201,-0.179999999999815,-0.00888709401365991));
#3416=CARTESIAN_POINT('',(0.0326317143814954,-0.18,-0.00920505780546888));
#3417=CARTESIAN_POINT('',(0.0282639889654738,-0.18,-0.00996854779021221));
#3418=CARTESIAN_POINT('',(0.0260840566496226,-0.180000000000062,-0.0104154865557774));
#3419=CARTESIAN_POINT('',(0.0228629187715537,-0.179999999999969,-0.0112722234021576));
#3420=CARTESIAN_POINT('',(0.0217983792863973,-0.180000000000031,-0.0115888652519436));
#3421=CARTESIAN_POINT('',(0.0202231402863537,-0.179999999999985,-0.012114262420653));
#3422=CARTESIAN_POINT('',(0.0197045521403582,-0.18,-0.0122966482730648));
#3423=CARTESIAN_POINT('',(0.0186674653734377,-0.18,-0.0126802941670423));
#3424=CARTESIAN_POINT('',(0.0181492871792499,-0.18,-0.0128815477187705));
#3425=CARTESIAN_POINT('',(0.0155743384085737,-0.18,-0.0139278310977336));
#3426=CARTESIAN_POINT('',(0.013565108018702,-0.180000000000123,-0.0148950789321254));
#3427=CARTESIAN_POINT('',(0.00963590653617335,-0.179999999999877,-0.0169581230399245));
#3428=CARTESIAN_POINT('',(0.00771557433859914,-0.18,-0.0180496907246543));
#3429=CARTESIAN_POINT('',(0.0038809016740794,-0.18,-0.0202950793169284));
#3430=CARTESIAN_POINT('',(0.00197820137831872,-0.18,-0.0214348022073865));
#3431=CARTESIAN_POINT('',(-1.73981194861934E-5,-0.18,-0.0226195458335575));
#3432=CARTESIAN_POINT('',(-0.000103007395238428,-0.18,-0.0226703701817799));
#3433=CARTESIAN_POINT('',(-0.000188605445806593,-0.18,-0.0227211878658569));
#3434=CARTESIAN_POINT('',(0.0470338962302944,-0.184006232095766,-0.00724883588318255));
#3435=CARTESIAN_POINT('',(0.0458983046218532,-0.184059182674018,-0.007400815240185));
#3436=CARTESIAN_POINT('',(0.044762713013422,-0.184112133252271,-0.00755279459718611));
#3437=CARTESIAN_POINT('',(0.0425273364703467,-0.184216364808459,-0.00785196120527797));
#3438=CARTESIAN_POINT('',(0.0414275515357009,-0.184267645786412,-0.00799914845636895));
#3439=CARTESIAN_POINT('',(0.0392279816665184,-0.184370207742336,-0.00829352295853632));
#3440=CARTESIAN_POINT('',(0.0381319315748846,-0.184421506057066,-0.0084391075620791));
#3441=CARTESIAN_POINT('',(0.0348137580071868,-0.184575291022723,-0.00888709401352814));
#3442=CARTESIAN_POINT('',(0.0326317143815667,-0.18467706232286,-0.00920505780587653));
#3443=CARTESIAN_POINT('',(0.0282639889654025,-0.184849833647531,-0.00996854778980455));
#3444=CARTESIAN_POINT('',(0.0260840566497136,-0.184920833672877,-0.0104154865561195));
#3445=CARTESIAN_POINT('',(0.0228629187715082,-0.184982304814541,-0.0112722234019865));
#3446=CARTESIAN_POINT('',(0.0217983792863976,-0.184995290379318,-0.0115888652519442));
#3447=CARTESIAN_POINT('',(0.0202231402863536,-0.185000767697274,-0.0121142624206527));
#3448=CARTESIAN_POINT('',(0.0197045521403704,-0.185000996839728,-0.0122966482731002));
#3449=CARTESIAN_POINT('',(0.0186674653734256,-0.184971128844228,-0.0126802941670069));
#3450=CARTESIAN_POINT('',(0.0181492871792238,-0.184944436525537,-0.0128815477187088));
#3451=CARTESIAN_POINT('',(0.0155743384086787,-0.184758078097725,-0.0139278310979804));
#3452=CARTESIAN_POINT('',(0.0135651080184824,-0.184439721477083,-0.0148950789317073));
#3453=CARTESIAN_POINT('',(0.00963590653639289,-0.183615374496509,-0.0169581230403426));
#3454=CARTESIAN_POINT('',(0.00771557433848152,-0.183109384133429,-0.0180496907244534));
#3455=CARTESIAN_POINT('',(0.00388090167419699,-0.182060675679177,-0.0202950793171292));
#3456=CARTESIAN_POINT('',(0.00197820137832135,-0.181528470375986,-0.0214348022073884));
#3457=CARTESIAN_POINT('',(-1.73981194863249E-5,-0.180975940234461,-0.0226195458335574));
#3458=CARTESIAN_POINT('',(-0.000103007393675609,-0.180952233738176,-0.0226703701808516));
#3459=CARTESIAN_POINT('',(-0.000188605441643277,-0.180928527236829,-0.0227211878633844));
#3460=CARTESIAN_POINT('',(0.047118392600988,-0.18016890340982,-0.0101300908615487));
#3461=CARTESIAN_POINT('',(0.0466927719546171,-0.180209298647246,-0.010067387049355));
#3462=CARTESIAN_POINT('',(0.045938686177282,-0.180296559532353,-0.00995344970331504));
#3463=CARTESIAN_POINT('',(0.0452403293000467,-0.180398483232054,-0.00984698524856869));
#3464=CARTESIAN_POINT('',(0.0448276213676329,-0.180464767196547,-0.00978431492360876));
#3465=CARTESIAN_POINT('',(0.0445928474862137,-0.180504517950266,-0.00974876129562678));
#3466=CARTESIAN_POINT('',(0.0444534613240408,-0.18052907571532,-0.00972765554902935));
#3467=CARTESIAN_POINT('',(0.0443972987744201,-0.180539103041254,-0.00971913930460561));
#3468=CARTESIAN_POINT('',(0.0443597243213433,-0.180545925150738,-0.009713373608046));
#3469=CARTESIAN_POINT('',(0.0443773431354818,-0.180542657555959,-0.00971611694442642));
#3470=CARTESIAN_POINT('',(0.0442419599066994,-0.18056753758948,-0.00969513438776318));
#3471=CARTESIAN_POINT('',(0.0441167444684439,-0.180591205342754,-0.00967566303022924));
#3472=CARTESIAN_POINT('',(0.0438765731434579,-0.180637781970094,-0.00963820212511287));
#3473=CARTESIAN_POINT('',(0.0435580590292839,-0.180703517891564,-0.00958818746924143));
#3474=CARTESIAN_POINT('',(0.0431884943418926,-0.180785428547039,-0.00952979728830708));
#3475=CARTESIAN_POINT('',(0.0427227409859676,-0.180896029731901,-0.00945582734306685));
#3476=CARTESIAN_POINT('',(0.0422902616821225,-0.181009462662491,-0.00938667612258707));
#3477=CARTESIAN_POINT('',(0.0419516089227877,-0.181106136562073,-0.00933213294545798));
#3478=CARTESIAN_POINT('',(0.0417560478469328,-0.181164658092335,-0.00930045032973723));
#3479=CARTESIAN_POINT('',(0.0416455199012422,-0.181198327962514,-0.00928249563323353));
#3480=CARTESIAN_POINT('',(0.0414190136207835,-0.181270042034994,-0.00924548022912413));
#3481=CARTESIAN_POINT('',(0.0411664142888029,-0.181354022030465,-0.00920393900210046));
#3482=CARTESIAN_POINT('',(0.0407231806332307,-0.181510168216185,-0.00913055450787446));
#3483=CARTESIAN_POINT('',(0.0401544074588151,-0.181736982149385,-0.00903530638269617));
#3484=CARTESIAN_POINT('',(0.0396501219555126,-0.181972934548906,-0.00894974935753697));
#3485=CARTESIAN_POINT('',(0.039341181824376,-0.182135471682993,-0.00889682359172233));
#3486=CARTESIAN_POINT('',(0.0391659442670839,-0.182234222778261,-0.00886657848885373));
#3487=CARTESIAN_POINT('',(0.0390660331064333,-0.182292099553493,-0.00884927024942131));
#3488=CARTESIAN_POINT('',(0.0388713718609712,-0.182411739622244,-0.00881529959545042));
#3489=CARTESIAN_POINT('',(0.038661222000371,-0.182551260599461,-0.00877835358241532));
#3490=CARTESIAN_POINT('',(0.0384092716106157,-0.182735937250828,-0.00873370710285672));
#3491=CARTESIAN_POINT('',(0.0381969651659082,-0.182916187632017,-0.00869572501754049));
#3492=CARTESIAN_POINT('',(0.0380388774456865,-0.183069121452353,-0.00866719326373109));
#3493=CARTESIAN_POINT('',(0.0379479105176594,-0.183162786180276,-0.00865070923729641));
#3494=CARTESIAN_POINT('',(0.0377984710949677,-0.183336723643344,-0.00862327991342583));
#3495=CARTESIAN_POINT('',(0.0376493725422046,-0.183543449385812,-0.00859549686512252));
#3496=CARTESIAN_POINT('',(0.0374380631264879,-0.183922201555568,-0.00855559237302689));
#3497=CARTESIAN_POINT('',(0.0373680576590277,-0.184244592474321,-0.00854231078682234));
#3498=CARTESIAN_POINT('',(0.0373680567833715,-0.184456893567933,-0.00854231090468315));
#3499=CARTESIAN_POINT('',(0.00440457853416476,-0.182200242055547,-0.0199924548967074));
#3500=CARTESIAN_POINT('',(0.0044045178417589,-0.182096790003675,-0.0199925890035782));
#3501=CARTESIAN_POINT('',(0.00437663170521246,-0.181929674831433,-0.020022861746418));
#3502=CARTESIAN_POINT('',(0.00429373197770799,-0.181710096320807,-0.0201115356016829));
#3503=CARTESIAN_POINT('',(0.00418714814094766,-0.181520905285738,-0.0202226797176599));
#3504=CARTESIAN_POINT('',(0.00411956037383964,-0.181426522328641,-0.0202916702175676));
#3505=CARTESIAN_POINT('',(0.00402086638780344,-0.181302617712932,-0.0203916523803006));
#3506=CARTESIAN_POINT('',(0.00391849595030688,-0.181191252342207,-0.0204942836533514));
#3507=CARTESIAN_POINT('',(0.00377227839252205,-0.181055319617538,-0.0206388006886357));
#3508=CARTESIAN_POINT('',(0.00371449441661261,-0.181008198755654,-0.0206949242709738));
#3509=CARTESIAN_POINT('',(0.00358591790898975,-0.180906581482925,-0.0208191943825915));
#3510=CARTESIAN_POINT('',(0.00333373760331998,-0.18073095503966,-0.0210602600175534));
#3511=CARTESIAN_POINT('',(0.00294419226190882,-0.18051134684906,-0.0214277966312445));
#3512=CARTESIAN_POINT('',(0.00244081422100482,-0.180313007200526,-0.0218836632833759));
#3513=CARTESIAN_POINT('',(0.00214886556836796,-0.18022167906483,-0.0221417931837639));
#3514=CARTESIAN_POINT('',(0.00194252503173481,-0.180168480058818,-0.0223192566532303));
#3515=CARTESIAN_POINT('',(0.00182937738985092,-0.180142527248709,-0.0224153632545912));
#3516=CARTESIAN_POINT('',(0.00176420370667683,-0.180128436560652,-0.0224705568755613));
#3517=CARTESIAN_POINT('',(0.00174064779175433,-0.180123307197336,-0.0224905391800901));
#3518=CARTESIAN_POINT('',(0.00163809289035396,-0.180102483480991,-0.0225773362560447));
#3519=CARTESIAN_POINT('',(0.00153196815807009,-0.180082962916161,-0.0226665040750845));
#3520=CARTESIAN_POINT('',(0.00133948747236177,-0.180051411540815,-0.02282688299489));
#3521=CARTESIAN_POINT('',(0.000989283876298286,-0.18000993023158,-0.0231123176264741));
#3522=CARTESIAN_POINT('',(0.000729889036210033,-0.18,-0.0233133692856126));
#3523=CARTESIAN_POINT('',(0.000578536270429852,-0.18,-0.0234282921825409));
#3524=CARTESIAN_POINT('',(0.000470594016196343,-0.18,-0.0236859576449735));
#3525=CARTESIAN_POINT('',(0.000506573384680994,-0.18,-0.0236000722779429));
#3526=CARTESIAN_POINT('',(0.00054255417599595,-0.18,-0.0235141837878221));
#3527=CARTESIAN_POINT('',(0.00143642332623232,-0.18,-0.0213804668258017));
#3528=CARTESIAN_POINT('',(0.00230793203844356,-0.18,-0.0193321767588449));
#3529=CARTESIAN_POINT('',(0.00396050631389191,-0.18,-0.0152738862705618));
#3530=CARTESIAN_POINT('',(0.00474411480667003,-0.18,-0.0132456651990016));
#3531=CARTESIAN_POINT('',(0.00611944499399558,-0.18,-0.00917683314956988));
#3532=CARTESIAN_POINT('',(0.00670438673606922,-0.18,-0.00714415462383278));
#3533=CARTESIAN_POINT('',(0.00753957522882188,-0.18,-0.00307041348185442));
#3534=CARTESIAN_POINT('',(0.00778601027031221,-0.18,-0.00102147946157266));
#3535=CARTESIAN_POINT('',(0.0079531238145374,-0.18,0.00312116570663059));
#3536=CARTESIAN_POINT('',(0.00788089895277242,-0.18,0.00522590288140392));
#3537=CARTESIAN_POINT('',(0.00755766396942446,-0.18,0.00948119305324679));
#3538=CARTESIAN_POINT('',(0.00730996019927162,-0.18,0.0116247552090555));
#3539=CARTESIAN_POINT('',(0.00688228026457147,-0.18,0.014869474906185));
#3540=CARTESIAN_POINT('',(0.00672750299592641,-0.18,0.0159713550008549));
#3541=CARTESIAN_POINT('',(0.00642404326022183,-0.18,0.0181711394298831));
#3542=CARTESIAN_POINT('',(0.00627267843280439,-0.18,0.01926761090357));
#3543=CARTESIAN_POINT('',(0.00611122775096517,-0.18,0.0204377237173391));
#3544=CARTESIAN_POINT('',(0.00610139817555635,-0.18,0.0205089635040575));
#3545=CARTESIAN_POINT('',(0.00609156860014754,-0.18,0.0205802032907758));
#3546=CARTESIAN_POINT('',(0.00233283378342763,-0.179999999999997,-0.0245343747241287));
#3547=CARTESIAN_POINT('',(0.00237142097843508,-0.179999999999997,-0.0244496774557536));
#3548=CARTESIAN_POINT('',(0.00241000959628697,-0.179999999999999,-0.0243649770642943));
#3549=CARTESIAN_POINT('',(0.00336866227235068,-0.18000000000003,-0.0222607748031872));
#3550=CARTESIAN_POINT('',(0.00429949482608752,-0.180000000000123,-0.0202474823579925));
#3551=CARTESIAN_POINT('',(0.00609991756095629,-0.179999999999877,-0.0161929453932906));
#3552=CARTESIAN_POINT('',(0.00696362220509633,-0.180000000000184,-0.0141527498609528));
#3553=CARTESIAN_POINT('',(0.00851764414623893,-0.179999999999815,-0.00999617346178895));
#3554=CARTESIAN_POINT('',(0.00920235076296304,-0.180000000000123,-0.00788402489540511));
#3555=CARTESIAN_POINT('',(0.0102345709571262,-0.179999999999877,-0.00357430924045695));
#3556=CARTESIAN_POINT('',(0.0105744899052135,-0.179999999999938,-0.00137069040273252));
#3557=CARTESIAN_POINT('',(0.0108989878343657,-0.180000000000061,0.00304939304962088));
#3558=CARTESIAN_POINT('',(0.0108932588104615,-0.18,0.00527306309997328));
#3559=CARTESIAN_POINT('',(0.0106991214244576,-0.18,0.00970367632485811));
#3560=CARTESIAN_POINT('',(0.0105142711478319,-0.18,0.0119071921044815));
#3561=CARTESIAN_POINT('',(0.0101828913883673,-0.18,0.0152188499059063));
#3562=CARTESIAN_POINT('',(0.0100617302230401,-0.18,0.0163271632381072));
#3563=CARTESIAN_POINT('',(0.00982620907461241,-0.18,0.018534197655614));
#3564=CARTESIAN_POINT('',(0.00970881354083558,-0.18,0.0196342941235404));
#3565=CARTESIAN_POINT('',(0.00958353437725439,-0.18,0.0208082669394246));
#3566=CARTESIAN_POINT('',(0.00957590702646496,-0.18,0.0208797417340193));
#3567=CARTESIAN_POINT('',(0.00956827967567551,-0.18,0.020951216528614));
#3568=CARTESIAN_POINT('',(0.00233283378342799,-0.182046398908046,-0.0245343747241309));
#3569=CARTESIAN_POINT('',(0.00237142097843528,-0.182049264625686,-0.0244496774557545));
#3570=CARTESIAN_POINT('',(0.00241000959628705,-0.182052130343341,-0.0243649770642944));
#3571=CARTESIAN_POINT('',(0.00336866227234895,-0.182123320390345,-0.0222607748031864));
#3572=CARTESIAN_POINT('',(0.00429949482585329,-0.182191644719699,-0.020247482357879));
#3573=CARTESIAN_POINT('',(0.00609991756119053,-0.18232829337814,-0.016192945393404));
#3574=CARTESIAN_POINT('',(0.00696362220461571,-0.182396617707604,-0.0141527498607716));
#3575=CARTESIAN_POINT('',(0.00851764414671957,-0.182533266366038,-0.00999617346197019));
#3576=CARTESIAN_POINT('',(0.00920235076254911,-0.182601590695497,-0.00788402489530629));
#3577=CARTESIAN_POINT('',(0.0102345709575402,-0.182738239353946,-0.00357430924055577));
#3578=CARTESIAN_POINT('',(0.0105744899056492,-0.182806563683305,-0.00137069040276594));
#3579=CARTESIAN_POINT('',(0.01089898783393,-0.182943212341939,0.00304939304965432));
#3580=CARTESIAN_POINT('',(0.0108932588109936,-0.183011536671209,0.00527306309999564));
#3581=CARTESIAN_POINT('',(0.0106991214239255,-0.183148185329836,0.00970367632483577));
#3582=CARTESIAN_POINT('',(0.0105142711480396,-0.183216509659122,0.0119071921045016));
#3583=CARTESIAN_POINT('',(0.0101828913882635,-0.183318996153073,0.0152188499058963));
#3584=CARTESIAN_POINT('',(0.0100617302230401,-0.183353158317723,0.0163271632381072));
#3585=CARTESIAN_POINT('',(0.00982620907461241,-0.183421482647024,0.0185341976556141));
#3586=CARTESIAN_POINT('',(0.00970881354083549,-0.183455644811662,0.0196342941235404));
#3587=CARTESIAN_POINT('',(0.0095835343772544,-0.183492021704745,0.0208082669394246));
#3588=CARTESIAN_POINT('',(0.00957590702646501,-0.183494236433167,0.0208797417340194));
#3589=CARTESIAN_POINT('',(0.00956827967567562,-0.183496451161588,0.020951216528614));
#3590=CARTESIAN_POINT('',(0.0101503362917541,-0.183327566748522,0.0155001170562844));
#3591=CARTESIAN_POINT('',(0.0101503301752055,-0.183117582046453,0.0155001251507921));
#3592=CARTESIAN_POINT('',(0.0101100851693877,-0.182800538987922,0.0156036401282375));
#3593=CARTESIAN_POINT('',(0.00998117945869985,-0.182429536572228,0.0159203813886557));
#3594=CARTESIAN_POINT('',(0.00989125480269241,-0.182231040120933,0.0161396224336974));
#3595=CARTESIAN_POINT('',(0.00979567233146589,-0.182057146590546,0.0163718034813026));
#3596=CARTESIAN_POINT('',(0.0097540404361623,-0.181990814060199,0.0164727335681995));
#3597=CARTESIAN_POINT('',(0.00967240949062569,-0.181865410924436,0.0166702592688003));
#3598=CARTESIAN_POINT('',(0.00956719792000068,-0.181723500222197,0.0169238034427639));
#3599=CARTESIAN_POINT('',(0.00944260346658636,-0.18157738814042,0.017222501521103));
#3600=CARTESIAN_POINT('',(0.00934000800291943,-0.181468412684935,0.0174677843141127));
#3601=CARTESIAN_POINT('',(0.00924453346467611,-0.181374696158671,0.017695413767105));
#3602=CARTESIAN_POINT('',(0.00919851283238726,-0.181332187727412,0.0178050071006871));
#3603=CARTESIAN_POINT('',(0.00911593916148012,-0.181257859708601,0.0180016010124344));
#3604=CARTESIAN_POINT('',(0.00897147083572723,-0.181136750951076,0.0183449255041425));
#3605=CARTESIAN_POINT('',(0.00864242009195991,-0.180892914529073,0.0191231911446925));
#3606=CARTESIAN_POINT('',(0.00830206139297854,-0.180699438886358,0.019917815586063));
#3607=CARTESIAN_POINT('',(0.00804800423521872,-0.180582096827928,0.0205083737686123));
#3608=CARTESIAN_POINT('',(0.00931568565034826,-0.18,0.0218498440589248));
#3609=CARTESIAN_POINT('',(0.00955088024734551,-0.18,0.0215570293009777));
#3610=CARTESIAN_POINT('',(0.00978607484434307,-0.18,0.0212642145430301));
#3611=CARTESIAN_POINT('',(0.0108229259002701,-0.18,0.0199733460671183));
#3612=CARTESIAN_POINT('',(0.0116259786737421,-0.18,0.0189734398724601));
#3613=CARTESIAN_POINT('',(0.013228554231841,-0.18,0.0169783106844269));
#3614=CARTESIAN_POINT('',(0.0140184351474482,-0.18,0.0160022343487059));
#3615=CARTESIAN_POINT('',(0.0164166750734411,-0.18,0.0131177931306691));
#3616=CARTESIAN_POINT('',(0.0180499636266865,-0.18,0.0112420059156072));
#3617=CARTESIAN_POINT('',(0.0214309457661482,-0.18,0.00771689368318172));
#3618=CARTESIAN_POINT('',(0.0231858634986572,-0.18,0.00606814744084402));
#3619=CARTESIAN_POINT('',(0.0268750652128259,-0.18,0.00304753909907203));
#3620=CARTESIAN_POINT('',(0.0288312226939804,-0.18,0.00165545746927417));
#3621=CARTESIAN_POINT('',(0.0329278073020044,-0.18,-0.000968829129734328));
#3622=CARTESIAN_POINT('',(0.03507000260795,-0.18,-0.00220866033200021));
#3623=CARTESIAN_POINT('',(0.0383379452688193,-0.18,-0.00400960183335575));
#3624=CARTESIAN_POINT('',(0.0394446824943012,-0.18,-0.00460123064407581));
#3625=CARTESIAN_POINT('',(0.0417106105319539,-0.18,-0.00581421283896143));
#3626=CARTESIAN_POINT('',(0.0428367584968141,-0.18,-0.00641678156765543));
#3627=CARTESIAN_POINT('',(0.0453750336334342,-0.18,-0.00777516805228708));
#3628=CARTESIAN_POINT('',(0.0467846292526508,-0.18,-0.00852952900012045));
#3629=CARTESIAN_POINT('',(0.0481942248718648,-0.18,-0.00928388994795342));
#3630=CARTESIAN_POINT('',(0.00679556814631264,-0.18,0.0199502915690883));
#3631=CARTESIAN_POINT('',(0.00702152645865134,-0.18,0.0196505149105579));
#3632=CARTESIAN_POINT('',(0.0072474847709905,-0.18,0.0193507382520267));
#3633=CARTESIAN_POINT('',(0.00824361783584579,-0.18,0.0180291783654109));
#3634=CARTESIAN_POINT('',(0.00901518890289978,-0.179999999999982,0.0170055426606405));
#3635=CARTESIAN_POINT('',(0.0105548010481699,-0.180000000000017,0.0149629544523753));
#3636=CARTESIAN_POINT('',(0.0113304022161306,-0.180000000000036,0.0139403575264221));
#3637=CARTESIAN_POINT('',(0.0136838280569985,-0.179999999999929,0.0109210284126999));
#3638=CARTESIAN_POINT('',(0.0153046694693666,-0.180000000000071,0.00893375993073548));
#3639=CARTESIAN_POINT('',(0.0187271433995413,-0.179999999999929,0.00512661529496963));
#3640=CARTESIAN_POINT('',(0.0205403831742303,-0.18,0.0033053903413166));
#3641=CARTESIAN_POINT('',(0.024382070447302,-0.18,-5.83296788828625E-5));
#3642=CARTESIAN_POINT('',(0.0264265458736073,-0.180000000000071,-0.00161566356948707));
#3643=CARTESIAN_POINT('',(0.0306462433231092,-0.179999999999929,-0.00451591541307708));
#3644=CARTESIAN_POINT('',(0.0328247675828682,-0.18,-0.00586989440010015));
#3645=CARTESIAN_POINT('',(0.0361139193754323,-0.18,-0.00782092765846507));
#3646=CARTESIAN_POINT('',(0.0372241167735271,-0.18,-0.00845999476178981));
#3647=CARTESIAN_POINT('',(0.0394507185326905,-0.18,-0.00974131577271001));
#3648=CARTESIAN_POINT('',(0.0405572033583094,-0.18,-0.0103780539094237));
#3649=CARTESIAN_POINT('',(0.0430512582741621,-0.18,-0.0118132836054992));
#3650=CARTESIAN_POINT('',(0.0444362968118408,-0.18,-0.0126103183567554));
#3651=CARTESIAN_POINT('',(0.0458213353495189,-0.18,-0.0134073531080125));
#3652=CARTESIAN_POINT('',(0.00679556814631418,-0.183155834579917,0.0199502915690857));
#3653=CARTESIAN_POINT('',(0.00702152645865258,-0.183167400781282,0.0196505149105557));
#3654=CARTESIAN_POINT('',(0.00724748477099125,-0.183178966982647,0.0193507382520254));
#3655=CARTESIAN_POINT('',(0.00824361783584316,-0.183229956368676,0.0180291783654154));
#3656=CARTESIAN_POINT('',(0.00901518890289904,-0.183269379553333,0.0170055426606399));
#3657=CARTESIAN_POINT('',(0.0105548010481706,-0.183348225922684,0.0149629544523759));
#3658=CARTESIAN_POINT('',(0.0113304022162609,-0.183387649107357,0.0139403575265263));
#3659=CARTESIAN_POINT('',(0.0136838280567379,-0.1835059186613,0.0109210284124915));
#3660=CARTESIAN_POINT('',(0.0153046694696706,-0.183584765030707,0.00893375993100881));
#3661=CARTESIAN_POINT('',(0.0187271433992373,-0.183742457769288,0.00512661529469637));
#3662=CARTESIAN_POINT('',(0.0205403831742681,-0.183821304138641,0.00330539034136113));
#3663=CARTESIAN_POINT('',(0.0243820704472641,-0.183978996877339,-5.83296789274379E-5));
#3664=CARTESIAN_POINT('',(0.0264265458733526,-0.184057843246685,-0.0016156635698611));
#3665=CARTESIAN_POINT('',(0.0306462433233638,-0.18421553598528,-0.00451591541270305));
#3666=CARTESIAN_POINT('',(0.0328247675827392,-0.184294382354645,-0.0058698944002994));
#3667=CARTESIAN_POINT('',(0.0361139193754969,-0.184412651908641,-0.00782092765836545));
#3668=CARTESIAN_POINT('',(0.0372241167735276,-0.1844520750933,-0.00845999476178868));
#3669=CARTESIAN_POINT('',(0.0394507185326899,-0.184530921462643,-0.00974131577271109));
#3670=CARTESIAN_POINT('',(0.0405572033583087,-0.184570344647304,-0.0103780539094248));
#3671=CARTESIAN_POINT('',(0.0430512582741629,-0.184659003020117,-0.0118132836054979));
#3672=CARTESIAN_POINT('',(0.0444362968118407,-0.184708238208268,-0.0126103183567556));
#3673=CARTESIAN_POINT('',(0.0458213353495184,-0.184757473396419,-0.0134073531080133));
#3674=CARTESIAN_POINT('',(-0.000285461019919539,-0.18,-0.0235195932803223));
#3675=CARTESIAN_POINT('',(-0.000383160898569729,-0.18,-0.0234891604461109));
#3676=CARTESIAN_POINT('',(-0.000480872002700878,-0.18,-0.0234587209417115));
#3677=CARTESIAN_POINT('',(-0.0027585314360557,-0.18,-0.0227490889162914));
#3678=CARTESIAN_POINT('',(-0.00494302647144936,-0.18,-0.0220611239875351));
#3679=CARTESIAN_POINT('',(-0.00926596902388922,-0.18,-0.0207450945765614));
#3680=CARTESIAN_POINT('',(-0.0113987792589255,-0.18,-0.0201159536646883));
#3681=CARTESIAN_POINT('',(-0.0155469248140494,-0.18,-0.0188690185725104));
#3682=CARTESIAN_POINT('',(-0.0175497524477083,-0.18,-0.0182609932263655));
#3683=CARTESIAN_POINT('',(-0.0199655973531414,-0.18,-0.0174805631983493));
#3684=CARTESIAN_POINT('',(-0.0204417498941263,-0.18,-0.0173243271902851));
#3685=CARTESIAN_POINT('',(-0.0213865691762983,-0.18,-0.0170066157234082));
#3686=CARTESIAN_POINT('',(-0.0218571236147339,-0.18,-0.0168408525770403));
#3687=CARTESIAN_POINT('',(-0.0232779507118954,-0.18,-0.0163612135127739));
#3688=CARTESIAN_POINT('',(-0.0242328139478905,-0.18,-0.0160634197272382));
#3689=CARTESIAN_POINT('',(-0.0271659895552852,-0.18,-0.0152195745571492));
#3690=CARTESIAN_POINT('',(-0.0291915153762845,-0.18,-0.01472977224475));
#3691=CARTESIAN_POINT('',(-0.0333458580912749,-0.18,-0.0138282157755197));
#3692=CARTESIAN_POINT('',(-0.0354601765078118,-0.18,-0.01341662122654));
#3693=CARTESIAN_POINT('',(-0.0387064243235443,-0.18,-0.0128231657774876));
#3694=CARTESIAN_POINT('',(-0.0398077026236218,-0.18,-0.0126251085985335));
#3695=CARTESIAN_POINT('',(-0.0419936651226342,-0.18,-0.01222907894385));
#3696=CARTESIAN_POINT('',(-0.0430866463721174,-0.18,-0.0120310641165108));
#3697=CARTESIAN_POINT('',(-0.0453081926916765,-0.18,-0.0116285877601238));
#3698=CARTESIAN_POINT('',(-0.046436757761763,-0.18,-0.011424126231073));
#3699=CARTESIAN_POINT('',(-0.0475653228318458,-0.18,-0.0112196647020227));
#3700=CARTESIAN_POINT('',(0.000188553179726369,-0.18,-0.0227211568366282));
#3701=CARTESIAN_POINT('',(0.000102955281775559,-0.18,-0.0226703392431591));
#3702=CARTESIAN_POINT('',(1.7346156803155E-5,-0.18,-0.0226195149844528));
#3703=CARTESIAN_POINT('',(-0.00197825083077956,-0.18,-0.0214347728485472));
#3704=CARTESIAN_POINT('',(-0.00388095104758388,-0.18,-0.0202950498264095));
#3705=CARTESIAN_POINT('',(-0.00771561751855663,-0.18,-0.0180496660206036));
#3706=CARTESIAN_POINT('',(-0.00963594196323383,-0.18,-0.0169581029611171));
#3707=CARTESIAN_POINT('',(-0.0135651731523206,-0.18,-0.0148950462111543));
#3708=CARTESIAN_POINT('',(-0.0155718506539454,-0.179999999999938,-0.0139287963215851));
#3709=CARTESIAN_POINT('',(-0.0181511005764518,-0.180000000000015,-0.012880822298577));
#3710=CARTESIAN_POINT('',(-0.0186667285116727,-0.179999999999984,-0.0126805904740339));
#3711=CARTESIAN_POINT('',(-0.0197014016956768,-0.180000000000015,-0.0122977900727599));
#3712=CARTESIAN_POINT('',(-0.0202236674953072,-0.179999999999984,-0.0121140752860185));
#3713=CARTESIAN_POINT('',(-0.0218001450777662,-0.180000000000031,-0.0115882989133464));
#3714=CARTESIAN_POINT('',(-0.0228601840195349,-0.18,-0.011272983592705));
#3715=CARTESIAN_POINT('',(-0.0260847293418203,-0.18,-0.0104152420719941));
#3716=CARTESIAN_POINT('',(-0.0282640048960897,-0.180000000000061,-0.0099685320971524));
#3717=CARTESIAN_POINT('',(-0.0326329702432692,-0.179999999999938,-0.00920485118960493));
#3718=CARTESIAN_POINT('',(-0.0348139203293587,-0.179999999999815,-0.00888707186471512));
#3719=CARTESIAN_POINT('',(-0.0381318951897614,-0.180000000000093,-0.00843911259128745));
#3720=CARTESIAN_POINT('',(-0.0392279943435266,-0.18,-0.0082935212619217));
#3721=CARTESIAN_POINT('',(-0.0414275616773906,-0.18,-0.00799914709909431));
#3722=CARTESIAN_POINT('',(-0.0425273453442925,-0.18,-0.00785196001765278));
#3723=CARTESIAN_POINT('',(-0.044762717962697,-0.18,-0.00755279393481153));
#3724=CARTESIAN_POINT('',(-0.0458983069142073,-0.18,-0.00740081493339271));
#3725=CARTESIAN_POINT('',(-0.047033895865714,-0.18,-0.00724883593197466));
#3726=CARTESIAN_POINT('',(0.000188553175575658,-0.180928541984016,-0.0227211568341671));
#3727=CARTESIAN_POINT('',(0.000102955280217525,-0.18095224844615,-0.0226703392422352));
#3728=CARTESIAN_POINT('',(1.73461568033428E-5,-0.18097595490324,-0.0226195149844529));
#3729=CARTESIAN_POINT('',(-0.00197825083078375,-0.181528484396035,-0.0214347728485468));
#3730=CARTESIAN_POINT('',(-0.00388095104771723,-0.182060689272655,-0.0202950498266412));
#3731=CARTESIAN_POINT('',(-0.00771561751842327,-0.18310939592538,-0.0180496660203719));
#3732=CARTESIAN_POINT('',(-0.00963594196347202,-0.183615384821269,-0.0169581029615647));
#3733=CARTESIAN_POINT('',(-0.0135651731520824,-0.184439728256117,-0.0148950462107067));
#3734=CARTESIAN_POINT('',(-0.0155718506540688,-0.184758082798441,-0.0139287963218892));
#3735=CARTESIAN_POINT('',(-0.018151100576421,-0.184944438572525,-0.012880822298501));
#3736=CARTESIAN_POINT('',(-0.0186667285116941,-0.184971130357663,-0.0126805904740915));
#3737=CARTESIAN_POINT('',(-0.0197014016956555,-0.185000997288677,-0.0122977900727024));
#3738=CARTESIAN_POINT('',(-0.0202236674953035,-0.185000767678358,-0.0121140752860124));
#3739=CARTESIAN_POINT('',(-0.0218001450777736,-0.184995290076207,-0.0115882989133588));
#3740=CARTESIAN_POINT('',(-0.022860184019483,-0.18498230436249,-0.011272983592517));
#3741=CARTESIAN_POINT('',(-0.0260847293419242,-0.184920832876409,-0.0104152420723699));
#3742=CARTESIAN_POINT('',(-0.0282640048960076,-0.184849832758209,-0.00996853209672007));
#3743=CARTESIAN_POINT('',(-0.0326329702433513,-0.184677061419823,-0.00920485119003727));
#3744=CARTESIAN_POINT('',(-0.034813920329345,-0.184575290198975,-0.00888707186458734));
#3745=CARTESIAN_POINT('',(-0.0381318951897682,-0.184421505405347,-0.00843911259135133));
#3746=CARTESIAN_POINT('',(-0.0392279943435304,-0.184370207151227,-0.00829352126193684));
#3747=CARTESIAN_POINT('',(-0.0414275616773868,-0.184267645313526,-0.00799914709907916));
#3748=CARTESIAN_POINT('',(-0.0425273453442926,-0.184216364394699,-0.00785196001765332));
#3749=CARTESIAN_POINT('',(-0.044762717962697,-0.18411213302148,-0.007552793934811));
#3750=CARTESIAN_POINT('',(-0.0458983069142074,-0.184059182567124,-0.00740081493339293));
#3751=CARTESIAN_POINT('',(-0.0470338958657141,-0.184006232112768,-0.00724883593197535));
#3752=CARTESIAN_POINT('',(-0.000578595674625328,-0.18,-0.0234282739634567));
#3753=CARTESIAN_POINT('',(-0.000729633598478932,-0.18,-0.0233135983288648));
#3754=CARTESIAN_POINT('',(-0.000988352180350629,-0.180009885958798,-0.0231130800132502));
#3755=CARTESIAN_POINT('',(-0.00133751696611667,-0.180051139081429,-0.0228285436328838));
#3756=CARTESIAN_POINT('',(-0.00152934377813077,-0.180082492761839,-0.022668747303116));
#3757=CARTESIAN_POINT('',(-0.00163517102272767,-0.180101903770115,-0.0225798506842359));
#3758=CARTESIAN_POINT('',(-0.0017372175168643,-0.180122561166728,-0.0224935065314586));
#3759=CARTESIAN_POINT('',(-0.00176130408038156,-0.180127787962074,-0.022473077248839));
#3760=CARTESIAN_POINT('',(-0.00182668729412777,-0.180141893567704,-0.0224177091917745));
#3761=CARTESIAN_POINT('',(-0.00194012077973433,-0.180167871902874,-0.0223213529163413));
#3762=CARTESIAN_POINT('',(-0.00214588063786274,-0.180220824153756,-0.0221443892447126));
#3763=CARTESIAN_POINT('',(-0.00243650560961519,-0.180311626319132,-0.0218874802829513));
#3764=CARTESIAN_POINT('',(-0.00293399366876232,-0.180506621667529,-0.0214372364454312));
#3765=CARTESIAN_POINT('',(-0.00332955617579273,-0.180728231657212,-0.0210642429408239));
#3766=CARTESIAN_POINT('',(-0.0035820193295206,-0.180903689462255,-0.0208229701089791));
#3767=CARTESIAN_POINT('',(-0.003711011570686,-0.181005288104876,-0.0206983486525983));
#3768=CARTESIAN_POINT('',(-0.0037686226740237,-0.181052093253226,-0.0206424163755509));
#3769=CARTESIAN_POINT('',(-0.00391570797488577,-0.181188371713427,-0.0204970830028088));
#3770=CARTESIAN_POINT('',(-0.00401856312368535,-0.181299910621292,-0.0203939909347894));
#3771=CARTESIAN_POINT('',(-0.00411778213766649,-0.181424071523616,-0.0202935005934548));
#3772=CARTESIAN_POINT('',(-0.00418567363115177,-0.181518549882121,-0.0202242165019385));
#3773=CARTESIAN_POINT('',(-0.00429296624763892,-0.181708341566289,-0.0201123539586277));
#3774=CARTESIAN_POINT('',(-0.00437639821194072,-0.181928558314194,-0.0200231222284419));
#3775=CARTESIAN_POINT('',(-0.00440449494745705,-0.18209615845999,-0.0199926230411688));
#3776=CARTESIAN_POINT('',(-0.00440458210726056,-0.182199878708497,-0.0199924531239275));
#3777=CARTESIAN_POINT('',(-0.0373680516508923,-0.184456893711453,-0.0085423116197399));
#3778=CARTESIAN_POINT('',(-0.0373680608004639,-0.184244577504648,-0.00854231038824186));
#3779=CARTESIAN_POINT('',(-0.037438079052669,-0.183922167078702,-0.00855559345083499));
#3780=CARTESIAN_POINT('',(-0.0376494075863439,-0.183543399526674,-0.0085955020972353));
#3781=CARTESIAN_POINT('',(-0.03779851751662,-0.183336668247744,-0.00862328735050299));
#3782=CARTESIAN_POINT('',(-0.0379479700575438,-0.183162725709683,-0.00865071863774267));
#3783=CARTESIAN_POINT('',(-0.0380389378088954,-0.183069065567048,-0.00866720248016265));
#3784=CARTESIAN_POINT('',(-0.0381970293858182,-0.182916134686678,-0.00869573470806802));
#3785=CARTESIAN_POINT('',(-0.0384093373063367,-0.182735889335728,-0.00873371704592008));
#3786=CARTESIAN_POINT('',(-0.0386612870604931,-0.182551217717244,-0.0087783636492567));
#3787=CARTESIAN_POINT('',(-0.0388714354358131,-0.182411700580597,-0.00881530967614681));
#3788=CARTESIAN_POINT('',(-0.039066093439016,-0.182292064422331,-0.00884928011211383));
#3789=CARTESIAN_POINT('',(-0.0391660059203501,-0.182234187733946,-0.00886658874064735));
#3790=CARTESIAN_POINT('',(-0.0393412437494344,-0.182135438219028,-0.00889683403597925));
#3791=CARTESIAN_POINT('',(-0.0396501850746518,-0.181972903473295,-0.00894976002485878));
#3792=CARTESIAN_POINT('',(-0.040154471285609,-0.181736955510856,-0.00903531664522774));
#3793=CARTESIAN_POINT('',(-0.0407232369813756,-0.181510146496181,-0.00913056441761643));
#3794=CARTESIAN_POINT('',(-0.0411664646855918,-0.181354004096294,-0.00920394796631695));
#3795=CARTESIAN_POINT('',(-0.0414190608523619,-0.181270026096592,-0.00924548858126713));
#3796=CARTESIAN_POINT('',(-0.0416455632458482,-0.181198314079981,-0.00928250316873872));
#3797=CARTESIAN_POINT('',(-0.0417560925636428,-0.181164644163901,-0.0093004579895093));
#3798=CARTESIAN_POINT('',(-0.0419516532857392,-0.181106123381216,-0.0093321404109776));
#3799=CARTESIAN_POINT('',(-0.0422903055902078,-0.181009450586213,-0.00938668333224402));
#3800=CARTESIAN_POINT('',(-0.0427227823265001,-0.180896019359346,-0.00945583400550595));
#3801=CARTESIAN_POINT('',(-0.0431885315847547,-0.180785420007699,-0.0095298032077414));
#3802=CARTESIAN_POINT('',(-0.0435580923384772,-0.180703510797561,-0.00958819271298231));
#3803=CARTESIAN_POINT('',(-0.0438766025098452,-0.180637776094112,-0.00963820671458831));
#3804=CARTESIAN_POINT('',(-0.0441167706573506,-0.180591200334086,-0.00967566710340437));
#3805=CARTESIAN_POINT('',(-0.0442419842567403,-0.180567533047259,-0.00969513816551061));
#3806=CARTESIAN_POINT('',(-0.0443773658261738,-0.180542653435548,-0.00971612045599887));
#3807=CARTESIAN_POINT('',(-0.04435974617252,-0.180545921166885,-0.00971337699120416));
#3808=CARTESIAN_POINT('',(-0.0443973192523442,-0.18053909933655,-0.00971914247416302));
#3809=CARTESIAN_POINT('',(-0.0444534795955912,-0.180529072446215,-0.00972765837809083));
#3810=CARTESIAN_POINT('',(-0.044592862728077,-0.180504515300781,-0.00974876365812242));
#3811=CARTESIAN_POINT('',(-0.0448276333069616,-0.180464765216659,-0.00978431677715302));
#3812=CARTESIAN_POINT('',(-0.0452403372307371,-0.18039848204246,-0.00984698648040891));
#3813=CARTESIAN_POINT('',(-0.0459386898597132,-0.180296559098141,-0.00995345026702248));
#3814=CARTESIAN_POINT('',(-0.0466927730492186,-0.180209298543301,-0.0100673872106194));
#3815=CARTESIAN_POINT('',(-0.0471183926057834,-0.180168903409365,-0.0101300908622545));
#3816=CARTESIAN_POINT('',(-0.0481942248718687,-0.18,-0.00928388994795656));
#3817=CARTESIAN_POINT('',(-0.0467846292526361,-0.18,-0.00852952900011229));
#3818=CARTESIAN_POINT('',(-0.0453750336334095,-0.18,-0.00777516805227068));
#3819=CARTESIAN_POINT('',(-0.0428367584968407,-0.18,-0.00641678156767221));
#3820=CARTESIAN_POINT('',(-0.0417109754972781,-0.18,-0.00581442286203094));
#3821=CARTESIAN_POINT('',(-0.0394437840456195,-0.18,-0.0046007136224907));
#3822=CARTESIAN_POINT('',(-0.0383390147875494,-0.18,-0.00401023441411218));
#3823=CARTESIAN_POINT('',(-0.0350684243903962,-0.18,-0.00220772783276107));
#3824=CARTESIAN_POINT('',(-0.0329277686546118,-0.18,-0.000968797340272186));
#3825=CARTESIAN_POINT('',(-0.0288314892158881,-0.18,0.00165526905905049));
#3826=CARTESIAN_POINT('',(-0.026875971985168,-0.18,0.00304680278495203));
#3827=CARTESIAN_POINT('',(-0.0231864501088177,-0.18,0.00606757619709791));
#3828=CARTESIAN_POINT('',(-0.0214304328418328,-0.18,0.00771746708012309));
#3829=CARTESIAN_POINT('',(-0.0180505544137921,-0.18,0.0112413459045146));
#3830=CARTESIAN_POINT('',(-0.0164166799781719,-0.18,0.0131177867670985));
#3831=CARTESIAN_POINT('',(-0.014018430069357,-0.18,0.0160022408991678));
#3832=CARTESIAN_POINT('',(-0.0132285543125224,-0.18,0.0169783105773871));
#3833=CARTESIAN_POINT('',(-0.0116259788717298,-0.18,0.018973439609792));
#3834=CARTESIAN_POINT('',(-0.0108229259002721,-0.18,0.0199733460671144));
#3835=CARTESIAN_POINT('',(-0.00978607484424587,-0.18,0.0212642145431515));
#3836=CARTESIAN_POINT('',(-0.00955088024715153,-0.18,0.0215570293012198));
#3837=CARTESIAN_POINT('',(-0.00931568565005779,-0.18,0.0218498440592873));
#3838=CARTESIAN_POINT('',(-0.0458213353495239,-0.18,-0.0134073531080189));
#3839=CARTESIAN_POINT('',(-0.0444362968118251,-0.18,-0.0126103183567505));
#3840=CARTESIAN_POINT('',(-0.0430512582741318,-0.18,-0.0118132836054843));
#3841=CARTESIAN_POINT('',(-0.0405572033583403,-0.18,-0.0103780539094395));
#3842=CARTESIAN_POINT('',(-0.0394510834980166,-0.18,-0.00974152579578075));
#3843=CARTESIAN_POINT('',(-0.0372232183248434,-0.18,-0.00845947774020335));
#3844=CARTESIAN_POINT('',(-0.0361150154144588,-0.18,-0.00782157592387052));
#3845=CARTESIAN_POINT('',(-0.032823150582245,-0.18,-0.00586893898871652));
#3846=CARTESIAN_POINT('',(-0.0306462014583392,-0.180000000000071,-0.00451588113515496));
#3847=CARTESIAN_POINT('',(-0.0264268276929448,-0.179999999999929,-0.00161586277092892));
#3848=CARTESIAN_POINT('',(-0.0243830427717736,-0.179999999999929,-5.91192677949467E-5));
#3849=CARTESIAN_POINT('',(-0.0205410110154802,-0.180000000000071,0.00330477887639776));
#3850=CARTESIAN_POINT('',(-0.0187266059502767,-0.179999999999929,0.00512721611070229));
#3851=CARTESIAN_POINT('',(-0.0153052885690974,-0.180000000000071,0.00893306828746132));
#3852=CARTESIAN_POINT('',(-0.0136838330531411,-0.180000000000071,0.0109210219303587));
#3853=CARTESIAN_POINT('',(-0.0113303970371223,-0.179999999999965,0.0139403642071025));
#3854=CARTESIAN_POINT('',(-0.0105548011288357,-0.18,0.0149629543453254));
#3855=CARTESIAN_POINT('',(-0.00901518910090316,-0.18,0.0170055423979826));
#3856=CARTESIAN_POINT('',(-0.00824361783584606,-0.18,0.0180291783654113));
#3857=CARTESIAN_POINT('',(-0.00724748477089762,-0.18,0.0193507382521497));
#3858=CARTESIAN_POINT('',(-0.00702152645846578,-0.18,0.0196505149108038));
#3859=CARTESIAN_POINT('',(-0.00679556814603454,-0.18,0.0199502915694571));
#3860=CARTESIAN_POINT('',(-0.0458213353495247,-0.18475747339642,-0.0134073531080169));
#3861=CARTESIAN_POINT('',(-0.0444362968118263,-0.184708238208269,-0.0126103183567473));
#3862=CARTESIAN_POINT('',(-0.0430512582741331,-0.184659003020117,-0.0118132836054808));
#3863=CARTESIAN_POINT('',(-0.0405572033583393,-0.184570344647304,-0.0103780539094423));
#3864=CARTESIAN_POINT('',(-0.0394510834980157,-0.184530921462635,-0.00974152579578249));
#3865=CARTESIAN_POINT('',(-0.0372232183248443,-0.184452075093308,-0.00845947774020167));
#3866=CARTESIAN_POINT('',(-0.0361150154145326,-0.184412651908639,-0.00782157592375576));
#3867=CARTESIAN_POINT('',(-0.0328231505820974,-0.18429438235465,-0.00586893898894604));
#3868=CARTESIAN_POINT('',(-0.0306462014585736,-0.184215535985364,-0.00451588113481333));
#3869=CARTESIAN_POINT('',(-0.0264268276927103,-0.184057843246601,-0.00161586277127056));
#3870=CARTESIAN_POINT('',(-0.0243830427717336,-0.183978996877278,-5.91192678340367E-5));
#3871=CARTESIAN_POINT('',(-0.0205410110155201,-0.183821304138702,0.00330477887643681));
#3872=CARTESIAN_POINT('',(-0.0187266059499488,-0.183742457769276,0.00512721611040932));
#3873=CARTESIAN_POINT('',(-0.0153052885694253,-0.183584765030719,0.00893306828775437));
#3874=CARTESIAN_POINT('',(-0.0136838330528835,-0.183505918661365,0.0109210219301565));
#3875=CARTESIAN_POINT('',(-0.0113303970372511,-0.183387649107325,0.0139403642072036));
#3876=CARTESIAN_POINT('',(-0.0105548011288514,-0.183348225922673,0.0149629543453375));
#3877=CARTESIAN_POINT('',(-0.00901518910088749,-0.183269379553343,0.0170055423979706));
#3878=CARTESIAN_POINT('',(-0.0082436178358462,-0.183229956368677,0.0180291783654114));
#3879=CARTESIAN_POINT('',(-0.00724748477089756,-0.183178966982642,0.0193507382521497));
#3880=CARTESIAN_POINT('',(-0.00702152645846572,-0.183167400781273,0.0196505149108036));
#3881=CARTESIAN_POINT('',(-0.00679556814603449,-0.183155834579903,0.0199502915694567));
#3882=CARTESIAN_POINT('',(-0.0101503372553563,-0.183327489750211,0.015500115769507));
#3883=CARTESIAN_POINT('',(-0.0101503311307012,-0.183119832907719,0.0155001238747422));
#3884=CARTESIAN_POINT('',(-0.010108261457225,-0.182802179186298,0.015603448976813));
#3885=CARTESIAN_POINT('',(-0.0099800143036343,-0.182429734884315,0.0159206928135064));
#3886=CARTESIAN_POINT('',(-0.00989092808697924,-0.182230907949485,0.0161398797242752));
#3887=CARTESIAN_POINT('',(-0.00979566762926851,-0.182057021045454,0.016371974202009));
#3888=CARTESIAN_POINT('',(-0.00975444982590385,-0.181991554976507,0.0164716405153741));
#3889=CARTESIAN_POINT('',(-0.00967310388664839,-0.181866585273904,0.0166683125228372));
#3890=CARTESIAN_POINT('',(-0.00956808451395682,-0.181724856390763,0.0169212184837981));
#3891=CARTESIAN_POINT('',(-0.00944331189164925,-0.181578265064388,0.0172206111187326));
#3892=CARTESIAN_POINT('',(-0.00934055435148775,-0.181468978822755,0.0174664166109884));
#3893=CARTESIAN_POINT('',(-0.00924412193611861,-0.181374287737048,0.0176964389660634));
#3894=CARTESIAN_POINT('',(-0.0091996929439033,-0.181333338064985,0.0178020757194679));
#3895=CARTESIAN_POINT('',(-0.00911792168456134,-0.18125985840729,0.0179961725402081));
#3896=CARTESIAN_POINT('',(-0.00897460812342265,-0.181140024357467,0.0183352694612681));
#3897=CARTESIAN_POINT('',(-0.00864555218305673,-0.180896215377698,0.0191109916619084));
#3898=CARTESIAN_POINT('',(-0.00830466206315423,-0.180700640089009,0.0199117702495657));
#3899=CARTESIAN_POINT('',(-0.00804800423409268,-0.180582096828674,0.0205083737683402));
#3900=CARTESIAN_POINT('',(-0.00609156734987238,-0.18,0.0205802123521339));
#3901=CARTESIAN_POINT('',(-0.00610140592450139,-0.18,0.0205089073436241));
#3902=CARTESIAN_POINT('',(-0.00611124449913039,-0.18,0.0204376023351145));
#3903=CARTESIAN_POINT('',(-0.00627270847141875,-0.18,0.0192673931989178));
#3904=CARTESIAN_POINT('',(-0.00642408658109694,-0.18,0.0181708063709028));
#3905=CARTESIAN_POINT('',(-0.00672754764575646,-0.18,0.0159710277121165));
#3906=CARTESIAN_POINT('',(-0.00688231936789513,-0.18,0.0148692443147219));
#3907=CARTESIAN_POINT('',(-0.00716756704818996,-0.18,0.0127047340697536));
#3908=CARTESIAN_POINT('',(-0.00729966998815981,-0.18,0.0116350421102598));
#3909=CARTESIAN_POINT('',(-0.00753555354281111,-0.18,0.00948683714905361));
#3910=CARTESIAN_POINT('',(-0.00763857163496905,-0.18,0.00841592594358468));
#3911=CARTESIAN_POINT('',(-0.00788093614785316,-0.18,0.00522461989156874));
#3912=CARTESIAN_POINT('',(-0.0079533249258029,-0.18,0.00312231743342197));
#3913=CARTESIAN_POINT('',(-0.00778557820902895,-0.18,-0.00102640970582762));
#3914=CARTESIAN_POINT('',(-0.0075396778791264,-0.18,-0.0030700888676901));
#3915=CARTESIAN_POINT('',(-0.00670436629084971,-0.18,-0.00714438507787662));
#3916=CARTESIAN_POINT('',(-0.00611940804303645,-0.18,-0.00917719103529257));
#3917=CARTESIAN_POINT('',(-0.00474283746367282,-0.18,-0.013249021319984));
#3918=CARTESIAN_POINT('',(-0.00396023447649164,-0.18,-0.0152746152164987));
#3919=CARTESIAN_POINT('',(-0.00230771277992268,-0.18,-0.0193327538714609));
#3920=CARTESIAN_POINT('',(-0.00143893163213039,-0.18,-0.0213750684768897));
#3921=CARTESIAN_POINT('',(-0.000542510611825268,-0.18,-0.0235143915705337));
#3922=CARTESIAN_POINT('',(-0.000506431115947587,-0.18,-0.0236004969321144));
#3923=CARTESIAN_POINT('',(-0.000470357131111793,-0.18,-0.0236865901965025));
#3924=CARTESIAN_POINT('',(-0.00956827870551306,-0.18,0.0209512256198643));
#3925=CARTESIAN_POINT('',(-0.00957591303933135,-0.18,0.0208796853883226));
#3926=CARTESIAN_POINT('',(-0.00958354737314959,-0.18,0.020808145156781));
#3927=CARTESIAN_POINT('',(-0.00970883684957736,-0.18,0.0196340757007158));
#3928=CARTESIAN_POINT('',(-0.00982624470420755,-0.18,0.0185338637758676));
#3929=CARTESIAN_POINT('',(-0.010061765258766,-0.18,0.0163268349234107));
#3930=CARTESIAN_POINT('',(-0.0101829201732463,-0.18,0.0152186165452657));
#3931=CARTESIAN_POINT('',(-0.0104039684712098,-0.18,0.0130094522736572));
#3932=CARTESIAN_POINT('',(-0.0105041990225377,-0.18,0.0119137554226857));
#3933=CARTESIAN_POINT('',(-0.0106764650724364,-0.18,0.00970244875235075));
#3934=CARTESIAN_POINT('',(-0.0107477412624647,-0.18,0.00859452681924822));
#3935=CARTESIAN_POINT('',(-0.0108932779689896,-0.18,0.00527171518710401));
#3936=CARTESIAN_POINT('',(-0.0108991811630286,-0.179999999999938,0.00305063905630047));
#3937=CARTESIAN_POINT('',(-0.010574000057481,-0.180000000000061,-0.00137597411840928));
#3938=CARTESIAN_POINT('',(-0.010234652083339,-0.180000000000246,-0.00357395745203755));
#3939=CARTESIAN_POINT('',(-0.0092022971339472,-0.179999999999754,-0.0078842618774491));
#3940=CARTESIAN_POINT('',(-0.00851756704695257,-0.18,-0.00999655043016718));
#3941=CARTESIAN_POINT('',(-0.00696227328987736,-0.18,-0.0141561869280494));
#3942=CARTESIAN_POINT('',(-0.00609960493531896,-0.179999999999877,-0.0161936711754091));
#3943=CARTESIAN_POINT('',(-0.00429923482628721,-0.180000000000123,-0.0202480461166579));
#3944=CARTESIAN_POINT('',(-0.00337113010472302,-0.18,-0.0222553580149585));
#3945=CARTESIAN_POINT('',(-0.00240992371588241,-0.18,-0.0243651655681697));
#3946=CARTESIAN_POINT('',(-0.00237123631081178,-0.18,-0.0244500827934183));
#3947=CARTESIAN_POINT('',(-0.00233255441704595,-0.18,-0.0245349879215845));
#3948=CARTESIAN_POINT('',(-0.00956827870551331,-0.183496451443288,0.0209512256198639));
#3949=CARTESIAN_POINT('',(-0.00957591303933149,-0.183494234687228,0.0208796853883223));
#3950=CARTESIAN_POINT('',(-0.00958354737314966,-0.183492017931169,0.0208081451567809));
#3951=CARTESIAN_POINT('',(-0.0097088368495767,-0.183455638043594,0.0196340757007176));
#3952=CARTESIAN_POINT('',(-0.0098262447042069,-0.183421474912078,0.0185338637758676));
#3953=CARTESIAN_POINT('',(-0.0100617652587667,-0.183353148649028,0.0163268349234107));
#3954=CARTESIAN_POINT('',(-0.0101829201731088,-0.183318985517513,0.0152186165452507));
#3955=CARTESIAN_POINT('',(-0.0104039684713473,-0.183250659254479,0.0130094522736723));
#3956=CARTESIAN_POINT('',(-0.0105041990223322,-0.183216496122956,0.0119137554226697));
#3957=CARTESIAN_POINT('',(-0.0106764650726419,-0.183148169859922,0.00970244875236676));
#3958=CARTESIAN_POINT('',(-0.0107477412621996,-0.183114006728389,0.00859452681923614));
#3959=CARTESIAN_POINT('',(-0.0108932779695197,-0.183011517333868,0.0052717151871282));
#3960=CARTESIAN_POINT('',(-0.0108991811626152,-0.182943191070777,0.00305063905633083));
#3961=CARTESIAN_POINT('',(-0.0105740000578944,-0.182806538544758,-0.00137597411843962));
#3962=CARTESIAN_POINT('',(-0.0102346520838017,-0.182738212281787,-0.00357395745214916));
#3963=CARTESIAN_POINT('',(-0.00920229713348449,-0.182601559755519,-0.00788426187733749));
#3964=CARTESIAN_POINT('',(-0.00851756704740331,-0.182533233492551,-0.00999655043033614));
#3965=CARTESIAN_POINT('',(-0.00696227328942663,-0.182396580966527,-0.0141561869278805));
#3966=CARTESIAN_POINT('',(-0.00609960493555144,-0.182328254703414,-0.0161936711755089));
#3967=CARTESIAN_POINT('',(-0.00429923482605473,-0.182191602177435,-0.0202480461165581));
#3968=CARTESIAN_POINT('',(-0.0033711301047506,-0.182123275914369,-0.0222553580149697));
#3969=CARTESIAN_POINT('',(-0.00240992371588126,-0.182052083842402,-0.0243651655681692));
#3970=CARTESIAN_POINT('',(-0.00237123631080438,-0.18204921803391,-0.0244500827934291));
#3971=CARTESIAN_POINT('',(-0.00233255441702887,-0.182046352225704,-0.0245349879216146));
#3972=CARTESIAN_POINT('',(-0.0458461186121896,-0.215,-0.0134216148928381));
#3973=CARTESIAN_POINT('',(-0.0458461186121896,-0.22,-0.0134216148928381));
#3974=CARTESIAN_POINT('',(-0.0483399733588404,-0.22,-0.00908794571965386));
#3975=CARTESIAN_POINT('',(-0.0440408659971482,-0.215,-0.0123827636047005));
#3976=CARTESIAN_POINT('',(-0.0440408659971709,-0.220000000000327,-0.0123827636046966));
#3977=CARTESIAN_POINT('',(-0.0465347207438016,-0.22,-0.00804909443152261));
#3978=CARTESIAN_POINT('',(-0.0413250575470579,-0.215,-0.0108185483612875));
#3979=CARTESIAN_POINT('',(-0.0413250575470528,-0.219999999999927,-0.0108185483612884));
#3980=CARTESIAN_POINT('',(-0.0438275000998559,-0.22,-0.00648985678385322));
#3981=CARTESIAN_POINT('',(-0.0377356977238028,-0.215,-0.00875668128161221));
#3982=CARTESIAN_POINT('',(-0.0377356977238038,-0.220000000000014,-0.00875668128161205));
#3983=CARTESIAN_POINT('',(-0.0402152394602074,-0.22,-0.00441471611550937));
#3984=CARTESIAN_POINT('',(-0.034040610866495,-0.215,-0.00661563671898658));
#3985=CARTESIAN_POINT('',(-0.0340406108664945,-0.219999999999992,-0.00661563671898667));
#3986=CARTESIAN_POINT('',(-0.036611755868476,-0.22,-0.00232676590756424));
#3987=CARTESIAN_POINT('',(-0.0294323203666924,-0.215,-0.0037677641032557));
#3988=CARTESIAN_POINT('',(-0.0294323203666925,-0.220000000000002,-0.00376776410325575));
#3989=CARTESIAN_POINT('',(-0.0321795297812276,-0.22,0.000414755941559921));
#3990=CARTESIAN_POINT('',(-0.0239680871666017,-0.215,0.000173311468679665));
#3991=CARTESIAN_POINT('',(-0.0239680871666017,-0.220000000000001,0.000173311468679964));
#3992=CARTESIAN_POINT('',(-0.0271193426774648,-0.22,0.00407121737098899));
#3993=CARTESIAN_POINT('',(-0.0188999796467783,-0.215,0.00484011168655538));
#3994=CARTESIAN_POINT('',(-0.0188999796467779,-0.219999999999995,0.00484011168655425));
#3995=CARTESIAN_POINT('',(-0.0225121670844921,-0.22,0.00831141524154452));
#3996=CARTESIAN_POINT('',(-0.0145316499933521,-0.215,0.00981607789761354));
#3997=CARTESIAN_POINT('',(-0.0145316499933534,-0.22000000000002,0.00981607789761775));
#3998=CARTESIAN_POINT('',(-0.0184011203635063,-0.22,0.0129867549513352));
#3999=CARTESIAN_POINT('',(-0.0105524601183669,-0.215,0.014932481341923));
#4000=CARTESIAN_POINT('',(-0.0105524601183624,-0.219999999999924,0.0149324813419073));
#4001=CARTESIAN_POINT('',(-0.0145639850177529,-0.22,0.0179178625373751));
#4002=CARTESIAN_POINT('',(-0.00808303354846932,-0.215,0.0182422239514934));
#4003=CARTESIAN_POINT('',(-0.00808303354847905,-0.220000000000163,0.0182422239515271));
#4004=CARTESIAN_POINT('',(-0.0120758244255151,-0.22,0.0212518121313173));
#4005=CARTESIAN_POINT('',(-0.00683066641719355,-0.215,0.0199037270401885));
#4006=CARTESIAN_POINT('',(-0.00683066641719355,-0.22,0.0199037270401885));
#4007=CARTESIAN_POINT('',(-0.0108234572942452,-0.22,0.0229133152200121));
#4008=CARTESIAN_POINT('',(-0.01015,-0.215,0.0155));
#4009=CARTESIAN_POINT('',(-0.01015,-0.215289547852969,0.0155));
#4010=CARTESIAN_POINT('',(-0.0100773156304241,-0.215842272702262,0.0156840556072215));
#4011=CARTESIAN_POINT('',(-0.00978661799777372,-0.216683675720391,0.0164201771366164));
#4012=CARTESIAN_POINT('',(-0.00933321083585201,-0.217407404373288,0.01756832124233));
#4013=CARTESIAN_POINT('',(-0.00876034375903015,-0.218038182230769,0.0190189687239945));
#4014=CARTESIAN_POINT('',(-0.0083613080608688,-0.218367138584646,0.0200294302325235));
#4015=CARTESIAN_POINT('',(-0.0081612827632078,-0.218514056416626,0.0205359459777308));
#4016=CARTESIAN_POINT('',(-0.0373675144212723,-0.215,-0.00854251442127242));
#4017=CARTESIAN_POINT('',(-0.0373675144212723,-0.21548508754923,-0.00854251442127242));
#4018=CARTESIAN_POINT('',(-0.0378191347347858,-0.216377089102685,-0.00863151163019712));
#4019=CARTESIAN_POINT('',(-0.0389409365589412,-0.217262608716668,-0.00885257615791896));
#4020=CARTESIAN_POINT('',(-0.0401764006376758,-0.217921293630283,-0.00909603919853969));
#4021=CARTESIAN_POINT('',(-0.0419026688763844,-0.218601666982724,-0.00943622109581789));
#4022=CARTESIAN_POINT('',(-0.0441598658754842,-0.219205462547683,-0.00988102888435652));
#4023=CARTESIAN_POINT('',(-0.0459727613787722,-0.219512393958441,-0.010238281724933));
#4024=CARTESIAN_POINT('',(-0.0468849519942524,-0.219633682384574,-0.0104180398455398));
#4025=CARTESIAN_POINT('',(0.00125768078825659,-0.215,-0.0233558744346057));
#4026=CARTESIAN_POINT('',(0.00125768078825659,-0.22,-0.0233558744346057));
#4027=CARTESIAN_POINT('',(-0.00129478427877773,-0.22,-0.0276552839384294));
#4028=CARTESIAN_POINT('',(-0.000510437787056924,-0.215,-0.0223061812397964));
#4029=CARTESIAN_POINT('',(-0.000510437787054668,-0.22,-0.0223061812397959));
#4030=CARTESIAN_POINT('',(-0.00306290285408895,-0.22,-0.0266055907436162));
#4031=CARTESIAN_POINT('',(-0.00401350342037321,-0.215,-0.0202182644492125));
#4032=CARTESIAN_POINT('',(-0.00401350342037426,-0.22,-0.0202182644492127));
#4033=CARTESIAN_POINT('',(-0.00659577580405646,-0.22,-0.0244999795363458));
#4034=CARTESIAN_POINT('',(-0.00946713097448734,-0.215,-0.0170175716689644));
#4035=CARTESIAN_POINT('',(-0.00946713097448706,-0.22,-0.0170175716689644));
#4036=CARTESIAN_POINT('',(-0.0119152704332539,-0.22,-0.0213789116312105));
#4037=CARTESIAN_POINT('',(-0.0142923491454775,-0.215,-0.0144975755309337));
#4038=CARTESIAN_POINT('',(-0.0142923491454776,-0.22,-0.0144975755309337));
#4039=CARTESIAN_POINT('',(-0.0164778513341608,-0.22,-0.0190008874956924));
#4040=CARTESIAN_POINT('',(-0.018441671730043,-0.215,-0.0127297109105492));
#4041=CARTESIAN_POINT('',(-0.018441671730043,-0.22,-0.0127297109105492));
#4042=CARTESIAN_POINT('',(-0.0202539447036146,-0.22,-0.0173938689450989));
#4043=CARTESIAN_POINT('',(-0.0227709396665101,-0.215,-0.0112172571260566));
#4044=CARTESIAN_POINT('',(-0.02277093966651,-0.22,-0.0112172571260566));
#4045=CARTESIAN_POINT('',(-0.0241460194488536,-0.22,-0.0160338665879454));
#4046=CARTESIAN_POINT('',(-0.0281998348483235,-0.215,-0.00992287422100982));
#4047=CARTESIAN_POINT('',(-0.028199834848324,-0.220000000000001,-0.00992287422100989));
#4048=CARTESIAN_POINT('',(-0.0291246250289267,-0.22,-0.014841331467881));
#4049=CARTESIAN_POINT('',(-0.0334547828387449,-0.215,-0.00907732516679558));
#4050=CARTESIAN_POINT('',(-0.0334547828387434,-0.219999999999997,-0.00907732516679538));
#4051=CARTESIAN_POINT('',(-0.0341956679814562,-0.22,-0.0140223710887536));
#4052=CARTESIAN_POINT('',(-0.0376155138434364,-0.215,-0.00850725747715299));
#4053=CARTESIAN_POINT('',(-0.0376155138434392,-0.220000000000005,-0.00850725747715332));
#4054=CARTESIAN_POINT('',(-0.0382643873739614,-0.22,-0.013465066352168));
#4055=CARTESIAN_POINT('',(-0.0416636987476729,-0.215,-0.00796878412214983));
#4056=CARTESIAN_POINT('',(-0.0416636987476582,-0.219999999999973,-0.00796878412214798));
#4057=CARTESIAN_POINT('',(-0.0423355751812445,-0.22,-0.0129234022589009));
#4058=CARTESIAN_POINT('',(-0.044725160298396,-0.215,-0.00755782038061118));
#4059=CARTESIAN_POINT('',(-0.0447251602984615,-0.220000000000121,-0.00755782038061938));
#4060=CARTESIAN_POINT('',(-0.0453884106433249,-0.22,-0.0125136350442098));
#4061=CARTESIAN_POINT('',(-0.0467605073605975,-0.215,-0.0072854242696406));
#4062=CARTESIAN_POINT('',(-0.0467605073605975,-0.22,-0.0072854242696406));
#4063=CARTESIAN_POINT('',(-0.0474237577055266,-0.22,-0.0122412389332405));
#4064=CARTESIAN_POINT('',(-8.73548314706143E-18,-0.218977949199464,-0.0249011850284035));
#4065=CARTESIAN_POINT('',(-0.000440651827286108,-0.218827650248205,-0.0244100433113117));
#4066=CARTESIAN_POINT('',(-0.00131538642758088,-0.218483966190124,-0.0234350816136958));
#4067=CARTESIAN_POINT('',(-0.00258666005752784,-0.217788134493422,-0.0220181454413188));
#4068=CARTESIAN_POINT('',(-0.00358611690636549,-0.216967459217929,-0.0209041708189497));
#4069=CARTESIAN_POINT('',(-0.0042321399915001,-0.21600150179615,-0.020184126403684));
#4070=CARTESIAN_POINT('',(-0.00439999900039603,-0.21534299248529,-0.0199970341082402));
#4071=CARTESIAN_POINT('',(-0.00439999900039603,-0.215,-0.0199970341082402));
#4072=CARTESIAN_POINT('',(-1.88530131643918E-17,-0.218977949199464,-0.0249011850284035));
#4073=CARTESIAN_POINT('',(-0.00388334015613148,-0.22,-0.0261185151228197));
#4074=CARTESIAN_POINT('',(-0.00253798349488768,-0.22,-0.0256967794299355));
#4075=CARTESIAN_POINT('',(-0.00117192793428388,-0.219674072012305,-0.0252685551493646));
#4076=CARTESIAN_POINT('',(5.98919537288736E-17,-0.218977949199464,-0.0249011850284035));
#4077=CARTESIAN_POINT('',(-0.0095673380476297,-0.215,0.020960040388041));
#4078=CARTESIAN_POINT('',(-0.0095673380476297,-0.22,0.020960040388041));
#4079=CARTESIAN_POINT('',(-0.00459556679321329,-0.22,0.0204294835166703));
#4080=CARTESIAN_POINT('',(-0.00977054990713335,-0.215,0.0190557716165773));
#4081=CARTESIAN_POINT('',(-0.00977054990714473,-0.22,0.0190557716165795));
#4082=CARTESIAN_POINT('',(-0.00479877865272084,-0.22,0.018525214745207));
#4083=CARTESIAN_POINT('',(-0.0101868313157488,-0.215,0.0152910182084804));
#4084=CARTESIAN_POINT('',(-0.0101868313157435,-0.22,0.0152910182084794));
#4085=CARTESIAN_POINT('',(-0.00521923252166648,-0.22,0.0147192967793205));
#4086=CARTESIAN_POINT('',(-0.0107548301414896,-0.215,0.00934743018392693));
#4087=CARTESIAN_POINT('',(-0.0107548301414911,-0.22,0.00934743018392721));
#4088=CARTESIAN_POINT('',(-0.00576488174894338,-0.22,0.0089946163032037));
#4089=CARTESIAN_POINT('',(-0.0109381610279178,-0.215,0.00422940292982246));
#4090=CARTESIAN_POINT('',(-0.0109381610279176,-0.22,0.00422940292982243));
#4091=CARTESIAN_POINT('',(-0.00593079811235428,-0.22,0.00421972243297571));
#4092=CARTESIAN_POINT('',(-0.0107054666468907,-0.215,-4.71672880992486E-5));
#4093=CARTESIAN_POINT('',(-0.0107054666468908,-0.22,-4.71672880992544E-5));
#4094=CARTESIAN_POINT('',(-0.00572131044092018,-0.22,0.000412310432294402));
#4095=CARTESIAN_POINT('',(-0.0102668311807645,-0.215,-0.00332417854140712));
#4096=CARTESIAN_POINT('',(-0.0102668311807644,-0.22,-0.00332417854140706));
#4097=CARTESIAN_POINT('',(-0.00533786320391765,-0.22,-0.00244957266464189));
#4098=CARTESIAN_POINT('',(-0.0095599476631187,-0.215,-0.00652785975963402));
#4099=CARTESIAN_POINT('',(-0.00955994766311865,-0.22,-0.0065278597596342));
#4100=CARTESIAN_POINT('',(-0.0047185190439042,-0.22,-0.00526059743772866));
#4101=CARTESIAN_POINT('',(-0.00834163026552544,-0.215,-0.0106048089046807));
#4102=CARTESIAN_POINT('',(-0.00834163026552556,-0.219999999999998,-0.0106048089046797));
#4103=CARTESIAN_POINT('',(-0.00362456252377856,-0.22,-0.00892871541272254));
#4104=CARTESIAN_POINT('',(-0.00648743788363241,-0.215,-0.0153712898285947));
#4105=CARTESIAN_POINT('',(-0.00648743788363155,-0.220000000000019,-0.0153712898286025));
#4106=CARTESIAN_POINT('',(-0.00188541793140823,-0.22,-0.0134125963374871));
#4107=CARTESIAN_POINT('',(-0.00405675626037624,-0.215,-0.0207629814193268));
#4108=CARTESIAN_POINT('',(-0.00405675626037938,-0.21999999999993,-0.020762981419298));
#4109=CARTESIAN_POINT('',(0.000478433548956954,-0.22,-0.0186573849562883));
#4110=CARTESIAN_POINT('',(-0.0024757226731655,-0.215,-0.0242207396273114));
#4111=CARTESIAN_POINT('',(-0.00247572267315876,-0.220000000000151,-0.0242207396273734));
#4112=CARTESIAN_POINT('',(0.00207431827903532,-0.22,-0.0221477882691487));
#4113=CARTESIAN_POINT('',(-0.0016802782760935,-0.215,-0.025966706587713));
#4114=CARTESIAN_POINT('',(-0.0016802782760935,-0.22,-0.025966706587713));
#4115=CARTESIAN_POINT('',(0.0028697626761051,-0.22,-0.0238937552295485));
#4116=CARTESIAN_POINT('',(1.21026295181244E-19,-0.218977949199464,-0.0249011850284036));
#4117=CARTESIAN_POINT('',(1.21026295181244E-19,-0.21934807576221,-0.023728812680631));
#4118=CARTESIAN_POINT('',(4.27161924990594E-17,-0.219845225393418,-0.0212940301532476));
#4119=CARTESIAN_POINT('',(-8.66675733477724E-17,-0.22,-0.0188394544060466));
#4120=CARTESIAN_POINT('',(8.67361737988404E-19,-0.22,-0.0175940439059842));
#4121=CARTESIAN_POINT('',(-0.0036739705640141,-0.218966090279851,-0.0330028069736428));
#4122=CARTESIAN_POINT('',(-0.00489956746000589,-0.22,-0.0324444377684424));
#4123=CARTESIAN_POINT('',(-0.00644466201095211,-0.22,-0.0317405087529621));
#4124=CARTESIAN_POINT('',(-0.00243727668726784,-0.218966090279851,-0.0302883159836148));
#4125=CARTESIAN_POINT('',(-0.00366287358325822,-0.22,-0.0297299467784138));
#4126=CARTESIAN_POINT('',(-0.00520796813420319,-0.22,-0.0290260177629295));
#4127=CARTESIAN_POINT('',(-0.00120058281056024,-0.218966090279851,-0.0275738249936511));
#4128=CARTESIAN_POINT('',(-0.00242617970655233,-0.22,-0.0270154557884506));
#4129=CARTESIAN_POINT('',(-0.00397127425749965,-0.22,-0.0263115267729691));
#4130=CARTESIAN_POINT('',(3.61110662545468E-5,-0.218966090279851,-0.0248593340034568));
#4131=CARTESIAN_POINT('',(-0.00118948582973725,-0.22,-0.0243009647982565));
#4132=CARTESIAN_POINT('',(-0.00273458038068346,-0.22,-0.0235970357827761));
#4133=CARTESIAN_POINT('',(-1.8808333266146E-17,-0.218977949199464,-0.0249011850284035));
#4134=CARTESIAN_POINT('',(-0.00201160650591128,-0.219664074456324,-0.0271432814234444));
#4135=CARTESIAN_POINT('',(-0.00405700939675911,-0.219938445692144,-0.0294230465934713));
#4136=CARTESIAN_POINT('',(-0.00612056000938905,-0.219991716433621,-0.0317230388513836));
#4137=CARTESIAN_POINT('',(0.00683046228814637,-0.215,0.0199039978561768));
#4138=CARTESIAN_POINT('',(0.00683046228814637,-0.22,0.0199039978561768));
#4139=CARTESIAN_POINT('',(0.010823253165198,-0.22,0.0229135860360004));
#4140=CARTESIAN_POINT('',(0.00808426399292898,-0.215,0.0182405915329963));
#4141=CARTESIAN_POINT('',(0.00808426399292149,-0.22,0.0182405915330059));
#4142=CARTESIAN_POINT('',(0.0120770548699798,-0.22,0.021250179712824));
#4143=CARTESIAN_POINT('',(0.0105573014411721,-0.215,0.0149260691401482));
#4144=CARTESIAN_POINT('',(0.0105573014411756,-0.22,0.0149260691401437));
#4145=CARTESIAN_POINT('',(0.014568707379982,-0.22,0.0179115997956009));
#4146=CARTESIAN_POINT('',(0.014538060123333,-0.215,0.00980775819948153));
#4147=CARTESIAN_POINT('',(0.0145380601233321,-0.22,0.00980775819948272));
#4148=CARTESIAN_POINT('',(0.0184073807762546,-0.22,0.0129786581653225));
#4149=CARTESIAN_POINT('',(0.0189227492245597,-0.215,0.00481553558412759));
#4150=CARTESIAN_POINT('',(0.0189227492245599,-0.22,0.0048155355841273));
#4151=CARTESIAN_POINT('',(0.0225332158340001,-0.22,0.00828874115308161));
#4152=CARTESIAN_POINT('',(0.0239971602596668,-0.215,0.000150319050686643));
#4153=CARTESIAN_POINT('',(0.0239971602596668,-0.22,0.000150319050686761));
#4154=CARTESIAN_POINT('',(0.0271457946359104,-0.22,0.00405028118481671));
#4155=CARTESIAN_POINT('',(0.0294491190431619,-0.215,-0.00377830255275689));
#4156=CARTESIAN_POINT('',(0.0294491190431619,-0.22,-0.00377830255275696));
#4157=CARTESIAN_POINT('',(0.0321956131399009,-0.22,0.000404625702284958));
#4158=CARTESIAN_POINT('',(0.0340514260785627,-0.215,-0.00662209435792209));
#4159=CARTESIAN_POINT('',(0.0340514260785628,-0.22,-0.00662209435792198));
#4160=CARTESIAN_POINT('',(0.0366221219721773,-0.22,-0.00233295492655247));
#4161=CARTESIAN_POINT('',(0.0377433094955612,-0.215,-0.00876101823711846));
#4162=CARTESIAN_POINT('',(0.0377433094955611,-0.22,-0.00876101823711864));
#4163=CARTESIAN_POINT('',(0.0402229344001816,-0.22,-0.00441910281545046));
#4164=CARTESIAN_POINT('',(0.0413291275938666,-0.215,-0.0108209165021842));
#4165=CARTESIAN_POINT('',(0.0413291275938675,-0.22,-0.0108209165021832));
#4166=CARTESIAN_POINT('',(0.0438315202457363,-0.22,-0.0064921950780881));
#4167=CARTESIAN_POINT('',(0.0440423558642128,-0.215,-0.0123836209641117));
#4168=CARTESIAN_POINT('',(0.044042355864209,-0.22,-0.0123836209641159));
#4169=CARTESIAN_POINT('',(0.0465362106108607,-0.22,-0.00804995179093811));
#4170=CARTESIAN_POINT('',(0.0458458714452939,-0.215,-0.0134214726580917));
#4171=CARTESIAN_POINT('',(0.0458458714452939,-0.22,-0.0134214726580917));
#4172=CARTESIAN_POINT('',(0.0483397261919447,-0.22,-0.00908780348490744));
#4173=CARTESIAN_POINT('',(0.0373675144212723,-0.215,-0.00854251442127242));
#4174=CARTESIAN_POINT('',(0.0373675144212723,-0.21548508754923,-0.00854251442127242));
#4175=CARTESIAN_POINT('',(0.0378191347347858,-0.216377089102685,-0.00863151163019712));
#4176=CARTESIAN_POINT('',(0.0389409365589413,-0.217262608716668,-0.00885257615791897));
#4177=CARTESIAN_POINT('',(0.0401764006376758,-0.217921293630283,-0.0090960391985397));
#4178=CARTESIAN_POINT('',(0.0419026688763844,-0.218601666982724,-0.0094362210958179));
#4179=CARTESIAN_POINT('',(0.0441598658754842,-0.219205462547682,-0.00988102888435652));
#4180=CARTESIAN_POINT('',(0.0459727613787722,-0.219512393958441,-0.010238281724933));
#4181=CARTESIAN_POINT('',(0.0468849519942524,-0.219633682384574,-0.0104180398455398));
#4182=CARTESIAN_POINT('',(0.00816128276319737,-0.218514056416634,0.0205359459777572));
#4183=CARTESIAN_POINT('',(0.00836209393335227,-0.218366561364251,0.0200274402003063));
#4184=CARTESIAN_POINT('',(0.00876060050544011,-0.218038099991475,0.0190183185757348));
#4185=CARTESIAN_POINT('',(0.00933812245706022,-0.217401847588775,0.0175558837481453));
#4186=CARTESIAN_POINT('',(0.00978988311469725,-0.216675617834355,0.0164119090167784));
#4187=CARTESIAN_POINT('',(0.0100776063157952,-0.215840747405728,0.0156833195167415));
#4188=CARTESIAN_POINT('',(0.01015,-0.21528693461546,0.0155));
#4189=CARTESIAN_POINT('',(0.01015,-0.215,0.0155));
#4190=CARTESIAN_POINT('',(0.00168048260545688,-0.215,-0.0259662580933634));
#4191=CARTESIAN_POINT('',(0.00168048260545688,-0.22,-0.0259662580933634));
#4192=CARTESIAN_POINT('',(-0.00286955834674172,-0.22,-0.023893306735199));
#4193=CARTESIAN_POINT('',(0.00247449102121741,-0.215,-0.0242234430514804));
#4194=CARTESIAN_POINT('',(0.00247449102122036,-0.22,-0.0242234430514812));
#4195=CARTESIAN_POINT('',(-0.00207554993097874,-0.22,-0.0221504916933175));
#4196=CARTESIAN_POINT('',(0.00405208430996601,-0.215,-0.020773194484661));
#4197=CARTESIAN_POINT('',(0.00405208430996464,-0.22,-0.0207731944846606));
#4198=CARTESIAN_POINT('',(-0.000483161115388368,-0.22,-0.0186677183645418));
#4199=CARTESIAN_POINT('',(0.00648101549970281,-0.215,-0.0153855325327978));
#4200=CARTESIAN_POINT('',(0.00648101549970315,-0.22,-0.0153855325327979));
#4201=CARTESIAN_POINT('',(0.00187919020354575,-0.22,-0.0134264178414729));
#4202=CARTESIAN_POINT('',(0.00832601807980964,-0.215,-0.0106465868296416));
#4203=CARTESIAN_POINT('',(0.0083260180798096,-0.22,-0.0106465868296416));
#4204=CARTESIAN_POINT('',(0.00361010122138412,-0.22,-0.00896760662289844));
#4205=CARTESIAN_POINT('',(0.00954357534800821,-0.215,-0.0065890852429048));
#4206=CARTESIAN_POINT('',(0.00954357534800822,-0.22,-0.0065890852429048));
#4207=CARTESIAN_POINT('',(0.00470402087026764,-0.22,-0.0053149752512207));
#4208=CARTESIAN_POINT('',(0.010254353134695,-0.215,-0.00339386823942767));
#4209=CARTESIAN_POINT('',(0.010254353134695,-0.22,-0.00339386823942767));
#4210=CARTESIAN_POINT('',(0.00532700083025836,-0.22,-0.00251029640456338));
#4211=CARTESIAN_POINT('',(0.0106995065062727,-0.215,-0.000113596243735977));
#4212=CARTESIAN_POINT('',(0.0106995065062727,-0.22,-0.000113596243735966));
#4213=CARTESIAN_POINT('',(0.00571603189134421,-0.22,0.000353903262770337));
#4214=CARTESIAN_POINT('',(0.0109390163370833,-0.215,0.00417821739299702));
#4215=CARTESIAN_POINT('',(0.0109390163370833,-0.22,0.00417821739299696));
#4216=CARTESIAN_POINT('',(0.00593150064619049,-0.22,0.00417271835467665));
#4217=CARTESIAN_POINT('',(0.010756478657562,-0.215,0.00933159000939866));
#4218=CARTESIAN_POINT('',(0.0107564786575621,-0.22,0.00933159000939915));
#4219=CARTESIAN_POINT('',(0.00576647274472242,-0.22,0.00897913159492617));
#4220=CARTESIAN_POINT('',(0.0101881275713572,-0.215,0.0152787857970403));
#4221=CARTESIAN_POINT('',(0.0101881275713569,-0.22,0.0152787857970385));
#4222=CARTESIAN_POINT('',(0.00522050292791063,-0.22,0.0147073634143613));
#4223=CARTESIAN_POINT('',(0.00977088031442705,-0.215,0.0190526754178968));
#4224=CARTESIAN_POINT('',(0.0097708803144278,-0.22,0.0190526754179006));
#4225=CARTESIAN_POINT('',(0.00479910906000508,-0.22,0.0185221185465253));
#4226=CARTESIAN_POINT('',(0.0095672832335148,-0.215,0.0209605540431372));
#4227=CARTESIAN_POINT('',(0.00956728323351479,-0.22,0.0209605540431372));
#4228=CARTESIAN_POINT('',(0.00459551197909839,-0.22,0.0204299971717665));
#4229=CARTESIAN_POINT('',(0.00439999900039603,-0.215,-0.0199970341082402));
#4230=CARTESIAN_POINT('',(0.00439999900039603,-0.215346024675768,-0.0199970341082402));
#4231=CARTESIAN_POINT('',(0.00423145695252039,-0.21600351442062,-0.0201848877052754));
#4232=CARTESIAN_POINT('',(0.00357823007541347,-0.216977228855837,-0.0209129613230537));
#4233=CARTESIAN_POINT('',(0.00257803536784477,-0.217792754544616,-0.022027758348013));
#4234=CARTESIAN_POINT('',(0.00131323904284544,-0.218484993460238,-0.023437475045791));
#4235=CARTESIAN_POINT('',(0.000437246122538618,-0.218828811877002,-0.0244138392417357));
#4236=CARTESIAN_POINT('',(-1.88083332661464E-17,-0.218977949199464,-0.0249011850284035));
#4237=CARTESIAN_POINT('',(3.72024959333852E-5,-0.218966090279851,-0.0248610609689472));
#4238=CARTESIAN_POINT('',(0.000724733288765733,-0.22,-0.0260191478956018));
#4239=CARTESIAN_POINT('',(0.00159149468893503,-0.22,-0.0274791334795632));
#4240=CARTESIAN_POINT('',(-0.0024995675169645,-0.218966090279851,-0.0263670856533167));
#4241=CARTESIAN_POINT('',(-0.00181203672413221,-0.22,-0.0275251725799708));
#4242=CARTESIAN_POINT('',(-0.00094527532396085,-0.22,-0.0289851581639365));
#4243=CARTESIAN_POINT('',(-0.0050363375299439,-0.218966090279851,-0.0278731103377546));
#4244=CARTESIAN_POINT('',(-0.00434880673711197,-0.22,-0.0290311972644089));
#4245=CARTESIAN_POINT('',(-0.0034820453369433,-0.22,-0.0304911828483716));
#4246=CARTESIAN_POINT('',(-0.0075731075427116,-0.218966090279851,-0.0293791350220623));
#4247=CARTESIAN_POINT('',(-0.00688557674987925,-0.22,-0.0305372219487168));
#4248=CARTESIAN_POINT('',(-0.00601881534970996,-0.22,-0.0319972075326783));
#4249=CARTESIAN_POINT('',(-8.95680996169286E-20,-0.218977949199464,-0.0249011850284035));
#4250=CARTESIAN_POINT('',(-8.95680996169286E-20,-0.219655044897339,-0.0259352448550156));
#4251=CARTESIAN_POINT('',(-4.59022911543735E-16,-0.22,-0.0271907467045286));
#4252=CARTESIAN_POINT('',(2.16840434497101E-19,-0.22,-0.0284239689492398));
#4253=CARTESIAN_POINT('',(0.0467608708411693,-0.215,-0.00728537562403317));
#4254=CARTESIAN_POINT('',(0.0467608708411693,-0.22,-0.00728537562403317));
#4255=CARTESIAN_POINT('',(0.0474241211860984,-0.22,-0.012241190287633));
#4256=CARTESIAN_POINT('',(0.0447229693183159,-0.215,-0.00755811360551818));
#4257=CARTESIAN_POINT('',(0.04472296931833,-0.22000000000004,-0.00755811360552166));
#4258=CARTESIAN_POINT('',(0.0453862196632451,-0.22,-0.0125139282691196));
#4259=CARTESIAN_POINT('',(0.0416576876747745,-0.215,-0.00796961477683065));
#4260=CARTESIAN_POINT('',(0.0416576876747713,-0.219999999999991,-0.00796961477682987));
#4261=CARTESIAN_POINT('',(0.0423296283217579,-0.22,-0.0129242231086613));
#4262=CARTESIAN_POINT('',(0.0376043629205091,-0.215,-0.00850870620889701));
#4263=CARTESIAN_POINT('',(0.0376043629205097,-0.220000000000002,-0.00850870620889716));
#4264=CARTESIAN_POINT('',(0.0382531294286809,-0.22,-0.0134665314254451));
#4265=CARTESIAN_POINT('',(0.0334386467091146,-0.215,-0.00907972029547119));
#4266=CARTESIAN_POINT('',(0.0334386467091142,-0.219999999999999,-0.0090797202954711));
#4267=CARTESIAN_POINT('',(0.0341801097725332,-0.22,-0.014024677973151));
#4268=CARTESIAN_POINT('',(0.0281743231118943,-0.215,-0.00992715736059435));
#4269=CARTESIAN_POINT('',(0.0281743231118944,-0.22,-0.00992715736059438));
#4270=CARTESIAN_POINT('',(0.029100206879939,-0.22,-0.014845485786552));
#4271=CARTESIAN_POINT('',(0.0227313519492681,-0.215,-0.0112284156152203));
#4272=CARTESIAN_POINT('',(0.0227313519492681,-0.22,-0.0112284156152203));
#4273=CARTESIAN_POINT('',(0.0241103251875433,-0.22,-0.0160439522145453));
#4274=CARTESIAN_POINT('',(0.0184042979640897,-0.215,-0.0127443431569048));
#4275=CARTESIAN_POINT('',(0.0184042979640897,-0.22,-0.0127443431569048));
#4276=CARTESIAN_POINT('',(0.0202202485752595,-0.22,-0.017407047332723));
#4277=CARTESIAN_POINT('',(0.0142631363747549,-0.215,-0.0145121357148078));
#4278=CARTESIAN_POINT('',(0.0142631363747549,-0.220000000000001,-0.0145121357148078));
#4279=CARTESIAN_POINT('',(0.0164506116481221,-0.22,-0.0190144239125436));
#4280=CARTESIAN_POINT('',(0.00945529513379245,-0.215,-0.0170245198438092));
#4281=CARTESIAN_POINT('',(0.00945529513379229,-0.219999999999995,-0.0170245198438091));
#4282=CARTESIAN_POINT('',(0.0119037260093266,-0.22,-0.0213856760629503));
#4283=CARTESIAN_POINT('',(0.0040055733986068,-0.215,-0.0202229947588234));
#4284=CARTESIAN_POINT('',(0.00400557339860734,-0.220000000000019,-0.0202229947588239));
#4285=CARTESIAN_POINT('',(0.00658776252035576,-0.22,-0.0245047623439855));
#4286=CARTESIAN_POINT('',(0.000508296670769049,-0.215,-0.0223074523735473));
#4287=CARTESIAN_POINT('',(0.000508296670767906,-0.21999999999996,-0.0223074523735462));
#4288=CARTESIAN_POINT('',(0.00306076173780268,-0.22,-0.0266068618773698));
#4289=CARTESIAN_POINT('',(-0.00125732558002999,-0.215,-0.023355663555277));
#4290=CARTESIAN_POINT('',(-0.00125732558002999,-0.22,-0.023355663555277));
#4291=CARTESIAN_POINT('',(0.00129513948700434,-0.22,-0.0276550730591007));
#4292=CARTESIAN_POINT('',(0.00388334015613148,-0.22,-0.0261185151228197));
#4293=CARTESIAN_POINT('',(0.00253798349517113,-0.22,-0.0256967794290312));
#4294=CARTESIAN_POINT('',(0.00117192793428386,-0.219674072012305,-0.0252685551493645));
#4295=CARTESIAN_POINT('',(-7.8042510937582E-17,-0.218977949199464,-0.0249011850284035));
#4296=CARTESIAN_POINT('',(0.00757310754271889,-0.218966090279851,-0.0293791350220666));
#4297=CARTESIAN_POINT('',(0.00688557674988654,-0.22,-0.0305372219487211));
#4298=CARTESIAN_POINT('',(0.00601881534971725,-0.22,-0.0319972075326826));
#4299=CARTESIAN_POINT('',(0.00503633752983572,-0.218966090279944,-0.027873110337657));
#4300=CARTESIAN_POINT('',(0.00434880673700169,-0.220000000000079,-0.0290311972643028));
#4301=CARTESIAN_POINT('',(0.00348204533682,-0.22,-0.0304911828482606));
#4302=CARTESIAN_POINT('',(0.00249956751697438,-0.218966090279851,-0.0263670856533349));
#4303=CARTESIAN_POINT('',(0.00181203672414238,-0.22,-0.0275251725799891));
#4304=CARTESIAN_POINT('',(0.000945275323973651,-0.22,-0.0289851581639493));
#4305=CARTESIAN_POINT('',(-3.72024959334777E-5,-0.218966090279851,-0.0248610609689472));
#4306=CARTESIAN_POINT('',(-0.000724733288765824,-0.22,-0.0260191478956017));
#4307=CARTESIAN_POINT('',(-0.00159149468893511,-0.22,-0.0274791334795632));
#4308=CARTESIAN_POINT('',(0.00612056000938905,-0.219991716433621,-0.0317230388513836));
#4309=CARTESIAN_POINT('',(0.00406139496936002,-0.219938558906089,-0.029427934665015));
#4310=CARTESIAN_POINT('',(0.00201564266836975,-0.219665451123678,-0.0271477800494288));
#4311=CARTESIAN_POINT('',(-9.19244345858552E-18,-0.218977949199464,-0.0249011850284035));
#4312=CARTESIAN_POINT('',(-3.61110662545842E-5,-0.218966090279851,-0.0248593340034568));
#4313=CARTESIAN_POINT('',(0.00118948582973722,-0.22,-0.0243009647982565));
#4314=CARTESIAN_POINT('',(0.00273458038068345,-0.22,-0.0235970357827761));
#4315=CARTESIAN_POINT('',(0.00120058281048402,-0.218966090279466,-0.027573824993469));
#4316=CARTESIAN_POINT('',(0.00242617970647801,-0.219999999999682,-0.0270154557882743));
#4317=CARTESIAN_POINT('',(0.00397127425743579,-0.22,-0.0263115267728271));
#4318=CARTESIAN_POINT('',(0.0024372766872611,-0.218966090279851,-0.0302883159835875));
#4319=CARTESIAN_POINT('',(0.00366287358325224,-0.22,-0.0297299467783886));
#4320=CARTESIAN_POINT('',(0.00520796813419866,-0.22,-0.0290260177629151));
#4321=CARTESIAN_POINT('',(0.00367397056401519,-0.218966090279851,-0.0330028069736452));
#4322=CARTESIAN_POINT('',(0.00489956746000699,-0.22,-0.0324444377684448));
#4323=CARTESIAN_POINT('',(0.00644466201095322,-0.22,-0.0317405087529645));
#4324=CARTESIAN_POINT('',(-0.0495403247300379,-0.227,-0.00237884723983103));
#4325=CARTESIAN_POINT('',(-0.0553555552719138,-0.227,0.00479423940299294));
#4326=CARTESIAN_POINT('',(-0.04215,-0.227,0.0155));
#4327=CARTESIAN_POINT('',(-0.0336424528994858,-0.227,0.0302180719638317));
#4328=CARTESIAN_POINT('',(0.0039145810023655,-0.227,0.00850882664550502));
#4329=CARTESIAN_POINT('',(-0.0186513318412673,-0.227,0.0215526931828532));
#4330=CARTESIAN_POINT('',(-1.21430643318376E-17,-0.227,0.0538195312053523));
#4331=CARTESIAN_POINT('',(0.0186513318412672,-0.227,0.0215526931828531));
#4332=CARTESIAN_POINT('',(0.0261468923703764,-0.227,0.0258853825733425));
#4333=CARTESIAN_POINT('',(0.0336424528994857,-0.227,0.0302180719638319));
#4334=CARTESIAN_POINT('',(0.04215,-0.227,0.0155));
#4335=CARTESIAN_POINT('',(0.0553555552719138,-0.227,0.00479423940299291));
#4336=CARTESIAN_POINT('',(0.0319065602968892,-0.227,-0.0241300949689229));
#4337=CARTESIAN_POINT('',(0.0226455605291092,-0.225,0.0155163241747634));
#4338=CARTESIAN_POINT('',(0.0226455605291092,-0.225,0.0155163241747634));
#4339=CARTESIAN_POINT('',(0.0226455605291092,-0.227,0.0155163241747634));
#4340=CARTESIAN_POINT('',(0.0019886843260032,-0.2,0.0155163241747634));
#4341=CARTESIAN_POINT('',(-0.0226455605291092,-0.225,0.0155163241747634));
#4342=CARTESIAN_POINT('',(-0.0226455605291092,-0.225,0.0155163241747634));
#4343=CARTESIAN_POINT('',(-0.0226455605291092,-0.227,0.0155163241747634));
#4344=CARTESIAN_POINT('',(0.0019886843260032,-0.2,0.0155163241747634));
#4345=CARTESIAN_POINT('',(-0.0226455605291092,-0.175,0.0155163241747634));
#4346=CARTESIAN_POINT('',(-0.0226455605291092,-0.175,0.0155163241747634));
#4347=CARTESIAN_POINT('',(-0.0226455605291092,-0.177,0.0155163241747634));
#4348=CARTESIAN_POINT('',(0.0019886843260032,-0.2,0.0155163241747634));
#4349=CARTESIAN_POINT('',(0.0226455605291092,-0.175,0.0155163241747634));
#4350=CARTESIAN_POINT('',(0.0226455605291092,-0.175,0.0155163241747634));
#4351=CARTESIAN_POINT('',(0.0226455605291092,-0.177,0.0155163241747634));
#4352=CARTESIAN_POINT('',(0.0019886843260032,-0.2,0.0155163241747634));
#4353=MECHANICAL_DESIGN_GEOMETRIC_PRESENTATION_REPRESENTATION('',(#1580),
#4354);
#4354=(
GEOMETRIC_REPRESENTATION_CONTEXT(3)
GLOBAL_UNCERTAINTY_ASSIGNED_CONTEXT((#4355))
GLOBAL_UNIT_ASSIGNED_CONTEXT((#4358,#4357,#4356))
REPRESENTATION_CONTEXT('End Support','TOP_LEVEL_ASSEMBLY_PART')
);
#4355=UNCERTAINTY_MEASURE_WITH_UNIT(LENGTH_MEASURE(2.E-5),#4358,
'DISTANCE_ACCURACY_VALUE','Maximum Tolerance applied to model');
#4356=(
NAMED_UNIT(*)
SI_UNIT($,.STERADIAN.)
SOLID_ANGLE_UNIT()
);
#4357=(
NAMED_UNIT(*)
PLANE_ANGLE_UNIT()
SI_UNIT($,.RADIAN.)
);
#4358=(
LENGTH_UNIT()
NAMED_UNIT(*)
SI_UNIT($,.METRE.)
);
#4359=PRODUCT_DEFINITION_SHAPE('','',#4360);
#4360=PRODUCT_DEFINITION('','',#4362,#4361);
#4361=PRODUCT_DEFINITION_CONTEXT('',#4368,'design');
#4362=PRODUCT_DEFINITION_FORMATION_WITH_SPECIFIED_SOURCE('','',#4364,
 .NOT_KNOWN.);
#4363=PRODUCT_RELATED_PRODUCT_CATEGORY('','',(#4364));
#4364=PRODUCT('End Support','End Support','End Support',(#4366));
#4365=PRODUCT_CATEGORY('','');
#4366=PRODUCT_CONTEXT('',#4368,'mechanical');
#4367=APPLICATION_PROTOCOL_DEFINITION('international standard',
'ap242_managed_model_based_3d_engineering',2020,#4368);
#4368=APPLICATION_CONTEXT('managed model based 3d engineering');
ENDSEC;
END-ISO-10303-21;
