ISO-10303-21;
HEADER;
/* Generated by software containing ST-Developer
 * from STEP Tools, Inc. (www.steptools.com) 
 */
/* OPTION: using custom renumber hook */

FILE_DESCRIPTION(
/* description */ ('STEP AP242 Edition 2',
'CAx-IF Rec.Pracs.---Representation and Presentation of Product Manufa
cturing Information (PMI)---4.0---2014-10-13',
'CAx-IF Rec.Pracs.---3D Tessellated Geometry---0.4---2014-09-14','2;1',
'CAx-IF Rec.Pracs.---User Defined Attributes---1.5---2016-08-15'),
/* implementation_level */ '2;1');

FILE_NAME(
/* name */ 'Part Studio 1 - Head Support',
/* time_stamp */ '2026-01-09T19:18:49Z',
/* author */ (''),
/* organization */ (''),
/* preprocessor_version */ 'ST-DEVELOPER v20',
/* originating_system */ 'ONSHAPE BY PTC INC, 1.208',
/* authorisation */ '  ');

FILE_SCHEMA (('AP242_MANAGED_MODEL_BASED_3D_ENGINEERING_MIM_LF { 1 0 10303 442 3 1 4 }'));
ENDSEC;

DATA;
#10=SHAPE_REPRESENTATION_RELATIONSHIP('','',#1844,#11);
#11=ADVANCED_BREP_SHAPE_REPRESENTATION('',(#1842),#3143);
#12=CYLINDRICAL_SURFACE('',#1921,0.007);
#13=CYLINDRICAL_SURFACE('',#1926,0.00299999999999908);
#14=CYLINDRICAL_SURFACE('',#1929,0.00299999999999682);
#15=CYLINDRICAL_SURFACE('',#1933,0.00299999999999953);
#16=CYLINDRICAL_SURFACE('',#1935,0.00299999999999683);
#17=CYLINDRICAL_SURFACE('',#1946,0.00300000000000189);
#18=CYLINDRICAL_SURFACE('',#1950,0.00299999999999932);
#19=CYLINDRICAL_SURFACE('',#1954,0.00299999999999888);
#20=CYLINDRICAL_SURFACE('',#1958,0.00299999999999929);
#21=CYLINDRICAL_SURFACE('',#1961,0.0115);
#22=CYLINDRICAL_SURFACE('',#1963,0.00185368060845653);
#23=CYLINDRICAL_SURFACE('',#1965,0.00185368060845668);
#24=CYLINDRICAL_SURFACE('',#1967,0.00185368060845661);
#25=CYLINDRICAL_SURFACE('',#1969,0.00185368060845659);
#26=CYLINDRICAL_SURFACE('',#1989,0.02);
#27=CYLINDRICAL_SURFACE('',#1990,0.02);
#28=CYLINDRICAL_SURFACE('',#1991,0.0045);
#29=CYLINDRICAL_SURFACE('',#1992,0.00195);
#30=CYLINDRICAL_SURFACE('',#1993,0.00195);
#31=CYLINDRICAL_SURFACE('',#1994,0.00195);
#32=CYLINDRICAL_SURFACE('',#1995,0.00195);
#33=CYLINDRICAL_SURFACE('',#1996,0.00195);
#34=CYLINDRICAL_SURFACE('',#1997,0.00195);
#35=CYLINDRICAL_SURFACE('',#1998,0.00195);
#36=CYLINDRICAL_SURFACE('',#1999,0.0045);
#37=CYLINDRICAL_SURFACE('',#2000,0.00195);
#38=CYLINDRICAL_SURFACE('',#2002,0.02);
#39=CYLINDRICAL_SURFACE('',#2006,0.02);
#40=CYLINDRICAL_SURFACE('',#2010,0.007);
#41=CYLINDRICAL_SURFACE('',#2013,0.007);
#42=CYLINDRICAL_SURFACE('',#2017,0.007);
#43=CYLINDRICAL_SURFACE('',#2021,0.007);
#44=CYLINDRICAL_SURFACE('',#2025,0.007);
#45=CYLINDRICAL_SURFACE('',#2029,0.007);
#46=CYLINDRICAL_SURFACE('',#2032,0.00195);
#47=CYLINDRICAL_SURFACE('',#2033,0.00195);
#48=CYLINDRICAL_SURFACE('',#2034,0.0045);
#49=CYLINDRICAL_SURFACE('',#2035,0.00195);
#50=CYLINDRICAL_SURFACE('',#2036,0.0045);
#51=CYLINDRICAL_SURFACE('',#2037,0.00195);
#52=CYLINDRICAL_SURFACE('',#2038,0.00195);
#53=CYLINDRICAL_SURFACE('',#2039,0.00195);
#54=CYLINDRICAL_SURFACE('',#2040,0.00195);
#55=CYLINDRICAL_SURFACE('',#2041,0.00195);
#56=CYLINDRICAL_SURFACE('',#2042,0.005);
#57=CYLINDRICAL_SURFACE('',#2043,0.005);
#58=B_SPLINE_CURVE_WITH_KNOTS('',3,(#2755,#2756,#2757,#2758),
 .UNSPECIFIED.,.F.,.F.,(4,4),(2.62986781708173E-7,0.00216210385247922),
 .UNSPECIFIED.);
#59=B_SPLINE_CURVE_WITH_KNOTS('',3,(#2766,#2767,#2768,#2769,#2770,#2771,
#2772,#2773),.UNSPECIFIED.,.F.,.F.,(4,1,1,1,1,4),(7.37002326745284E-17,
0.00153727976505504,0.00230591964758252,0.00307455953011001,0.00461183929516498,
0.00614911906021994),.UNSPECIFIED.);
#60=B_SPLINE_CURVE_WITH_KNOTS('',3,(#3042,#3043,#3044,#3045),
 .UNSPECIFIED.,.F.,.F.,(4,4),(0.,0.000364205300446582),.UNSPECIFIED.);
#61=B_SPLINE_CURVE_WITH_KNOTS('',3,(#3048,#3049,#3050,#3051),
 .UNSPECIFIED.,.F.,.F.,(4,4),(0.,0.000364205300465596),.UNSPECIFIED.);
#62=B_SPLINE_CURVE_WITH_KNOTS('',3,(#3054,#3055,#3056,#3057),
 .UNSPECIFIED.,.F.,.F.,(4,4),(0.,0.000364205300443646),.UNSPECIFIED.);
#63=B_SPLINE_CURVE_WITH_KNOTS('',3,(#3059,#3060,#3061,#3062),
 .UNSPECIFIED.,.F.,.F.,(4,4),(0.,0.00036420530046566),.UNSPECIFIED.);
#64=B_SPLINE_CURVE_WITH_KNOTS('',3,(#3072,#3073,#3074,#3075,#3076,#3077,
#3078,#3079),.UNSPECIFIED.,.F.,.F.,(4,1,1,1,1,4),(0.,0.00145572018671227,
0.00291144037342455,0.0058228807468491,0.00873432112027365,0.0116457614936982),
 .UNSPECIFIED.);
#65=B_SPLINE_CURVE_WITH_KNOTS('',3,(#3086,#3087,#3088,#3089,#3090,#3091,
#3092),.UNSPECIFIED.,.F.,.F.,(4,1,1,1,4),(0.,0.0029060362759065,0.00581207255181301,
0.00871810882771951,0.011624145103626),.UNSPECIFIED.);
#66=B_SPLINE_CURVE_WITH_KNOTS('',3,(#3113,#3114,#3115,#3116,#3117,#3118,
#3119,#3120),.UNSPECIFIED.,.F.,.F.,(4,1,1,1,1,4),(4.06088354287779E-17,
0.00153727976505501,0.0023059196475825,0.00307455953010999,0.00461183929516496,
0.00614911906021993),.UNSPECIFIED.);
#67=B_SPLINE_CURVE_WITH_KNOTS('',3,(#3122,#3123,#3124,#3125),
 .UNSPECIFIED.,.F.,.F.,(4,4),(2.62986781103365E-7,0.00216210385247926),
 .UNSPECIFIED.);
#68=TOROIDAL_SURFACE('',#1917,0.00999999999999953,0.007);
#69=TOROIDAL_SURFACE('',#2008,0.00999999999999683,0.007);
#70=TOROIDAL_SURFACE('',#2011,0.0100000000000019,0.007);
#71=TOROIDAL_SURFACE('',#2015,0.00999999999999932,0.007);
#72=TOROIDAL_SURFACE('',#2019,0.00999999999999888,0.007);
#73=TOROIDAL_SURFACE('',#2023,0.00999999999999929,0.007);
#74=TOROIDAL_SURFACE('',#2027,0.00999999999999908,0.007);
#75=TOROIDAL_SURFACE('',#2031,0.00999999999999682,0.007);
#76=LINE('',#2626,#211);
#77=LINE('',#2630,#212);
#78=LINE('',#2632,#213);
#79=LINE('',#2634,#214);
#80=LINE('',#2638,#215);
#81=LINE('',#2644,#216);
#82=LINE('',#2676,#217);
#83=LINE('',#2683,#218);
#84=LINE('',#2687,#219);
#85=LINE('',#2691,#220);
#86=LINE('',#2697,#221);
#87=LINE('',#2703,#222);
#88=LINE('',#2707,#223);
#89=LINE('',#2711,#224);
#90=LINE('',#2717,#225);
#91=LINE('',#2725,#226);
#92=LINE('',#2733,#227);
#93=LINE('',#2741,#228);
#94=LINE('',#2774,#229);
#95=LINE('',#2778,#230);
#96=LINE('',#2780,#231);
#97=LINE('',#2782,#232);
#98=LINE('',#2784,#233);
#99=LINE('',#2786,#234);
#100=LINE('',#2788,#235);
#101=LINE('',#2790,#236);
#102=LINE('',#2792,#237);
#103=LINE('',#2795,#238);
#104=LINE('',#2797,#239);
#105=LINE('',#2799,#240);
#106=LINE('',#2801,#241);
#107=LINE('',#2803,#242);
#108=LINE('',#2805,#243);
#109=LINE('',#2807,#244);
#110=LINE('',#2809,#245);
#111=LINE('',#2812,#246);
#112=LINE('',#2814,#247);
#113=LINE('',#2816,#248);
#114=LINE('',#2821,#249);
#115=LINE('',#2827,#250);
#116=LINE('',#2829,#251);
#117=LINE('',#2831,#252);
#118=LINE('',#2833,#253);
#119=LINE('',#2839,#254);
#120=LINE('',#2843,#255);
#121=LINE('',#2846,#256);
#122=LINE('',#2848,#257);
#123=LINE('',#2850,#258);
#124=LINE('',#2852,#259);
#125=LINE('',#2855,#260);
#126=LINE('',#2857,#261);
#127=LINE('',#2859,#262);
#128=LINE('',#2861,#263);
#129=LINE('',#2864,#264);
#130=LINE('',#2866,#265);
#131=LINE('',#2868,#266);
#132=LINE('',#2870,#267);
#133=LINE('',#2873,#268);
#134=LINE('',#2875,#269);
#135=LINE('',#2877,#270);
#136=LINE('',#2879,#271);
#137=LINE('',#2880,#272);
#138=LINE('',#2882,#273);
#139=LINE('',#2884,#274);
#140=LINE('',#2886,#275);
#141=LINE('',#2888,#276);
#142=LINE('',#2890,#277);
#143=LINE('',#2891,#278);
#144=LINE('',#2893,#279);
#145=LINE('',#2895,#280);
#146=LINE('',#2897,#281);
#147=LINE('',#2899,#282);
#148=LINE('',#2901,#283);
#149=LINE('',#2902,#284);
#150=LINE('',#2904,#285);
#151=LINE('',#2906,#286);
#152=LINE('',#2908,#287);
#153=LINE('',#2910,#288);
#154=LINE('',#2912,#289);
#155=LINE('',#2913,#290);
#156=LINE('',#2915,#291);
#157=LINE('',#2917,#292);
#158=LINE('',#2919,#293);
#159=LINE('',#2921,#294);
#160=LINE('',#2923,#295);
#161=LINE('',#2929,#296);
#162=LINE('',#2932,#297);
#163=LINE('',#2933,#298);
#164=LINE('',#2935,#299);
#165=LINE('',#2941,#300);
#166=LINE('',#2944,#301);
#167=LINE('',#2945,#302);
#168=LINE('',#2947,#303);
#169=LINE('',#2949,#304);
#170=LINE('',#2951,#305);
#171=LINE('',#2953,#306);
#172=LINE('',#2955,#307);
#173=LINE('',#2961,#308);
#174=LINE('',#2964,#309);
#175=LINE('',#2965,#310);
#176=LINE('',#2985,#311);
#177=LINE('',#2987,#312);
#178=LINE('',#2988,#313);
#179=LINE('',#2990,#314);
#180=LINE('',#2992,#315);
#181=LINE('',#2994,#316);
#182=LINE('',#2996,#317);
#183=LINE('',#2997,#318);
#184=LINE('',#2999,#319);
#185=LINE('',#3001,#320);
#186=LINE('',#3002,#321);
#187=LINE('',#3004,#322);
#188=LINE('',#3006,#323);
#189=LINE('',#3007,#324);
#190=LINE('',#3009,#325);
#191=LINE('',#3012,#326);
#192=LINE('',#3014,#327);
#193=LINE('',#3016,#328);
#194=LINE('',#3017,#329);
#195=LINE('',#3020,#330);
#196=LINE('',#3022,#331);
#197=LINE('',#3023,#332);
#198=LINE('',#3025,#333);
#199=LINE('',#3028,#334);
#200=LINE('',#3030,#335);
#201=LINE('',#3033,#336);
#202=LINE('',#3034,#337);
#203=LINE('',#3036,#338);
#204=LINE('',#3038,#339);
#205=LINE('',#3067,#340);
#206=LINE('',#3068,#341);
#207=LINE('',#3070,#342);
#208=LINE('',#3081,#343);
#209=LINE('',#3082,#344);
#210=LINE('',#3084,#345);
#211=VECTOR('',#2094,1.);
#212=VECTOR('',#2097,1.);
#213=VECTOR('',#2098,1.);
#214=VECTOR('',#2099,1.);
#215=VECTOR('',#2102,1.);
#216=VECTOR('',#2107,1.);
#217=VECTOR('',#2140,1.);
#218=VECTOR('',#2145,1.);
#219=VECTOR('',#2148,1.);
#220=VECTOR('',#2151,1.);
#221=VECTOR('',#2156,1.);
#222=VECTOR('',#2161,1.);
#223=VECTOR('',#2164,1.);
#224=VECTOR('',#2167,1.);
#225=VECTOR('',#2172,1.);
#226=VECTOR('',#2179,1.);
#227=VECTOR('',#2186,1.);
#228=VECTOR('',#2193,1.);
#229=VECTOR('',#2216,1.);
#230=VECTOR('',#2221,1.);
#231=VECTOR('',#2222,1.);
#232=VECTOR('',#2223,1.);
#233=VECTOR('',#2224,1.);
#234=VECTOR('',#2225,1.);
#235=VECTOR('',#2226,1.);
#236=VECTOR('',#2227,1.);
#237=VECTOR('',#2230,1.);
#238=VECTOR('',#2231,1.);
#239=VECTOR('',#2232,1.);
#240=VECTOR('',#2233,1.);
#241=VECTOR('',#2234,1.);
#242=VECTOR('',#2235,1.);
#243=VECTOR('',#2236,1.);
#244=VECTOR('',#2237,1.);
#245=VECTOR('',#2240,1.);
#246=VECTOR('',#2241,1.);
#247=VECTOR('',#2242,1.);
#248=VECTOR('',#2243,1.);
#249=VECTOR('',#2252,1.);
#250=VECTOR('',#2259,1.);
#251=VECTOR('',#2260,1.);
#252=VECTOR('',#2261,1.);
#253=VECTOR('',#2262,1.);
#254=VECTOR('',#2271,1.);
#255=VECTOR('',#2276,1.);
#256=VECTOR('',#2277,1.);
#257=VECTOR('',#2278,1.);
#258=VECTOR('',#2279,1.);
#259=VECTOR('',#2282,1.);
#260=VECTOR('',#2283,1.);
#261=VECTOR('',#2284,1.);
#262=VECTOR('',#2285,1.);
#263=VECTOR('',#2288,1.);
#264=VECTOR('',#2289,1.);
#265=VECTOR('',#2290,1.);
#266=VECTOR('',#2291,1.);
#267=VECTOR('',#2294,1.);
#268=VECTOR('',#2295,1.);
#269=VECTOR('',#2296,1.);
#270=VECTOR('',#2297,1.);
#271=VECTOR('',#2300,1.);
#272=VECTOR('',#2301,1.);
#273=VECTOR('',#2302,1.);
#274=VECTOR('',#2303,1.);
#275=VECTOR('',#2304,1.);
#276=VECTOR('',#2305,1.);
#277=VECTOR('',#2308,1.);
#278=VECTOR('',#2309,1.);
#279=VECTOR('',#2310,1.);
#280=VECTOR('',#2311,1.);
#281=VECTOR('',#2312,1.);
#282=VECTOR('',#2313,1.);
#283=VECTOR('',#2316,1.);
#284=VECTOR('',#2317,1.);
#285=VECTOR('',#2318,1.);
#286=VECTOR('',#2319,1.);
#287=VECTOR('',#2320,1.);
#288=VECTOR('',#2321,1.);
#289=VECTOR('',#2324,1.);
#290=VECTOR('',#2325,1.);
#291=VECTOR('',#2326,1.);
#292=VECTOR('',#2327,1.);
#293=VECTOR('',#2328,1.);
#294=VECTOR('',#2329,1.);
#295=VECTOR('',#2332,1.);
#296=VECTOR('',#2339,1.);
#297=VECTOR('',#2340,1.);
#298=VECTOR('',#2341,1.);
#299=VECTOR('',#2344,1.);
#300=VECTOR('',#2351,1.);
#301=VECTOR('',#2352,1.);
#302=VECTOR('',#2353,1.);
#303=VECTOR('',#2354,1.);
#304=VECTOR('',#2355,1.);
#305=VECTOR('',#2356,1.);
#306=VECTOR('',#2357,1.);
#307=VECTOR('',#2360,1.);
#308=VECTOR('',#2367,1.);
#309=VECTOR('',#2368,1.);
#310=VECTOR('',#2369,1.);
#311=VECTOR('',#2398,1.);
#312=VECTOR('',#2399,1.);
#313=VECTOR('',#2400,1.);
#314=VECTOR('',#2401,1.);
#315=VECTOR('',#2402,1.);
#316=VECTOR('',#2403,1.);
#317=VECTOR('',#2404,1.);
#318=VECTOR('',#2405,1.);
#319=VECTOR('',#2406,1.);
#320=VECTOR('',#2409,1.);
#321=VECTOR('',#2410,1.);
#322=VECTOR('',#2413,1.);
#323=VECTOR('',#2416,1.);
#324=VECTOR('',#2417,1.);
#325=VECTOR('',#2420,1.);
#326=VECTOR('',#2425,1.);
#327=VECTOR('',#2428,1.);
#328=VECTOR('',#2431,1.);
#329=VECTOR('',#2432,1.);
#330=VECTOR('',#2437,1.);
#331=VECTOR('',#2440,1.);
#332=VECTOR('',#2441,1.);
#333=VECTOR('',#2444,1.);
#334=VECTOR('',#2449,1.);
#335=VECTOR('',#2452,1.);
#336=VECTOR('',#2457,1.);
#337=VECTOR('',#2458,1.);
#338=VECTOR('',#2461,1.);
#339=VECTOR('',#2464,1.);
#340=VECTOR('',#2489,1.);
#341=VECTOR('',#2490,1.);
#342=VECTOR('',#2493,1.);
#343=VECTOR('',#2498,1.);
#344=VECTOR('',#2499,1.);
#345=VECTOR('',#2502,1.);
#346=ORIENTED_EDGE('',*,*,#844,.F.);
#347=ORIENTED_EDGE('',*,*,#845,.F.);
#348=ORIENTED_EDGE('',*,*,#846,.F.);
#349=ORIENTED_EDGE('',*,*,#847,.F.);
#350=ORIENTED_EDGE('',*,*,#848,.T.);
#351=ORIENTED_EDGE('',*,*,#849,.T.);
#352=ORIENTED_EDGE('',*,*,#850,.T.);
#353=ORIENTED_EDGE('',*,*,#851,.T.);
#354=ORIENTED_EDGE('',*,*,#852,.T.);
#355=ORIENTED_EDGE('',*,*,#853,.T.);
#356=ORIENTED_EDGE('',*,*,#854,.T.);
#357=ORIENTED_EDGE('',*,*,#855,.F.);
#358=ORIENTED_EDGE('',*,*,#856,.F.);
#359=ORIENTED_EDGE('',*,*,#857,.F.);
#360=ORIENTED_EDGE('',*,*,#858,.F.);
#361=ORIENTED_EDGE('',*,*,#859,.F.);
#362=ORIENTED_EDGE('',*,*,#860,.T.);
#363=ORIENTED_EDGE('',*,*,#861,.T.);
#364=ORIENTED_EDGE('',*,*,#862,.T.);
#365=ORIENTED_EDGE('',*,*,#863,.T.);
#366=ORIENTED_EDGE('',*,*,#864,.F.);
#367=ORIENTED_EDGE('',*,*,#865,.F.);
#368=ORIENTED_EDGE('',*,*,#866,.T.);
#369=ORIENTED_EDGE('',*,*,#867,.T.);
#370=ORIENTED_EDGE('',*,*,#868,.T.);
#371=ORIENTED_EDGE('',*,*,#869,.F.);
#372=ORIENTED_EDGE('',*,*,#870,.F.);
#373=ORIENTED_EDGE('',*,*,#871,.T.);
#374=ORIENTED_EDGE('',*,*,#872,.F.);
#375=ORIENTED_EDGE('',*,*,#873,.F.);
#376=ORIENTED_EDGE('',*,*,#874,.T.);
#377=ORIENTED_EDGE('',*,*,#875,.T.);
#378=ORIENTED_EDGE('',*,*,#876,.F.);
#379=ORIENTED_EDGE('',*,*,#877,.F.);
#380=ORIENTED_EDGE('',*,*,#878,.T.);
#381=ORIENTED_EDGE('',*,*,#879,.T.);
#382=ORIENTED_EDGE('',*,*,#880,.T.);
#383=ORIENTED_EDGE('',*,*,#881,.T.);
#384=ORIENTED_EDGE('',*,*,#882,.T.);
#385=ORIENTED_EDGE('',*,*,#883,.T.);
#386=ORIENTED_EDGE('',*,*,#884,.F.);
#387=ORIENTED_EDGE('',*,*,#885,.T.);
#388=ORIENTED_EDGE('',*,*,#886,.T.);
#389=ORIENTED_EDGE('',*,*,#887,.F.);
#390=ORIENTED_EDGE('',*,*,#888,.F.);
#391=ORIENTED_EDGE('',*,*,#889,.F.);
#392=ORIENTED_EDGE('',*,*,#890,.T.);
#393=ORIENTED_EDGE('',*,*,#891,.T.);
#394=ORIENTED_EDGE('',*,*,#892,.T.);
#395=ORIENTED_EDGE('',*,*,#893,.T.);
#396=ORIENTED_EDGE('',*,*,#894,.T.);
#397=ORIENTED_EDGE('',*,*,#895,.T.);
#398=ORIENTED_EDGE('',*,*,#896,.T.);
#399=ORIENTED_EDGE('',*,*,#897,.T.);
#400=ORIENTED_EDGE('',*,*,#898,.F.);
#401=ORIENTED_EDGE('',*,*,#899,.F.);
#402=ORIENTED_EDGE('',*,*,#900,.T.);
#403=ORIENTED_EDGE('',*,*,#901,.T.);
#404=ORIENTED_EDGE('',*,*,#902,.T.);
#405=ORIENTED_EDGE('',*,*,#903,.F.);
#406=ORIENTED_EDGE('',*,*,#904,.T.);
#407=ORIENTED_EDGE('',*,*,#905,.T.);
#408=ORIENTED_EDGE('',*,*,#906,.T.);
#409=ORIENTED_EDGE('',*,*,#907,.F.);
#410=ORIENTED_EDGE('',*,*,#908,.T.);
#411=ORIENTED_EDGE('',*,*,#909,.T.);
#412=ORIENTED_EDGE('',*,*,#910,.T.);
#413=ORIENTED_EDGE('',*,*,#911,.F.);
#414=ORIENTED_EDGE('',*,*,#912,.T.);
#415=ORIENTED_EDGE('',*,*,#913,.T.);
#416=ORIENTED_EDGE('',*,*,#914,.F.);
#417=ORIENTED_EDGE('',*,*,#915,.T.);
#418=ORIENTED_EDGE('',*,*,#916,.T.);
#419=ORIENTED_EDGE('',*,*,#917,.T.);
#420=ORIENTED_EDGE('',*,*,#918,.F.);
#421=ORIENTED_EDGE('',*,*,#919,.T.);
#422=ORIENTED_EDGE('',*,*,#920,.T.);
#423=ORIENTED_EDGE('',*,*,#921,.T.);
#424=ORIENTED_EDGE('',*,*,#922,.T.);
#425=ORIENTED_EDGE('',*,*,#923,.T.);
#426=ORIENTED_EDGE('',*,*,#924,.T.);
#427=ORIENTED_EDGE('',*,*,#925,.T.);
#428=ORIENTED_EDGE('',*,*,#926,.T.);
#429=ORIENTED_EDGE('',*,*,#927,.T.);
#430=ORIENTED_EDGE('',*,*,#928,.F.);
#431=ORIENTED_EDGE('',*,*,#929,.F.);
#432=ORIENTED_EDGE('',*,*,#930,.F.);
#433=ORIENTED_EDGE('',*,*,#931,.F.);
#434=ORIENTED_EDGE('',*,*,#910,.F.);
#435=ORIENTED_EDGE('',*,*,#932,.T.);
#436=ORIENTED_EDGE('',*,*,#933,.F.);
#437=ORIENTED_EDGE('',*,*,#934,.F.);
#438=ORIENTED_EDGE('',*,*,#935,.F.);
#439=ORIENTED_EDGE('',*,*,#934,.T.);
#440=ORIENTED_EDGE('',*,*,#936,.F.);
#441=ORIENTED_EDGE('',*,*,#937,.F.);
#442=ORIENTED_EDGE('',*,*,#912,.F.);
#443=ORIENTED_EDGE('',*,*,#938,.F.);
#444=ORIENTED_EDGE('',*,*,#936,.T.);
#445=ORIENTED_EDGE('',*,*,#939,.T.);
#446=ORIENTED_EDGE('',*,*,#940,.F.);
#447=ORIENTED_EDGE('',*,*,#941,.T.);
#448=ORIENTED_EDGE('',*,*,#942,.T.);
#449=ORIENTED_EDGE('',*,*,#943,.F.);
#450=ORIENTED_EDGE('',*,*,#944,.F.);
#451=ORIENTED_EDGE('',*,*,#945,.F.);
#452=ORIENTED_EDGE('',*,*,#946,.T.);
#453=ORIENTED_EDGE('',*,*,#947,.F.);
#454=ORIENTED_EDGE('',*,*,#948,.F.);
#455=ORIENTED_EDGE('',*,*,#949,.T.);
#456=ORIENTED_EDGE('',*,*,#950,.T.);
#457=ORIENTED_EDGE('',*,*,#951,.F.);
#458=ORIENTED_EDGE('',*,*,#952,.F.);
#459=ORIENTED_EDGE('',*,*,#953,.F.);
#460=ORIENTED_EDGE('',*,*,#954,.T.);
#461=ORIENTED_EDGE('',*,*,#955,.T.);
#462=ORIENTED_EDGE('',*,*,#956,.F.);
#463=ORIENTED_EDGE('',*,*,#955,.F.);
#464=ORIENTED_EDGE('',*,*,#957,.T.);
#465=ORIENTED_EDGE('',*,*,#945,.T.);
#466=ORIENTED_EDGE('',*,*,#958,.F.);
#467=ORIENTED_EDGE('',*,*,#959,.T.);
#468=ORIENTED_EDGE('',*,*,#960,.T.);
#469=ORIENTED_EDGE('',*,*,#953,.T.);
#470=ORIENTED_EDGE('',*,*,#961,.F.);
#471=ORIENTED_EDGE('',*,*,#962,.F.);
#472=ORIENTED_EDGE('',*,*,#963,.T.);
#473=ORIENTED_EDGE('',*,*,#964,.T.);
#474=ORIENTED_EDGE('',*,*,#965,.F.);
#475=ORIENTED_EDGE('',*,*,#939,.F.);
#476=ORIENTED_EDGE('',*,*,#933,.T.);
#477=ORIENTED_EDGE('',*,*,#962,.T.);
#478=ORIENTED_EDGE('',*,*,#966,.F.);
#479=ORIENTED_EDGE('',*,*,#964,.F.);
#480=ORIENTED_EDGE('',*,*,#967,.T.);
#481=ORIENTED_EDGE('',*,*,#968,.T.);
#482=ORIENTED_EDGE('',*,*,#969,.F.);
#483=ORIENTED_EDGE('',*,*,#970,.T.);
#484=ORIENTED_EDGE('',*,*,#971,.T.);
#485=ORIENTED_EDGE('',*,*,#972,.T.);
#486=ORIENTED_EDGE('',*,*,#973,.T.);
#487=ORIENTED_EDGE('',*,*,#974,.T.);
#488=ORIENTED_EDGE('',*,*,#975,.T.);
#489=ORIENTED_EDGE('',*,*,#976,.T.);
#490=ORIENTED_EDGE('',*,*,#977,.T.);
#491=ORIENTED_EDGE('',*,*,#978,.T.);
#492=ORIENTED_EDGE('',*,*,#979,.T.);
#493=ORIENTED_EDGE('',*,*,#980,.T.);
#494=ORIENTED_EDGE('',*,*,#981,.T.);
#495=ORIENTED_EDGE('',*,*,#982,.T.);
#496=ORIENTED_EDGE('',*,*,#983,.T.);
#497=ORIENTED_EDGE('',*,*,#984,.T.);
#498=ORIENTED_EDGE('',*,*,#985,.T.);
#499=ORIENTED_EDGE('',*,*,#972,.F.);
#500=ORIENTED_EDGE('',*,*,#986,.T.);
#501=ORIENTED_EDGE('',*,*,#974,.F.);
#502=ORIENTED_EDGE('',*,*,#987,.T.);
#503=ORIENTED_EDGE('',*,*,#988,.T.);
#504=ORIENTED_EDGE('',*,*,#989,.F.);
#505=ORIENTED_EDGE('',*,*,#990,.F.);
#506=ORIENTED_EDGE('',*,*,#991,.T.);
#507=ORIENTED_EDGE('',*,*,#980,.F.);
#508=ORIENTED_EDGE('',*,*,#992,.T.);
#509=ORIENTED_EDGE('',*,*,#970,.F.);
#510=ORIENTED_EDGE('',*,*,#993,.T.);
#511=ORIENTED_EDGE('',*,*,#994,.T.);
#512=ORIENTED_EDGE('',*,*,#995,.F.);
#513=ORIENTED_EDGE('',*,*,#996,.F.);
#514=ORIENTED_EDGE('',*,*,#997,.T.);
#515=ORIENTED_EDGE('',*,*,#984,.F.);
#516=ORIENTED_EDGE('',*,*,#998,.T.);
#517=ORIENTED_EDGE('',*,*,#978,.F.);
#518=ORIENTED_EDGE('',*,*,#999,.T.);
#519=ORIENTED_EDGE('',*,*,#1000,.T.);
#520=ORIENTED_EDGE('',*,*,#1001,.F.);
#521=ORIENTED_EDGE('',*,*,#1002,.F.);
#522=ORIENTED_EDGE('',*,*,#1003,.T.);
#523=ORIENTED_EDGE('',*,*,#976,.F.);
#524=ORIENTED_EDGE('',*,*,#1004,.T.);
#525=ORIENTED_EDGE('',*,*,#982,.F.);
#526=ORIENTED_EDGE('',*,*,#1005,.T.);
#527=ORIENTED_EDGE('',*,*,#1006,.T.);
#528=ORIENTED_EDGE('',*,*,#1007,.F.);
#529=ORIENTED_EDGE('',*,*,#1008,.F.);
#530=ORIENTED_EDGE('',*,*,#1009,.T.);
#531=ORIENTED_EDGE('',*,*,#1010,.T.);
#532=ORIENTED_EDGE('',*,*,#1011,.T.);
#533=ORIENTED_EDGE('',*,*,#938,.T.);
#534=ORIENTED_EDGE('',*,*,#1012,.F.);
#535=ORIENTED_EDGE('',*,*,#1013,.F.);
#536=ORIENTED_EDGE('',*,*,#1014,.T.);
#537=ORIENTED_EDGE('',*,*,#1010,.F.);
#538=ORIENTED_EDGE('',*,*,#1015,.F.);
#539=ORIENTED_EDGE('',*,*,#1016,.T.);
#540=ORIENTED_EDGE('',*,*,#1017,.T.);
#541=ORIENTED_EDGE('',*,*,#1013,.T.);
#542=ORIENTED_EDGE('',*,*,#1018,.F.);
#543=ORIENTED_EDGE('',*,*,#1019,.F.);
#544=ORIENTED_EDGE('',*,*,#1020,.T.);
#545=ORIENTED_EDGE('',*,*,#1016,.F.);
#546=ORIENTED_EDGE('',*,*,#1021,.F.);
#547=ORIENTED_EDGE('',*,*,#1022,.T.);
#548=ORIENTED_EDGE('',*,*,#1023,.T.);
#549=ORIENTED_EDGE('',*,*,#1024,.F.);
#550=ORIENTED_EDGE('',*,*,#1025,.F.);
#551=ORIENTED_EDGE('',*,*,#1026,.T.);
#552=ORIENTED_EDGE('',*,*,#1027,.T.);
#553=ORIENTED_EDGE('',*,*,#1019,.T.);
#554=ORIENTED_EDGE('',*,*,#1028,.F.);
#555=ORIENTED_EDGE('',*,*,#1029,.F.);
#556=ORIENTED_EDGE('',*,*,#1030,.T.);
#557=ORIENTED_EDGE('',*,*,#1026,.F.);
#558=ORIENTED_EDGE('',*,*,#1031,.F.);
#559=ORIENTED_EDGE('',*,*,#947,.T.);
#560=ORIENTED_EDGE('',*,*,#1032,.T.);
#561=ORIENTED_EDGE('',*,*,#1029,.T.);
#562=ORIENTED_EDGE('',*,*,#1033,.F.);
#563=ORIENTED_EDGE('',*,*,#864,.T.);
#564=ORIENTED_EDGE('',*,*,#1034,.F.);
#565=ORIENTED_EDGE('',*,*,#863,.F.);
#566=ORIENTED_EDGE('',*,*,#1035,.T.);
#567=ORIENTED_EDGE('',*,*,#862,.F.);
#568=ORIENTED_EDGE('',*,*,#1036,.T.);
#569=ORIENTED_EDGE('',*,*,#861,.F.);
#570=ORIENTED_EDGE('',*,*,#1037,.T.);
#571=ORIENTED_EDGE('',*,*,#860,.F.);
#572=ORIENTED_EDGE('',*,*,#1038,.T.);
#573=ORIENTED_EDGE('',*,*,#1039,.F.);
#574=ORIENTED_EDGE('',*,*,#1040,.T.);
#575=ORIENTED_EDGE('',*,*,#959,.F.);
#576=ORIENTED_EDGE('',*,*,#1041,.F.);
#577=ORIENTED_EDGE('',*,*,#1042,.T.);
#578=ORIENTED_EDGE('',*,*,#1043,.T.);
#579=ORIENTED_EDGE('',*,*,#1044,.F.);
#580=ORIENTED_EDGE('',*,*,#1045,.F.);
#581=ORIENTED_EDGE('',*,*,#968,.F.);
#582=ORIENTED_EDGE('',*,*,#1046,.F.);
#583=ORIENTED_EDGE('',*,*,#1047,.F.);
#584=ORIENTED_EDGE('',*,*,#870,.T.);
#585=ORIENTED_EDGE('',*,*,#1048,.F.);
#586=ORIENTED_EDGE('',*,*,#1043,.F.);
#587=ORIENTED_EDGE('',*,*,#1049,.T.);
#588=ORIENTED_EDGE('',*,*,#1007,.T.);
#589=ORIENTED_EDGE('',*,*,#1049,.F.);
#590=ORIENTED_EDGE('',*,*,#1042,.F.);
#591=ORIENTED_EDGE('',*,*,#1050,.T.);
#592=ORIENTED_EDGE('',*,*,#1008,.T.);
#593=ORIENTED_EDGE('',*,*,#1051,.F.);
#594=ORIENTED_EDGE('',*,*,#941,.F.);
#595=ORIENTED_EDGE('',*,*,#1052,.F.);
#596=ORIENTED_EDGE('',*,*,#1002,.T.);
#597=ORIENTED_EDGE('',*,*,#1044,.T.);
#598=ORIENTED_EDGE('',*,*,#1048,.T.);
#599=ORIENTED_EDGE('',*,*,#1006,.F.);
#600=ORIENTED_EDGE('',*,*,#1053,.T.);
#601=ORIENTED_EDGE('',*,*,#1005,.F.);
#602=ORIENTED_EDGE('',*,*,#985,.F.);
#603=ORIENTED_EDGE('',*,*,#1003,.F.);
#604=ORIENTED_EDGE('',*,*,#1052,.T.);
#605=ORIENTED_EDGE('',*,*,#940,.T.);
#606=ORIENTED_EDGE('',*,*,#966,.T.);
#607=ORIENTED_EDGE('',*,*,#965,.T.);
#608=ORIENTED_EDGE('',*,*,#969,.T.);
#609=ORIENTED_EDGE('',*,*,#1045,.T.);
#610=ORIENTED_EDGE('',*,*,#1053,.F.);
#611=ORIENTED_EDGE('',*,*,#1054,.T.);
#612=ORIENTED_EDGE('',*,*,#942,.F.);
#613=ORIENTED_EDGE('',*,*,#1051,.T.);
#614=ORIENTED_EDGE('',*,*,#1001,.T.);
#615=ORIENTED_EDGE('',*,*,#1054,.F.);
#616=ORIENTED_EDGE('',*,*,#1000,.F.);
#617=ORIENTED_EDGE('',*,*,#1055,.T.);
#618=ORIENTED_EDGE('',*,*,#943,.T.);
#619=ORIENTED_EDGE('',*,*,#1056,.F.);
#620=ORIENTED_EDGE('',*,*,#1022,.F.);
#621=ORIENTED_EDGE('',*,*,#1057,.F.);
#622=ORIENTED_EDGE('',*,*,#996,.T.);
#623=ORIENTED_EDGE('',*,*,#999,.F.);
#624=ORIENTED_EDGE('',*,*,#981,.F.);
#625=ORIENTED_EDGE('',*,*,#997,.F.);
#626=ORIENTED_EDGE('',*,*,#1057,.T.);
#627=ORIENTED_EDGE('',*,*,#1021,.T.);
#628=ORIENTED_EDGE('',*,*,#1018,.T.);
#629=ORIENTED_EDGE('',*,*,#1015,.T.);
#630=ORIENTED_EDGE('',*,*,#1012,.T.);
#631=ORIENTED_EDGE('',*,*,#944,.T.);
#632=ORIENTED_EDGE('',*,*,#1055,.F.);
#633=ORIENTED_EDGE('',*,*,#1058,.T.);
#634=ORIENTED_EDGE('',*,*,#1023,.F.);
#635=ORIENTED_EDGE('',*,*,#1056,.T.);
#636=ORIENTED_EDGE('',*,*,#995,.T.);
#637=ORIENTED_EDGE('',*,*,#990,.T.);
#638=ORIENTED_EDGE('',*,*,#1059,.T.);
#639=ORIENTED_EDGE('',*,*,#949,.F.);
#640=ORIENTED_EDGE('',*,*,#1060,.F.);
#641=ORIENTED_EDGE('',*,*,#1058,.F.);
#642=ORIENTED_EDGE('',*,*,#994,.F.);
#643=ORIENTED_EDGE('',*,*,#1061,.F.);
#644=ORIENTED_EDGE('',*,*,#1024,.T.);
#645=ORIENTED_EDGE('',*,*,#993,.F.);
#646=ORIENTED_EDGE('',*,*,#973,.F.);
#647=ORIENTED_EDGE('',*,*,#991,.F.);
#648=ORIENTED_EDGE('',*,*,#1060,.T.);
#649=ORIENTED_EDGE('',*,*,#948,.T.);
#650=ORIENTED_EDGE('',*,*,#1033,.T.);
#651=ORIENTED_EDGE('',*,*,#1031,.T.);
#652=ORIENTED_EDGE('',*,*,#1028,.T.);
#653=ORIENTED_EDGE('',*,*,#1025,.T.);
#654=ORIENTED_EDGE('',*,*,#1061,.T.);
#655=ORIENTED_EDGE('',*,*,#1062,.F.);
#656=ORIENTED_EDGE('',*,*,#950,.F.);
#657=ORIENTED_EDGE('',*,*,#1059,.F.);
#658=ORIENTED_EDGE('',*,*,#989,.T.);
#659=ORIENTED_EDGE('',*,*,#951,.T.);
#660=ORIENTED_EDGE('',*,*,#1062,.T.);
#661=ORIENTED_EDGE('',*,*,#988,.F.);
#662=ORIENTED_EDGE('',*,*,#1063,.F.);
#663=ORIENTED_EDGE('',*,*,#987,.F.);
#664=ORIENTED_EDGE('',*,*,#977,.F.);
#665=ORIENTED_EDGE('',*,*,#1009,.F.);
#666=ORIENTED_EDGE('',*,*,#1050,.F.);
#667=ORIENTED_EDGE('',*,*,#1041,.T.);
#668=ORIENTED_EDGE('',*,*,#961,.T.);
#669=ORIENTED_EDGE('',*,*,#956,.T.);
#670=ORIENTED_EDGE('',*,*,#958,.T.);
#671=ORIENTED_EDGE('',*,*,#952,.T.);
#672=ORIENTED_EDGE('',*,*,#1063,.T.);
#673=ORIENTED_EDGE('',*,*,#876,.T.);
#674=ORIENTED_EDGE('',*,*,#1064,.F.);
#675=ORIENTED_EDGE('',*,*,#902,.F.);
#676=ORIENTED_EDGE('',*,*,#1065,.T.);
#677=ORIENTED_EDGE('',*,*,#901,.F.);
#678=ORIENTED_EDGE('',*,*,#1066,.T.);
#679=ORIENTED_EDGE('',*,*,#865,.T.);
#680=ORIENTED_EDGE('',*,*,#1065,.F.);
#681=ORIENTED_EDGE('',*,*,#875,.F.);
#682=ORIENTED_EDGE('',*,*,#1067,.T.);
#683=ORIENTED_EDGE('',*,*,#903,.T.);
#684=ORIENTED_EDGE('',*,*,#1064,.T.);
#685=ORIENTED_EDGE('',*,*,#854,.F.);
#686=ORIENTED_EDGE('',*,*,#889,.T.);
#687=ORIENTED_EDGE('',*,*,#853,.F.);
#688=ORIENTED_EDGE('',*,*,#888,.T.);
#689=ORIENTED_EDGE('',*,*,#852,.F.);
#690=ORIENTED_EDGE('',*,*,#918,.T.);
#691=ORIENTED_EDGE('',*,*,#1068,.T.);
#692=ORIENTED_EDGE('',*,*,#851,.F.);
#693=ORIENTED_EDGE('',*,*,#887,.T.);
#694=ORIENTED_EDGE('',*,*,#850,.F.);
#695=ORIENTED_EDGE('',*,*,#914,.T.);
#696=ORIENTED_EDGE('',*,*,#1069,.T.);
#697=ORIENTED_EDGE('',*,*,#855,.T.);
#698=ORIENTED_EDGE('',*,*,#886,.F.);
#699=ORIENTED_EDGE('',*,*,#856,.T.);
#700=ORIENTED_EDGE('',*,*,#922,.F.);
#701=ORIENTED_EDGE('',*,*,#1070,.T.);
#702=ORIENTED_EDGE('',*,*,#857,.T.);
#703=ORIENTED_EDGE('',*,*,#926,.F.);
#704=ORIENTED_EDGE('',*,*,#1071,.T.);
#705=ORIENTED_EDGE('',*,*,#858,.T.);
#706=ORIENTED_EDGE('',*,*,#890,.F.);
#707=ORIENTED_EDGE('',*,*,#859,.T.);
#708=ORIENTED_EDGE('',*,*,#885,.F.);
#709=ORIENTED_EDGE('',*,*,#992,.F.);
#710=ORIENTED_EDGE('',*,*,#979,.F.);
#711=ORIENTED_EDGE('',*,*,#998,.F.);
#712=ORIENTED_EDGE('',*,*,#983,.F.);
#713=ORIENTED_EDGE('',*,*,#1004,.F.);
#714=ORIENTED_EDGE('',*,*,#975,.F.);
#715=ORIENTED_EDGE('',*,*,#986,.F.);
#716=ORIENTED_EDGE('',*,*,#971,.F.);
#717=ORIENTED_EDGE('',*,*,#1036,.F.);
#718=ORIENTED_EDGE('',*,*,#1038,.F.);
#719=ORIENTED_EDGE('',*,*,#1035,.F.);
#720=ORIENTED_EDGE('',*,*,#1037,.F.);
#721=ORIENTED_EDGE('',*,*,#1034,.T.);
#722=ORIENTED_EDGE('',*,*,#872,.T.);
#723=ORIENTED_EDGE('',*,*,#1072,.F.);
#724=ORIENTED_EDGE('',*,*,#906,.F.);
#725=ORIENTED_EDGE('',*,*,#1073,.T.);
#726=ORIENTED_EDGE('',*,*,#905,.F.);
#727=ORIENTED_EDGE('',*,*,#1074,.T.);
#728=ORIENTED_EDGE('',*,*,#873,.T.);
#729=ORIENTED_EDGE('',*,*,#1073,.F.);
#730=ORIENTED_EDGE('',*,*,#871,.F.);
#731=ORIENTED_EDGE('',*,*,#1047,.T.);
#732=ORIENTED_EDGE('',*,*,#1046,.T.);
#733=ORIENTED_EDGE('',*,*,#1075,.T.);
#734=ORIENTED_EDGE('',*,*,#907,.T.);
#735=ORIENTED_EDGE('',*,*,#1072,.T.);
#736=ORIENTED_EDGE('',*,*,#867,.F.);
#737=ORIENTED_EDGE('',*,*,#1076,.T.);
#738=ORIENTED_EDGE('',*,*,#899,.T.);
#739=ORIENTED_EDGE('',*,*,#1077,.T.);
#740=ORIENTED_EDGE('',*,*,#868,.F.);
#741=ORIENTED_EDGE('',*,*,#1077,.F.);
#742=ORIENTED_EDGE('',*,*,#898,.T.);
#743=ORIENTED_EDGE('',*,*,#1078,.T.);
#744=ORIENTED_EDGE('',*,*,#869,.T.);
#745=ORIENTED_EDGE('',*,*,#1078,.F.);
#746=ORIENTED_EDGE('',*,*,#897,.F.);
#747=ORIENTED_EDGE('',*,*,#1079,.T.);
#748=ORIENTED_EDGE('',*,*,#1040,.F.);
#749=ORIENTED_EDGE('',*,*,#1039,.T.);
#750=ORIENTED_EDGE('',*,*,#1075,.F.);
#751=ORIENTED_EDGE('',*,*,#967,.F.);
#752=ORIENTED_EDGE('',*,*,#1080,.F.);
#753=ORIENTED_EDGE('',*,*,#908,.F.);
#754=ORIENTED_EDGE('',*,*,#1080,.T.);
#755=ORIENTED_EDGE('',*,*,#963,.F.);
#756=ORIENTED_EDGE('',*,*,#932,.F.);
#757=ORIENTED_EDGE('',*,*,#909,.F.);
#758=ORIENTED_EDGE('',*,*,#937,.T.);
#759=ORIENTED_EDGE('',*,*,#1011,.F.);
#760=ORIENTED_EDGE('',*,*,#1081,.F.);
#761=ORIENTED_EDGE('',*,*,#915,.F.);
#762=ORIENTED_EDGE('',*,*,#1069,.F.);
#763=ORIENTED_EDGE('',*,*,#913,.F.);
#764=ORIENTED_EDGE('',*,*,#1081,.T.);
#765=ORIENTED_EDGE('',*,*,#1014,.F.);
#766=ORIENTED_EDGE('',*,*,#1082,.F.);
#767=ORIENTED_EDGE('',*,*,#916,.F.);
#768=ORIENTED_EDGE('',*,*,#1082,.T.);
#769=ORIENTED_EDGE('',*,*,#1017,.F.);
#770=ORIENTED_EDGE('',*,*,#1083,.F.);
#771=ORIENTED_EDGE('',*,*,#919,.F.);
#772=ORIENTED_EDGE('',*,*,#1068,.F.);
#773=ORIENTED_EDGE('',*,*,#917,.F.);
#774=ORIENTED_EDGE('',*,*,#1083,.T.);
#775=ORIENTED_EDGE('',*,*,#1020,.F.);
#776=ORIENTED_EDGE('',*,*,#1084,.F.);
#777=ORIENTED_EDGE('',*,*,#920,.F.);
#778=ORIENTED_EDGE('',*,*,#1084,.T.);
#779=ORIENTED_EDGE('',*,*,#1027,.F.);
#780=ORIENTED_EDGE('',*,*,#1085,.F.);
#781=ORIENTED_EDGE('',*,*,#923,.F.);
#782=ORIENTED_EDGE('',*,*,#1070,.F.);
#783=ORIENTED_EDGE('',*,*,#921,.F.);
#784=ORIENTED_EDGE('',*,*,#1085,.T.);
#785=ORIENTED_EDGE('',*,*,#1030,.F.);
#786=ORIENTED_EDGE('',*,*,#1086,.F.);
#787=ORIENTED_EDGE('',*,*,#924,.F.);
#788=ORIENTED_EDGE('',*,*,#1086,.T.);
#789=ORIENTED_EDGE('',*,*,#1032,.F.);
#790=ORIENTED_EDGE('',*,*,#1087,.F.);
#791=ORIENTED_EDGE('',*,*,#927,.F.);
#792=ORIENTED_EDGE('',*,*,#1071,.F.);
#793=ORIENTED_EDGE('',*,*,#925,.F.);
#794=ORIENTED_EDGE('',*,*,#1088,.F.);
#795=ORIENTED_EDGE('',*,*,#1089,.T.);
#796=ORIENTED_EDGE('',*,*,#892,.F.);
#797=ORIENTED_EDGE('',*,*,#1087,.T.);
#798=ORIENTED_EDGE('',*,*,#946,.F.);
#799=ORIENTED_EDGE('',*,*,#894,.F.);
#800=ORIENTED_EDGE('',*,*,#1090,.T.);
#801=ORIENTED_EDGE('',*,*,#1088,.T.);
#802=ORIENTED_EDGE('',*,*,#957,.F.);
#803=ORIENTED_EDGE('',*,*,#1091,.F.);
#804=ORIENTED_EDGE('',*,*,#1091,.T.);
#805=ORIENTED_EDGE('',*,*,#954,.F.);
#806=ORIENTED_EDGE('',*,*,#1092,.F.);
#807=ORIENTED_EDGE('',*,*,#895,.F.);
#808=ORIENTED_EDGE('',*,*,#1079,.F.);
#809=ORIENTED_EDGE('',*,*,#896,.F.);
#810=ORIENTED_EDGE('',*,*,#1092,.T.);
#811=ORIENTED_EDGE('',*,*,#960,.F.);
#812=ORIENTED_EDGE('',*,*,#846,.T.);
#813=ORIENTED_EDGE('',*,*,#1089,.F.);
#814=ORIENTED_EDGE('',*,*,#1090,.F.);
#815=ORIENTED_EDGE('',*,*,#893,.F.);
#816=ORIENTED_EDGE('',*,*,#849,.F.);
#817=ORIENTED_EDGE('',*,*,#911,.T.);
#818=ORIENTED_EDGE('',*,*,#931,.T.);
#819=ORIENTED_EDGE('',*,*,#935,.T.);
#820=ORIENTED_EDGE('',*,*,#877,.T.);
#821=ORIENTED_EDGE('',*,*,#891,.F.);
#822=ORIENTED_EDGE('',*,*,#878,.F.);
#823=ORIENTED_EDGE('',*,*,#884,.T.);
#824=ORIENTED_EDGE('',*,*,#879,.F.);
#825=ORIENTED_EDGE('',*,*,#928,.T.);
#826=ORIENTED_EDGE('',*,*,#848,.F.);
#827=ORIENTED_EDGE('',*,*,#929,.T.);
#828=ORIENTED_EDGE('',*,*,#880,.F.);
#829=ORIENTED_EDGE('',*,*,#930,.T.);
#830=ORIENTED_EDGE('',*,*,#847,.T.);
#831=ORIENTED_EDGE('',*,*,#883,.F.);
#832=ORIENTED_EDGE('',*,*,#845,.T.);
#833=ORIENTED_EDGE('',*,*,#882,.F.);
#834=ORIENTED_EDGE('',*,*,#844,.T.);
#835=ORIENTED_EDGE('',*,*,#881,.F.);
#836=ORIENTED_EDGE('',*,*,#904,.F.);
#837=ORIENTED_EDGE('',*,*,#1067,.F.);
#838=ORIENTED_EDGE('',*,*,#874,.F.);
#839=ORIENTED_EDGE('',*,*,#1074,.F.);
#840=ORIENTED_EDGE('',*,*,#900,.F.);
#841=ORIENTED_EDGE('',*,*,#1076,.F.);
#842=ORIENTED_EDGE('',*,*,#866,.F.);
#843=ORIENTED_EDGE('',*,*,#1066,.F.);
#844=EDGE_CURVE('',#1093,#1093,#1269,.T.);
#845=EDGE_CURVE('',#1094,#1094,#1270,.T.);
#846=EDGE_CURVE('',#1095,#1095,#1271,.T.);
#847=EDGE_CURVE('',#1096,#1096,#1272,.T.);
#848=EDGE_CURVE('',#1097,#1097,#1273,.T.);
#849=EDGE_CURVE('',#1098,#1098,#1274,.T.);
#850=EDGE_CURVE('',#1099,#1099,#1275,.T.);
#851=EDGE_CURVE('',#1100,#1100,#1276,.T.);
#852=EDGE_CURVE('',#1101,#1101,#1277,.T.);
#853=EDGE_CURVE('',#1102,#1102,#1278,.T.);
#854=EDGE_CURVE('',#1103,#1103,#1279,.T.);
#855=EDGE_CURVE('',#1104,#1104,#1280,.T.);
#856=EDGE_CURVE('',#1105,#1105,#1281,.T.);
#857=EDGE_CURVE('',#1106,#1106,#1282,.T.);
#858=EDGE_CURVE('',#1107,#1107,#1283,.T.);
#859=EDGE_CURVE('',#1108,#1108,#1284,.T.);
#860=EDGE_CURVE('',#1109,#1109,#1285,.T.);
#861=EDGE_CURVE('',#1110,#1110,#1286,.T.);
#862=EDGE_CURVE('',#1111,#1111,#1287,.T.);
#863=EDGE_CURVE('',#1112,#1112,#1288,.T.);
#864=EDGE_CURVE('',#1113,#1113,#1289,.T.);
#865=EDGE_CURVE('',#1114,#1115,#1290,.T.);
#866=EDGE_CURVE('',#1114,#1116,#1291,.F.);
#867=EDGE_CURVE('',#1116,#1117,#76,.T.);
#868=EDGE_CURVE('',#1117,#1118,#1292,.T.);
#869=EDGE_CURVE('',#1119,#1118,#77,.T.);
#870=EDGE_CURVE('',#1120,#1119,#78,.T.);
#871=EDGE_CURVE('',#1120,#1121,#79,.T.);
#872=EDGE_CURVE('',#1122,#1121,#1293,.T.);
#873=EDGE_CURVE('',#1123,#1122,#80,.T.);
#874=EDGE_CURVE('',#1123,#1124,#1294,.F.);
#875=EDGE_CURVE('',#1124,#1125,#1295,.T.);
#876=EDGE_CURVE('',#1115,#1125,#81,.T.);
#877=EDGE_CURVE('',#1126,#1126,#1296,.T.);
#878=EDGE_CURVE('',#1127,#1127,#1297,.T.);
#879=EDGE_CURVE('',#1128,#1128,#1298,.T.);
#880=EDGE_CURVE('',#1129,#1129,#1299,.T.);
#881=EDGE_CURVE('',#1130,#1130,#1300,.T.);
#882=EDGE_CURVE('',#1131,#1131,#1301,.T.);
#883=EDGE_CURVE('',#1132,#1132,#1302,.T.);
#884=EDGE_CURVE('',#1133,#1133,#1303,.F.);
#885=EDGE_CURVE('',#1134,#1134,#1304,.T.);
#886=EDGE_CURVE('',#1135,#1135,#1305,.T.);
#887=EDGE_CURVE('',#1136,#1136,#1306,.F.);
#888=EDGE_CURVE('',#1137,#1137,#1307,.F.);
#889=EDGE_CURVE('',#1138,#1138,#1308,.F.);
#890=EDGE_CURVE('',#1139,#1139,#1309,.T.);
#891=EDGE_CURVE('',#1140,#1140,#1310,.T.);
#892=EDGE_CURVE('',#1141,#1142,#82,.F.);
#893=EDGE_CURVE('',#1142,#1143,#1311,.T.);
#894=EDGE_CURVE('',#1143,#1144,#1312,.T.);
#895=EDGE_CURVE('',#1144,#1145,#83,.F.);
#896=EDGE_CURVE('',#1145,#1146,#1313,.T.);
#897=EDGE_CURVE('',#1146,#1147,#84,.T.);
#898=EDGE_CURVE('',#1148,#1147,#1314,.T.);
#899=EDGE_CURVE('',#1149,#1148,#85,.T.);
#900=EDGE_CURVE('',#1149,#1150,#1315,.T.);
#901=EDGE_CURVE('',#1150,#1151,#1316,.T.);
#902=EDGE_CURVE('',#1151,#1152,#86,.T.);
#903=EDGE_CURVE('',#1153,#1152,#1317,.T.);
#904=EDGE_CURVE('',#1153,#1154,#1318,.T.);
#905=EDGE_CURVE('',#1154,#1155,#87,.T.);
#906=EDGE_CURVE('',#1155,#1156,#1319,.T.);
#907=EDGE_CURVE('',#1157,#1156,#88,.T.);
#908=EDGE_CURVE('',#1157,#1158,#1320,.T.);
#909=EDGE_CURVE('',#1158,#1159,#89,.F.);
#910=EDGE_CURVE('',#1159,#1160,#1321,.T.);
#911=EDGE_CURVE('',#1161,#1160,#1322,.F.);
#912=EDGE_CURVE('',#1161,#1162,#90,.F.);
#913=EDGE_CURVE('',#1162,#1163,#1323,.T.);
#914=EDGE_CURVE('',#1164,#1163,#1324,.F.);
#915=EDGE_CURVE('',#1164,#1165,#1325,.T.);
#916=EDGE_CURVE('',#1165,#1166,#91,.F.);
#917=EDGE_CURVE('',#1166,#1167,#1326,.T.);
#918=EDGE_CURVE('',#1168,#1167,#1327,.F.);
#919=EDGE_CURVE('',#1168,#1169,#1328,.T.);
#920=EDGE_CURVE('',#1169,#1170,#92,.F.);
#921=EDGE_CURVE('',#1170,#1171,#1329,.T.);
#922=EDGE_CURVE('',#1171,#1172,#1330,.T.);
#923=EDGE_CURVE('',#1172,#1173,#1331,.T.);
#924=EDGE_CURVE('',#1173,#1174,#93,.F.);
#925=EDGE_CURVE('',#1174,#1175,#1332,.T.);
#926=EDGE_CURVE('',#1175,#1176,#1333,.T.);
#927=EDGE_CURVE('',#1176,#1141,#1334,.T.);
#928=EDGE_CURVE('',#1177,#1177,#1335,.F.);
#929=EDGE_CURVE('',#1178,#1178,#1336,.F.);
#930=EDGE_CURVE('',#1179,#1179,#1337,.F.);
#931=EDGE_CURVE('',#1160,#1180,#58,.T.);
#932=EDGE_CURVE('',#1159,#1181,#1338,.T.);
#933=EDGE_CURVE('',#1182,#1181,#1339,.F.);
#934=EDGE_CURVE('',#1180,#1182,#1340,.T.);
#935=EDGE_CURVE('',#1180,#1161,#59,.T.);
#936=EDGE_CURVE('',#1183,#1182,#94,.T.);
#937=EDGE_CURVE('',#1162,#1183,#1341,.T.);
#938=EDGE_CURVE('',#1183,#1184,#95,.T.);
#939=EDGE_CURVE('',#1182,#1185,#96,.T.);
#940=EDGE_CURVE('',#1186,#1185,#97,.T.);
#941=EDGE_CURVE('',#1186,#1187,#98,.T.);
#942=EDGE_CURVE('',#1187,#1188,#99,.T.);
#943=EDGE_CURVE('',#1189,#1188,#100,.T.);
#944=EDGE_CURVE('',#1184,#1189,#101,.T.);
#945=EDGE_CURVE('',#1190,#1191,#102,.T.);
#946=EDGE_CURVE('',#1190,#1192,#103,.T.);
#947=EDGE_CURVE('',#1193,#1192,#104,.T.);
#948=EDGE_CURVE('',#1194,#1193,#105,.T.);
#949=EDGE_CURVE('',#1194,#1195,#106,.T.);
#950=EDGE_CURVE('',#1195,#1196,#107,.T.);
#951=EDGE_CURVE('',#1197,#1196,#108,.T.);
#952=EDGE_CURVE('',#1191,#1197,#109,.T.);
#953=EDGE_CURVE('',#1198,#1199,#110,.T.);
#954=EDGE_CURVE('',#1198,#1200,#111,.T.);
#955=EDGE_CURVE('',#1200,#1201,#112,.T.);
#956=EDGE_CURVE('',#1199,#1201,#113,.T.);
#957=EDGE_CURVE('',#1200,#1190,#1342,.F.);
#958=EDGE_CURVE('',#1201,#1191,#1343,.T.);
#959=EDGE_CURVE('',#1202,#1203,#114,.T.);
#960=EDGE_CURVE('',#1203,#1198,#1344,.F.);
#961=EDGE_CURVE('',#1202,#1199,#1345,.T.);
#962=EDGE_CURVE('',#1181,#1204,#115,.T.);
#963=EDGE_CURVE('',#1181,#1205,#116,.T.);
#964=EDGE_CURVE('',#1205,#1206,#117,.T.);
#965=EDGE_CURVE('',#1204,#1206,#118,.T.);
#966=EDGE_CURVE('',#1185,#1204,#1346,.T.);
#967=EDGE_CURVE('',#1205,#1207,#1347,.F.);
#968=EDGE_CURVE('',#1207,#1208,#119,.T.);
#969=EDGE_CURVE('',#1206,#1208,#1348,.T.);
#970=EDGE_CURVE('',#1209,#1210,#120,.T.);
#971=EDGE_CURVE('',#1210,#1211,#121,.T.);
#972=EDGE_CURVE('',#1211,#1212,#122,.T.);
#973=EDGE_CURVE('',#1212,#1209,#123,.T.);
#974=EDGE_CURVE('',#1213,#1214,#124,.T.);
#975=EDGE_CURVE('',#1214,#1215,#125,.T.);
#976=EDGE_CURVE('',#1215,#1216,#126,.T.);
#977=EDGE_CURVE('',#1216,#1213,#127,.T.);
#978=EDGE_CURVE('',#1217,#1218,#128,.T.);
#979=EDGE_CURVE('',#1218,#1219,#129,.T.);
#980=EDGE_CURVE('',#1219,#1220,#130,.T.);
#981=EDGE_CURVE('',#1220,#1217,#131,.T.);
#982=EDGE_CURVE('',#1221,#1222,#132,.T.);
#983=EDGE_CURVE('',#1222,#1223,#133,.T.);
#984=EDGE_CURVE('',#1223,#1224,#134,.T.);
#985=EDGE_CURVE('',#1224,#1221,#135,.T.);
#986=EDGE_CURVE('',#1211,#1214,#136,.T.);
#987=EDGE_CURVE('',#1213,#1225,#137,.T.);
#988=EDGE_CURVE('',#1225,#1226,#138,.T.);
#989=EDGE_CURVE('',#1227,#1226,#139,.T.);
#990=EDGE_CURVE('',#1228,#1227,#140,.T.);
#991=EDGE_CURVE('',#1228,#1212,#141,.T.);
#992=EDGE_CURVE('',#1219,#1210,#142,.T.);
#993=EDGE_CURVE('',#1209,#1229,#143,.T.);
#994=EDGE_CURVE('',#1229,#1230,#144,.T.);
#995=EDGE_CURVE('',#1231,#1230,#145,.T.);
#996=EDGE_CURVE('',#1232,#1231,#146,.T.);
#997=EDGE_CURVE('',#1232,#1220,#147,.T.);
#998=EDGE_CURVE('',#1223,#1218,#148,.T.);
#999=EDGE_CURVE('',#1217,#1233,#149,.T.);
#1000=EDGE_CURVE('',#1233,#1234,#150,.T.);
#1001=EDGE_CURVE('',#1235,#1234,#151,.T.);
#1002=EDGE_CURVE('',#1236,#1235,#152,.T.);
#1003=EDGE_CURVE('',#1236,#1224,#153,.T.);
#1004=EDGE_CURVE('',#1215,#1222,#154,.T.);
#1005=EDGE_CURVE('',#1221,#1237,#155,.T.);
#1006=EDGE_CURVE('',#1237,#1238,#156,.T.);
#1007=EDGE_CURVE('',#1239,#1238,#157,.T.);
#1008=EDGE_CURVE('',#1240,#1239,#158,.T.);
#1009=EDGE_CURVE('',#1240,#1216,#159,.T.);
#1010=EDGE_CURVE('',#1241,#1242,#160,.T.);
#1011=EDGE_CURVE('',#1242,#1183,#1349,.F.);
#1012=EDGE_CURVE('',#1241,#1184,#1350,.T.);
#1013=EDGE_CURVE('',#1243,#1244,#161,.T.);
#1014=EDGE_CURVE('',#1243,#1242,#162,.T.);
#1015=EDGE_CURVE('',#1244,#1241,#163,.T.);
#1016=EDGE_CURVE('',#1245,#1246,#164,.T.);
#1017=EDGE_CURVE('',#1246,#1243,#1351,.F.);
#1018=EDGE_CURVE('',#1245,#1244,#1352,.T.);
#1019=EDGE_CURVE('',#1247,#1248,#165,.T.);
#1020=EDGE_CURVE('',#1247,#1246,#166,.T.);
#1021=EDGE_CURVE('',#1249,#1245,#167,.T.);
#1022=EDGE_CURVE('',#1249,#1250,#168,.T.);
#1023=EDGE_CURVE('',#1250,#1251,#169,.T.);
#1024=EDGE_CURVE('',#1252,#1251,#170,.T.);
#1025=EDGE_CURVE('',#1248,#1252,#171,.T.);
#1026=EDGE_CURVE('',#1253,#1254,#172,.T.);
#1027=EDGE_CURVE('',#1254,#1247,#1353,.F.);
#1028=EDGE_CURVE('',#1253,#1248,#1354,.T.);
#1029=EDGE_CURVE('',#1255,#1256,#173,.T.);
#1030=EDGE_CURVE('',#1255,#1254,#174,.T.);
#1031=EDGE_CURVE('',#1256,#1253,#175,.T.);
#1032=EDGE_CURVE('',#1192,#1255,#1355,.F.);
#1033=EDGE_CURVE('',#1193,#1256,#1356,.T.);
#1034=EDGE_CURVE('',#1257,#1257,#1357,.T.);
#1035=EDGE_CURVE('',#1258,#1258,#1358,.T.);
#1036=EDGE_CURVE('',#1259,#1259,#1359,.T.);
#1037=EDGE_CURVE('',#1260,#1260,#1360,.T.);
#1038=EDGE_CURVE('',#1261,#1261,#1361,.T.);
#1039=EDGE_CURVE('',#1262,#1119,#176,.T.);
#1040=EDGE_CURVE('',#1262,#1203,#177,.T.);
#1041=EDGE_CURVE('',#1263,#1202,#178,.T.);
#1042=EDGE_CURVE('',#1263,#1264,#179,.T.);
#1043=EDGE_CURVE('',#1264,#1265,#180,.T.);
#1044=EDGE_CURVE('',#1266,#1265,#181,.T.);
#1045=EDGE_CURVE('',#1208,#1266,#182,.T.);
#1046=EDGE_CURVE('',#1267,#1207,#183,.T.);
#1047=EDGE_CURVE('',#1120,#1267,#184,.T.);
#1048=EDGE_CURVE('',#1265,#1238,#185,.T.);
#1049=EDGE_CURVE('',#1264,#1239,#186,.T.);
#1050=EDGE_CURVE('',#1263,#1240,#187,.T.);
#1051=EDGE_CURVE('',#1187,#1235,#188,.T.);
#1052=EDGE_CURVE('',#1236,#1186,#189,.T.);
#1053=EDGE_CURVE('',#1237,#1266,#190,.T.);
#1054=EDGE_CURVE('',#1234,#1188,#191,.T.);
#1055=EDGE_CURVE('',#1233,#1189,#192,.T.);
#1056=EDGE_CURVE('',#1250,#1231,#193,.T.);
#1057=EDGE_CURVE('',#1232,#1249,#194,.T.);
#1058=EDGE_CURVE('',#1230,#1251,#195,.T.);
#1059=EDGE_CURVE('',#1227,#1195,#196,.T.);
#1060=EDGE_CURVE('',#1228,#1194,#197,.T.);
#1061=EDGE_CURVE('',#1252,#1229,#198,.T.);
#1062=EDGE_CURVE('',#1196,#1226,#199,.T.);
#1063=EDGE_CURVE('',#1197,#1225,#200,.T.);
#1064=EDGE_CURVE('',#1152,#1125,#201,.T.);
#1065=EDGE_CURVE('',#1151,#1115,#202,.T.);
#1066=EDGE_CURVE('',#1150,#1114,#203,.T.);
#1067=EDGE_CURVE('',#1124,#1153,#204,.F.);
#1068=EDGE_CURVE('',#1167,#1168,#60,.T.);
#1069=EDGE_CURVE('',#1163,#1164,#61,.T.);
#1070=EDGE_CURVE('',#1171,#1172,#62,.T.);
#1071=EDGE_CURVE('',#1175,#1176,#63,.T.);
#1072=EDGE_CURVE('',#1156,#1121,#205,.T.);
#1073=EDGE_CURVE('',#1155,#1122,#206,.T.);
#1074=EDGE_CURVE('',#1154,#1123,#207,.T.);
#1075=EDGE_CURVE('',#1207,#1157,#64,.T.);
#1076=EDGE_CURVE('',#1116,#1149,#208,.F.);
#1077=EDGE_CURVE('',#1148,#1117,#209,.T.);
#1078=EDGE_CURVE('',#1147,#1118,#210,.T.);
#1079=EDGE_CURVE('',#1146,#1203,#65,.T.);
#1080=EDGE_CURVE('',#1158,#1205,#1362,.T.);
#1081=EDGE_CURVE('',#1165,#1242,#1363,.T.);
#1082=EDGE_CURVE('',#1166,#1243,#1364,.T.);
#1083=EDGE_CURVE('',#1169,#1246,#1365,.T.);
#1084=EDGE_CURVE('',#1170,#1247,#1366,.T.);
#1085=EDGE_CURVE('',#1173,#1254,#1367,.T.);
#1086=EDGE_CURVE('',#1174,#1255,#1368,.T.);
#1087=EDGE_CURVE('',#1141,#1192,#1369,.T.);
#1088=EDGE_CURVE('',#1268,#1190,#1370,.T.);
#1089=EDGE_CURVE('',#1268,#1142,#66,.T.);
#1090=EDGE_CURVE('',#1143,#1268,#67,.T.);
#1091=EDGE_CURVE('',#1144,#1200,#1371,.T.);
#1092=EDGE_CURVE('',#1145,#1198,#1372,.T.);
#1093=VERTEX_POINT('',#2580);
#1094=VERTEX_POINT('',#2582);
#1095=VERTEX_POINT('',#2584);
#1096=VERTEX_POINT('',#2586);
#1097=VERTEX_POINT('',#2588);
#1098=VERTEX_POINT('',#2590);
#1099=VERTEX_POINT('',#2592);
#1100=VERTEX_POINT('',#2594);
#1101=VERTEX_POINT('',#2596);
#1102=VERTEX_POINT('',#2598);
#1103=VERTEX_POINT('',#2600);
#1104=VERTEX_POINT('',#2602);
#1105=VERTEX_POINT('',#2604);
#1106=VERTEX_POINT('',#2606);
#1107=VERTEX_POINT('',#2608);
#1108=VERTEX_POINT('',#2610);
#1109=VERTEX_POINT('',#2612);
#1110=VERTEX_POINT('',#2614);
#1111=VERTEX_POINT('',#2616);
#1112=VERTEX_POINT('',#2618);
#1113=VERTEX_POINT('',#2620);
#1114=VERTEX_POINT('',#2622);
#1115=VERTEX_POINT('',#2623);
#1116=VERTEX_POINT('',#2625);
#1117=VERTEX_POINT('',#2627);
#1118=VERTEX_POINT('',#2629);
#1119=VERTEX_POINT('',#2631);
#1120=VERTEX_POINT('',#2633);
#1121=VERTEX_POINT('',#2635);
#1122=VERTEX_POINT('',#2637);
#1123=VERTEX_POINT('',#2639);
#1124=VERTEX_POINT('',#2641);
#1125=VERTEX_POINT('',#2643);
#1126=VERTEX_POINT('',#2646);
#1127=VERTEX_POINT('',#2648);
#1128=VERTEX_POINT('',#2650);
#1129=VERTEX_POINT('',#2652);
#1130=VERTEX_POINT('',#2655);
#1131=VERTEX_POINT('',#2657);
#1132=VERTEX_POINT('',#2659);
#1133=VERTEX_POINT('',#2661);
#1134=VERTEX_POINT('',#2663);
#1135=VERTEX_POINT('',#2665);
#1136=VERTEX_POINT('',#2667);
#1137=VERTEX_POINT('',#2669);
#1138=VERTEX_POINT('',#2671);
#1139=VERTEX_POINT('',#2673);
#1140=VERTEX_POINT('',#2675);
#1141=VERTEX_POINT('',#2677);
#1142=VERTEX_POINT('',#2678);
#1143=VERTEX_POINT('',#2680);
#1144=VERTEX_POINT('',#2682);
#1145=VERTEX_POINT('',#2684);
#1146=VERTEX_POINT('',#2686);
#1147=VERTEX_POINT('',#2688);
#1148=VERTEX_POINT('',#2690);
#1149=VERTEX_POINT('',#2692);
#1150=VERTEX_POINT('',#2694);
#1151=VERTEX_POINT('',#2696);
#1152=VERTEX_POINT('',#2698);
#1153=VERTEX_POINT('',#2700);
#1154=VERTEX_POINT('',#2702);
#1155=VERTEX_POINT('',#2704);
#1156=VERTEX_POINT('',#2706);
#1157=VERTEX_POINT('',#2708);
#1158=VERTEX_POINT('',#2710);
#1159=VERTEX_POINT('',#2712);
#1160=VERTEX_POINT('',#2714);
#1161=VERTEX_POINT('',#2716);
#1162=VERTEX_POINT('',#2718);
#1163=VERTEX_POINT('',#2720);
#1164=VERTEX_POINT('',#2722);
#1165=VERTEX_POINT('',#2724);
#1166=VERTEX_POINT('',#2726);
#1167=VERTEX_POINT('',#2728);
#1168=VERTEX_POINT('',#2730);
#1169=VERTEX_POINT('',#2732);
#1170=VERTEX_POINT('',#2734);
#1171=VERTEX_POINT('',#2736);
#1172=VERTEX_POINT('',#2738);
#1173=VERTEX_POINT('',#2740);
#1174=VERTEX_POINT('',#2742);
#1175=VERTEX_POINT('',#2744);
#1176=VERTEX_POINT('',#2746);
#1177=VERTEX_POINT('',#2749);
#1178=VERTEX_POINT('',#2751);
#1179=VERTEX_POINT('',#2753);
#1180=VERTEX_POINT('',#2759);
#1181=VERTEX_POINT('',#2761);
#1182=VERTEX_POINT('',#2763);
#1183=VERTEX_POINT('',#2775);
#1184=VERTEX_POINT('',#2779);
#1185=VERTEX_POINT('',#2781);
#1186=VERTEX_POINT('',#2783);
#1187=VERTEX_POINT('',#2785);
#1188=VERTEX_POINT('',#2787);
#1189=VERTEX_POINT('',#2789);
#1190=VERTEX_POINT('',#2793);
#1191=VERTEX_POINT('',#2794);
#1192=VERTEX_POINT('',#2796);
#1193=VERTEX_POINT('',#2798);
#1194=VERTEX_POINT('',#2800);
#1195=VERTEX_POINT('',#2802);
#1196=VERTEX_POINT('',#2804);
#1197=VERTEX_POINT('',#2806);
#1198=VERTEX_POINT('',#2810);
#1199=VERTEX_POINT('',#2811);
#1200=VERTEX_POINT('',#2813);
#1201=VERTEX_POINT('',#2815);
#1202=VERTEX_POINT('',#2822);
#1203=VERTEX_POINT('',#2823);
#1204=VERTEX_POINT('',#2828);
#1205=VERTEX_POINT('',#2830);
#1206=VERTEX_POINT('',#2832);
#1207=VERTEX_POINT('',#2838);
#1208=VERTEX_POINT('',#2840);
#1209=VERTEX_POINT('',#2844);
#1210=VERTEX_POINT('',#2845);
#1211=VERTEX_POINT('',#2847);
#1212=VERTEX_POINT('',#2849);
#1213=VERTEX_POINT('',#2853);
#1214=VERTEX_POINT('',#2854);
#1215=VERTEX_POINT('',#2856);
#1216=VERTEX_POINT('',#2858);
#1217=VERTEX_POINT('',#2862);
#1218=VERTEX_POINT('',#2863);
#1219=VERTEX_POINT('',#2865);
#1220=VERTEX_POINT('',#2867);
#1221=VERTEX_POINT('',#2871);
#1222=VERTEX_POINT('',#2872);
#1223=VERTEX_POINT('',#2874);
#1224=VERTEX_POINT('',#2876);
#1225=VERTEX_POINT('',#2881);
#1226=VERTEX_POINT('',#2883);
#1227=VERTEX_POINT('',#2885);
#1228=VERTEX_POINT('',#2887);
#1229=VERTEX_POINT('',#2892);
#1230=VERTEX_POINT('',#2894);
#1231=VERTEX_POINT('',#2896);
#1232=VERTEX_POINT('',#2898);
#1233=VERTEX_POINT('',#2903);
#1234=VERTEX_POINT('',#2905);
#1235=VERTEX_POINT('',#2907);
#1236=VERTEX_POINT('',#2909);
#1237=VERTEX_POINT('',#2914);
#1238=VERTEX_POINT('',#2916);
#1239=VERTEX_POINT('',#2918);
#1240=VERTEX_POINT('',#2920);
#1241=VERTEX_POINT('',#2924);
#1242=VERTEX_POINT('',#2925);
#1243=VERTEX_POINT('',#2930);
#1244=VERTEX_POINT('',#2931);
#1245=VERTEX_POINT('',#2936);
#1246=VERTEX_POINT('',#2937);
#1247=VERTEX_POINT('',#2942);
#1248=VERTEX_POINT('',#2943);
#1249=VERTEX_POINT('',#2946);
#1250=VERTEX_POINT('',#2948);
#1251=VERTEX_POINT('',#2950);
#1252=VERTEX_POINT('',#2952);
#1253=VERTEX_POINT('',#2956);
#1254=VERTEX_POINT('',#2957);
#1255=VERTEX_POINT('',#2962);
#1256=VERTEX_POINT('',#2963);
#1257=VERTEX_POINT('',#2971);
#1258=VERTEX_POINT('',#2974);
#1259=VERTEX_POINT('',#2977);
#1260=VERTEX_POINT('',#2980);
#1261=VERTEX_POINT('',#2983);
#1262=VERTEX_POINT('',#2986);
#1263=VERTEX_POINT('',#2989);
#1264=VERTEX_POINT('',#2991);
#1265=VERTEX_POINT('',#2993);
#1266=VERTEX_POINT('',#2995);
#1267=VERTEX_POINT('',#2998);
#1268=VERTEX_POINT('',#3112);
#1269=CIRCLE('',#1847,0.00195);
#1270=CIRCLE('',#1848,0.00195);
#1271=CIRCLE('',#1849,0.00195);
#1272=CIRCLE('',#1850,0.00195);
#1273=CIRCLE('',#1851,0.00195);
#1274=CIRCLE('',#1852,0.00195);
#1275=CIRCLE('',#1853,0.00195);
#1276=CIRCLE('',#1854,0.00195);
#1277=CIRCLE('',#1855,0.00195);
#1278=CIRCLE('',#1856,0.00195);
#1279=CIRCLE('',#1857,0.0045);
#1280=CIRCLE('',#1858,0.00195);
#1281=CIRCLE('',#1859,0.00195);
#1282=CIRCLE('',#1860,0.00195);
#1283=CIRCLE('',#1861,0.0045);
#1284=CIRCLE('',#1862,0.00195);
#1285=CIRCLE('',#1863,0.00185368060845643);
#1286=CIRCLE('',#1864,0.00185368060845669);
#1287=CIRCLE('',#1865,0.00185368060845646);
#1288=CIRCLE('',#1866,0.00185368060845644);
#1289=CIRCLE('',#1867,0.0115);
#1290=CIRCLE('',#1868,0.02);
#1291=CIRCLE('',#1869,0.005);
#1292=CIRCLE('',#1870,0.02);
#1293=CIRCLE('',#1871,0.02);
#1294=CIRCLE('',#1872,0.005);
#1295=CIRCLE('',#1873,0.02);
#1296=CIRCLE('',#1874,0.0045);
#1297=CIRCLE('',#1875,0.00195);
#1298=CIRCLE('',#1876,0.0045);
#1299=CIRCLE('',#1877,0.00195);
#1300=CIRCLE('',#1879,0.00195);
#1301=CIRCLE('',#1880,0.00195);
#1302=CIRCLE('',#1881,0.00195);
#1303=CIRCLE('',#1882,0.00195);
#1304=CIRCLE('',#1883,0.00195);
#1305=CIRCLE('',#1884,0.00195);
#1306=CIRCLE('',#1885,0.00195);
#1307=CIRCLE('',#1886,0.00195);
#1308=CIRCLE('',#1887,0.0045);
#1309=CIRCLE('',#1888,0.0045);
#1310=CIRCLE('',#1889,0.0045);
#1311=CIRCLE('',#1890,0.00195);
#1312=CIRCLE('',#1891,0.00999999999999908);
#1313=CIRCLE('',#1892,0.00999999999999682);
#1314=CIRCLE('',#1893,0.02);
#1315=CIRCLE('',#1894,0.005);
#1316=CIRCLE('',#1895,0.02);
#1317=CIRCLE('',#1896,0.02);
#1318=CIRCLE('',#1897,0.005);
#1319=CIRCLE('',#1898,0.02);
#1320=CIRCLE('',#1899,0.00999999999999683);
#1321=CIRCLE('',#1900,0.00999999999999953);
#1322=CIRCLE('',#1901,0.00195);
#1323=CIRCLE('',#1902,0.0100000000000019);
#1324=CIRCLE('',#1903,0.00195);
#1325=CIRCLE('',#1904,0.0100000000000019);
#1326=CIRCLE('',#1905,0.00999999999999932);
#1327=CIRCLE('',#1906,0.00195);
#1328=CIRCLE('',#1907,0.00999999999999932);
#1329=CIRCLE('',#1908,0.00999999999999888);
#1330=CIRCLE('',#1909,0.00195);
#1331=CIRCLE('',#1910,0.00999999999999888);
#1332=CIRCLE('',#1911,0.00999999999999929);
#1333=CIRCLE('',#1912,0.00195);
#1334=CIRCLE('',#1913,0.00999999999999929);
#1335=CIRCLE('',#1914,0.0045);
#1336=CIRCLE('',#1915,0.00195);
#1337=CIRCLE('',#1916,0.00195);
#1338=CIRCLE('',#1918,0.007);
#1339=CIRCLE('',#1919,0.00299999999999953);
#1340=CIRCLE('',#1920,0.007);
#1341=CIRCLE('',#1922,0.007);
#1342=CIRCLE('',#1927,0.00299999999999908);
#1343=CIRCLE('',#1928,0.003);
#1344=CIRCLE('',#1930,0.00299999999999682);
#1345=CIRCLE('',#1931,0.00299999999999932);
#1346=CIRCLE('',#1934,0.00299999999999876);
#1347=CIRCLE('',#1936,0.00299999999999683);
#1348=CIRCLE('',#1937,0.00299999999999932);
#1349=CIRCLE('',#1947,0.00300000000000189);
#1350=CIRCLE('',#1948,0.003000000000002);
#1351=CIRCLE('',#1951,0.00299999999999932);
#1352=CIRCLE('',#1952,0.00300000000000068);
#1353=CIRCLE('',#1955,0.00299999999999888);
#1354=CIRCLE('',#1956,0.00300000000000069);
#1355=CIRCLE('',#1959,0.00299999999999929);
#1356=CIRCLE('',#1960,0.00300000000000026);
#1357=CIRCLE('',#1962,0.0115);
#1358=CIRCLE('',#1964,0.00185368060845644);
#1359=CIRCLE('',#1966,0.00185368060845646);
#1360=CIRCLE('',#1968,0.00185368060845669);
#1361=CIRCLE('',#1970,0.00185368060845643);
#1362=CIRCLE('',#2009,0.007);
#1363=CIRCLE('',#2012,0.007);
#1364=CIRCLE('',#2014,0.007);
#1365=CIRCLE('',#2016,0.007);
#1366=CIRCLE('',#2018,0.007);
#1367=CIRCLE('',#2020,0.007);
#1368=CIRCLE('',#2022,0.007);
#1369=CIRCLE('',#2024,0.007);
#1370=CIRCLE('',#2026,0.007);
#1371=CIRCLE('',#2028,0.007);
#1372=CIRCLE('',#2030,0.007);
#1373=EDGE_LOOP('',(#346));
#1374=EDGE_LOOP('',(#347));
#1375=EDGE_LOOP('',(#348));
#1376=EDGE_LOOP('',(#349));
#1377=EDGE_LOOP('',(#350));
#1378=EDGE_LOOP('',(#351));
#1379=EDGE_LOOP('',(#352));
#1380=EDGE_LOOP('',(#353));
#1381=EDGE_LOOP('',(#354));
#1382=EDGE_LOOP('',(#355));
#1383=EDGE_LOOP('',(#356));
#1384=EDGE_LOOP('',(#357));
#1385=EDGE_LOOP('',(#358));
#1386=EDGE_LOOP('',(#359));
#1387=EDGE_LOOP('',(#360));
#1388=EDGE_LOOP('',(#361));
#1389=EDGE_LOOP('',(#362));
#1390=EDGE_LOOP('',(#363));
#1391=EDGE_LOOP('',(#364));
#1392=EDGE_LOOP('',(#365));
#1393=EDGE_LOOP('',(#366));
#1394=EDGE_LOOP('',(#367,#368,#369,#370,#371,#372,#373,#374,#375,#376,#377,
#378));
#1395=EDGE_LOOP('',(#379));
#1396=EDGE_LOOP('',(#380));
#1397=EDGE_LOOP('',(#381));
#1398=EDGE_LOOP('',(#382));
#1399=EDGE_LOOP('',(#383));
#1400=EDGE_LOOP('',(#384));
#1401=EDGE_LOOP('',(#385));
#1402=EDGE_LOOP('',(#386));
#1403=EDGE_LOOP('',(#387));
#1404=EDGE_LOOP('',(#388));
#1405=EDGE_LOOP('',(#389));
#1406=EDGE_LOOP('',(#390));
#1407=EDGE_LOOP('',(#391));
#1408=EDGE_LOOP('',(#392));
#1409=EDGE_LOOP('',(#393));
#1410=EDGE_LOOP('',(#394,#395,#396,#397,#398,#399,#400,#401,#402,#403,#404,
#405,#406,#407,#408,#409,#410,#411,#412,#413,#414,#415,#416,#417,#418,#419,
#420,#421,#422,#423,#424,#425,#426,#427,#428,#429));
#1411=EDGE_LOOP('',(#430));
#1412=EDGE_LOOP('',(#431));
#1413=EDGE_LOOP('',(#432));
#1414=EDGE_LOOP('',(#433,#434,#435,#436,#437));
#1415=EDGE_LOOP('',(#438,#439,#440,#441,#442));
#1416=EDGE_LOOP('',(#443,#444,#445,#446,#447,#448,#449,#450));
#1417=EDGE_LOOP('',(#451,#452,#453,#454,#455,#456,#457,#458));
#1418=EDGE_LOOP('',(#459,#460,#461,#462));
#1419=EDGE_LOOP('',(#463,#464,#465,#466));
#1420=EDGE_LOOP('',(#467,#468,#469,#470));
#1421=EDGE_LOOP('',(#471,#472,#473,#474));
#1422=EDGE_LOOP('',(#475,#476,#477,#478));
#1423=EDGE_LOOP('',(#479,#480,#481,#482));
#1424=EDGE_LOOP('',(#483,#484,#485,#486));
#1425=EDGE_LOOP('',(#487,#488,#489,#490));
#1426=EDGE_LOOP('',(#491,#492,#493,#494));
#1427=EDGE_LOOP('',(#495,#496,#497,#498));
#1428=EDGE_LOOP('',(#499,#500,#501,#502,#503,#504,#505,#506));
#1429=EDGE_LOOP('',(#507,#508,#509,#510,#511,#512,#513,#514));
#1430=EDGE_LOOP('',(#515,#516,#517,#518,#519,#520,#521,#522));
#1431=EDGE_LOOP('',(#523,#524,#525,#526,#527,#528,#529,#530));
#1432=EDGE_LOOP('',(#531,#532,#533,#534));
#1433=EDGE_LOOP('',(#535,#536,#537,#538));
#1434=EDGE_LOOP('',(#539,#540,#541,#542));
#1435=EDGE_LOOP('',(#543,#544,#545,#546,#547,#548,#549,#550));
#1436=EDGE_LOOP('',(#551,#552,#553,#554));
#1437=EDGE_LOOP('',(#555,#556,#557,#558));
#1438=EDGE_LOOP('',(#559,#560,#561,#562));
#1439=EDGE_LOOP('',(#563));
#1440=EDGE_LOOP('',(#564));
#1441=EDGE_LOOP('',(#565));
#1442=EDGE_LOOP('',(#566));
#1443=EDGE_LOOP('',(#567));
#1444=EDGE_LOOP('',(#568));
#1445=EDGE_LOOP('',(#569));
#1446=EDGE_LOOP('',(#570));
#1447=EDGE_LOOP('',(#571));
#1448=EDGE_LOOP('',(#572));
#1449=EDGE_LOOP('',(#573,#574,#575,#576,#577,#578,#579,#580,#581,#582,#583,
#584));
#1450=EDGE_LOOP('',(#585,#586,#587,#588));
#1451=EDGE_LOOP('',(#589,#590,#591,#592));
#1452=EDGE_LOOP('',(#593,#594,#595,#596));
#1453=EDGE_LOOP('',(#597,#598,#599,#600));
#1454=EDGE_LOOP('',(#601,#602,#603,#604,#605,#606,#607,#608,#609,#610));
#1455=EDGE_LOOP('',(#611,#612,#613,#614));
#1456=EDGE_LOOP('',(#615,#616,#617,#618));
#1457=EDGE_LOOP('',(#619,#620,#621,#622));
#1458=EDGE_LOOP('',(#623,#624,#625,#626,#627,#628,#629,#630,#631,#632));
#1459=EDGE_LOOP('',(#633,#634,#635,#636));
#1460=EDGE_LOOP('',(#637,#638,#639,#640));
#1461=EDGE_LOOP('',(#641,#642,#643,#644));
#1462=EDGE_LOOP('',(#645,#646,#647,#648,#649,#650,#651,#652,#653,#654));
#1463=EDGE_LOOP('',(#655,#656,#657,#658));
#1464=EDGE_LOOP('',(#659,#660,#661,#662));
#1465=EDGE_LOOP('',(#663,#664,#665,#666,#667,#668,#669,#670,#671,#672));
#1466=EDGE_LOOP('',(#673,#674,#675,#676));
#1467=EDGE_LOOP('',(#677,#678,#679,#680));
#1468=EDGE_LOOP('',(#681,#682,#683,#684));
#1469=EDGE_LOOP('',(#685));
#1470=EDGE_LOOP('',(#686));
#1471=EDGE_LOOP('',(#687));
#1472=EDGE_LOOP('',(#688));
#1473=EDGE_LOOP('',(#689));
#1474=EDGE_LOOP('',(#690,#691));
#1475=EDGE_LOOP('',(#692));
#1476=EDGE_LOOP('',(#693));
#1477=EDGE_LOOP('',(#694));
#1478=EDGE_LOOP('',(#695,#696));
#1479=EDGE_LOOP('',(#697));
#1480=EDGE_LOOP('',(#698));
#1481=EDGE_LOOP('',(#699));
#1482=EDGE_LOOP('',(#700,#701));
#1483=EDGE_LOOP('',(#702));
#1484=EDGE_LOOP('',(#703,#704));
#1485=EDGE_LOOP('',(#705));
#1486=EDGE_LOOP('',(#706));
#1487=EDGE_LOOP('',(#707));
#1488=EDGE_LOOP('',(#708));
#1489=EDGE_LOOP('',(#709,#710,#711,#712,#713,#714,#715,#716));
#1490=EDGE_LOOP('',(#717));
#1491=EDGE_LOOP('',(#718));
#1492=EDGE_LOOP('',(#719));
#1493=EDGE_LOOP('',(#720));
#1494=EDGE_LOOP('',(#721));
#1495=EDGE_LOOP('',(#722,#723,#724,#725));
#1496=EDGE_LOOP('',(#726,#727,#728,#729));
#1497=EDGE_LOOP('',(#730,#731,#732,#733,#734,#735));
#1498=EDGE_LOOP('',(#736,#737,#738,#739));
#1499=EDGE_LOOP('',(#740,#741,#742,#743));
#1500=EDGE_LOOP('',(#744,#745,#746,#747,#748,#749));
#1501=EDGE_LOOP('',(#750,#751,#752,#753));
#1502=EDGE_LOOP('',(#754,#755,#756,#757));
#1503=EDGE_LOOP('',(#758,#759,#760,#761,#762,#763));
#1504=EDGE_LOOP('',(#764,#765,#766,#767));
#1505=EDGE_LOOP('',(#768,#769,#770,#771,#772,#773));
#1506=EDGE_LOOP('',(#774,#775,#776,#777));
#1507=EDGE_LOOP('',(#778,#779,#780,#781,#782,#783));
#1508=EDGE_LOOP('',(#784,#785,#786,#787));
#1509=EDGE_LOOP('',(#788,#789,#790,#791,#792,#793));
#1510=EDGE_LOOP('',(#794,#795,#796,#797,#798));
#1511=EDGE_LOOP('',(#799,#800,#801,#802,#803));
#1512=EDGE_LOOP('',(#804,#805,#806,#807));
#1513=EDGE_LOOP('',(#808,#809,#810,#811));
#1514=EDGE_LOOP('',(#812));
#1515=EDGE_LOOP('',(#813,#814,#815));
#1516=EDGE_LOOP('',(#816));
#1517=EDGE_LOOP('',(#817,#818,#819));
#1518=EDGE_LOOP('',(#820));
#1519=EDGE_LOOP('',(#821));
#1520=EDGE_LOOP('',(#822));
#1521=EDGE_LOOP('',(#823));
#1522=EDGE_LOOP('',(#824));
#1523=EDGE_LOOP('',(#825));
#1524=EDGE_LOOP('',(#826));
#1525=EDGE_LOOP('',(#827));
#1526=EDGE_LOOP('',(#828));
#1527=EDGE_LOOP('',(#829));
#1528=EDGE_LOOP('',(#830));
#1529=EDGE_LOOP('',(#831));
#1530=EDGE_LOOP('',(#832));
#1531=EDGE_LOOP('',(#833));
#1532=EDGE_LOOP('',(#834));
#1533=EDGE_LOOP('',(#835));
#1534=EDGE_LOOP('',(#836,#837,#838,#839));
#1535=EDGE_LOOP('',(#840,#841,#842,#843));
#1536=FACE_BOUND('',#1373,.T.);
#1537=FACE_BOUND('',#1374,.T.);
#1538=FACE_BOUND('',#1375,.T.);
#1539=FACE_BOUND('',#1376,.T.);
#1540=FACE_BOUND('',#1377,.T.);
#1541=FACE_BOUND('',#1378,.T.);
#1542=FACE_BOUND('',#1379,.T.);
#1543=FACE_BOUND('',#1380,.T.);
#1544=FACE_BOUND('',#1381,.T.);
#1545=FACE_BOUND('',#1382,.T.);
#1546=FACE_BOUND('',#1383,.T.);
#1547=FACE_BOUND('',#1384,.T.);
#1548=FACE_BOUND('',#1385,.T.);
#1549=FACE_BOUND('',#1386,.T.);
#1550=FACE_BOUND('',#1387,.T.);
#1551=FACE_BOUND('',#1388,.T.);
#1552=FACE_BOUND('',#1389,.T.);
#1553=FACE_BOUND('',#1390,.T.);
#1554=FACE_BOUND('',#1391,.T.);
#1555=FACE_BOUND('',#1392,.T.);
#1556=FACE_BOUND('',#1393,.T.);
#1557=FACE_BOUND('',#1394,.T.);
#1558=FACE_BOUND('',#1395,.T.);
#1559=FACE_BOUND('',#1396,.T.);
#1560=FACE_BOUND('',#1397,.T.);
#1561=FACE_BOUND('',#1398,.T.);
#1562=FACE_BOUND('',#1399,.T.);
#1563=FACE_BOUND('',#1400,.T.);
#1564=FACE_BOUND('',#1401,.T.);
#1565=FACE_BOUND('',#1402,.T.);
#1566=FACE_BOUND('',#1403,.T.);
#1567=FACE_BOUND('',#1404,.T.);
#1568=FACE_BOUND('',#1405,.T.);
#1569=FACE_BOUND('',#1406,.T.);
#1570=FACE_BOUND('',#1407,.T.);
#1571=FACE_BOUND('',#1408,.T.);
#1572=FACE_BOUND('',#1409,.T.);
#1573=FACE_BOUND('',#1410,.T.);
#1574=FACE_BOUND('',#1411,.T.);
#1575=FACE_BOUND('',#1412,.T.);
#1576=FACE_BOUND('',#1413,.T.);
#1577=FACE_BOUND('',#1414,.T.);
#1578=FACE_BOUND('',#1415,.T.);
#1579=FACE_BOUND('',#1416,.T.);
#1580=FACE_BOUND('',#1417,.T.);
#1581=FACE_BOUND('',#1418,.T.);
#1582=FACE_BOUND('',#1419,.T.);
#1583=FACE_BOUND('',#1420,.T.);
#1584=FACE_BOUND('',#1421,.T.);
#1585=FACE_BOUND('',#1422,.T.);
#1586=FACE_BOUND('',#1423,.T.);
#1587=FACE_BOUND('',#1424,.T.);
#1588=FACE_BOUND('',#1425,.T.);
#1589=FACE_BOUND('',#1426,.T.);
#1590=FACE_BOUND('',#1427,.T.);
#1591=FACE_BOUND('',#1428,.T.);
#1592=FACE_BOUND('',#1429,.T.);
#1593=FACE_BOUND('',#1430,.T.);
#1594=FACE_BOUND('',#1431,.T.);
#1595=FACE_BOUND('',#1432,.T.);
#1596=FACE_BOUND('',#1433,.T.);
#1597=FACE_BOUND('',#1434,.T.);
#1598=FACE_BOUND('',#1435,.T.);
#1599=FACE_BOUND('',#1436,.T.);
#1600=FACE_BOUND('',#1437,.T.);
#1601=FACE_BOUND('',#1438,.T.);
#1602=FACE_BOUND('',#1439,.T.);
#1603=FACE_BOUND('',#1440,.T.);
#1604=FACE_BOUND('',#1441,.T.);
#1605=FACE_BOUND('',#1442,.T.);
#1606=FACE_BOUND('',#1443,.T.);
#1607=FACE_BOUND('',#1444,.T.);
#1608=FACE_BOUND('',#1445,.T.);
#1609=FACE_BOUND('',#1446,.T.);
#1610=FACE_BOUND('',#1447,.T.);
#1611=FACE_BOUND('',#1448,.T.);
#1612=FACE_BOUND('',#1449,.T.);
#1613=FACE_BOUND('',#1450,.T.);
#1614=FACE_BOUND('',#1451,.T.);
#1615=FACE_BOUND('',#1452,.T.);
#1616=FACE_BOUND('',#1453,.T.);
#1617=FACE_BOUND('',#1454,.T.);
#1618=FACE_BOUND('',#1455,.T.);
#1619=FACE_BOUND('',#1456,.T.);
#1620=FACE_BOUND('',#1457,.T.);
#1621=FACE_BOUND('',#1458,.T.);
#1622=FACE_BOUND('',#1459,.T.);
#1623=FACE_BOUND('',#1460,.T.);
#1624=FACE_BOUND('',#1461,.T.);
#1625=FACE_BOUND('',#1462,.T.);
#1626=FACE_BOUND('',#1463,.T.);
#1627=FACE_BOUND('',#1464,.T.);
#1628=FACE_BOUND('',#1465,.T.);
#1629=FACE_BOUND('',#1466,.T.);
#1630=FACE_BOUND('',#1467,.T.);
#1631=FACE_BOUND('',#1468,.T.);
#1632=FACE_BOUND('',#1469,.T.);
#1633=FACE_BOUND('',#1470,.T.);
#1634=FACE_BOUND('',#1471,.T.);
#1635=FACE_BOUND('',#1472,.T.);
#1636=FACE_BOUND('',#1473,.T.);
#1637=FACE_BOUND('',#1474,.T.);
#1638=FACE_BOUND('',#1475,.T.);
#1639=FACE_BOUND('',#1476,.T.);
#1640=FACE_BOUND('',#1477,.T.);
#1641=FACE_BOUND('',#1478,.T.);
#1642=FACE_BOUND('',#1479,.T.);
#1643=FACE_BOUND('',#1480,.T.);
#1644=FACE_BOUND('',#1481,.T.);
#1645=FACE_BOUND('',#1482,.T.);
#1646=FACE_BOUND('',#1483,.T.);
#1647=FACE_BOUND('',#1484,.T.);
#1648=FACE_BOUND('',#1485,.T.);
#1649=FACE_BOUND('',#1486,.T.);
#1650=FACE_BOUND('',#1487,.T.);
#1651=FACE_BOUND('',#1488,.T.);
#1652=FACE_BOUND('',#1489,.T.);
#1653=FACE_BOUND('',#1490,.T.);
#1654=FACE_BOUND('',#1491,.T.);
#1655=FACE_BOUND('',#1492,.T.);
#1656=FACE_BOUND('',#1493,.T.);
#1657=FACE_BOUND('',#1494,.T.);
#1658=FACE_BOUND('',#1495,.T.);
#1659=FACE_BOUND('',#1496,.T.);
#1660=FACE_BOUND('',#1497,.T.);
#1661=FACE_BOUND('',#1498,.T.);
#1662=FACE_BOUND('',#1499,.T.);
#1663=FACE_BOUND('',#1500,.T.);
#1664=FACE_BOUND('',#1501,.T.);
#1665=FACE_BOUND('',#1502,.T.);
#1666=FACE_BOUND('',#1503,.T.);
#1667=FACE_BOUND('',#1504,.T.);
#1668=FACE_BOUND('',#1505,.T.);
#1669=FACE_BOUND('',#1506,.T.);
#1670=FACE_BOUND('',#1507,.T.);
#1671=FACE_BOUND('',#1508,.T.);
#1672=FACE_BOUND('',#1509,.T.);
#1673=FACE_BOUND('',#1510,.T.);
#1674=FACE_BOUND('',#1511,.T.);
#1675=FACE_BOUND('',#1512,.T.);
#1676=FACE_BOUND('',#1513,.T.);
#1677=FACE_BOUND('',#1514,.T.);
#1678=FACE_BOUND('',#1515,.T.);
#1679=FACE_BOUND('',#1516,.T.);
#1680=FACE_BOUND('',#1517,.T.);
#1681=FACE_BOUND('',#1518,.T.);
#1682=FACE_BOUND('',#1519,.T.);
#1683=FACE_BOUND('',#1520,.T.);
#1684=FACE_BOUND('',#1521,.T.);
#1685=FACE_BOUND('',#1522,.T.);
#1686=FACE_BOUND('',#1523,.T.);
#1687=FACE_BOUND('',#1524,.T.);
#1688=FACE_BOUND('',#1525,.T.);
#1689=FACE_BOUND('',#1526,.T.);
#1690=FACE_BOUND('',#1527,.T.);
#1691=FACE_BOUND('',#1528,.T.);
#1692=FACE_BOUND('',#1529,.T.);
#1693=FACE_BOUND('',#1530,.T.);
#1694=FACE_BOUND('',#1531,.T.);
#1695=FACE_BOUND('',#1532,.T.);
#1696=FACE_BOUND('',#1533,.T.);
#1697=FACE_BOUND('',#1534,.T.);
#1698=FACE_BOUND('',#1535,.T.);
#1699=PLANE('',#1846);
#1700=PLANE('',#1878);
#1701=PLANE('',#1923);
#1702=PLANE('',#1924);
#1703=PLANE('',#1925);
#1704=PLANE('',#1932);
#1705=PLANE('',#1938);
#1706=PLANE('',#1939);
#1707=PLANE('',#1940);
#1708=PLANE('',#1941);
#1709=PLANE('',#1942);
#1710=PLANE('',#1943);
#1711=PLANE('',#1944);
#1712=PLANE('',#1945);
#1713=PLANE('',#1949);
#1714=PLANE('',#1953);
#1715=PLANE('',#1957);
#1716=PLANE('',#1971);
#1717=PLANE('',#1972);
#1718=PLANE('',#1973);
#1719=PLANE('',#1974);
#1720=PLANE('',#1975);
#1721=PLANE('',#1976);
#1722=PLANE('',#1977);
#1723=PLANE('',#1978);
#1724=PLANE('',#1979);
#1725=PLANE('',#1980);
#1726=PLANE('',#1981);
#1727=PLANE('',#1982);
#1728=PLANE('',#1983);
#1729=PLANE('',#1984);
#1730=PLANE('',#1985);
#1731=PLANE('',#1986);
#1732=PLANE('',#1987);
#1733=PLANE('',#1988);
#1734=PLANE('',#2001);
#1735=PLANE('',#2003);
#1736=PLANE('',#2004);
#1737=PLANE('',#2005);
#1738=PLANE('',#2007);
#1739=ADVANCED_FACE('',(#1536,#1537,#1538,#1539,#1540,#1541,#1542,#1543,
#1544,#1545,#1546,#1547,#1548,#1549,#1550,#1551,#1552,#1553,#1554,#1555,
#1556,#1557,#1558,#1559,#1560,#1561),#1699,.T.);
#1740=ADVANCED_FACE('',(#1562,#1563,#1564,#1565,#1566,#1567,#1568,#1569,
#1570,#1571,#1572,#1573,#1574,#1575,#1576),#1700,.F.);
#1741=ADVANCED_FACE('',(#1577),#68,.F.);
#1742=ADVANCED_FACE('',(#1578),#12,.F.);
#1743=ADVANCED_FACE('',(#1579),#1701,.T.);
#1744=ADVANCED_FACE('',(#1580),#1702,.T.);
#1745=ADVANCED_FACE('',(#1581),#1703,.T.);
#1746=ADVANCED_FACE('',(#1582),#13,.T.);
#1747=ADVANCED_FACE('',(#1583),#14,.T.);
#1748=ADVANCED_FACE('',(#1584),#1704,.T.);
#1749=ADVANCED_FACE('',(#1585),#15,.T.);
#1750=ADVANCED_FACE('',(#1586),#16,.T.);
#1751=ADVANCED_FACE('',(#1587),#1705,.T.);
#1752=ADVANCED_FACE('',(#1588),#1706,.T.);
#1753=ADVANCED_FACE('',(#1589),#1707,.T.);
#1754=ADVANCED_FACE('',(#1590),#1708,.T.);
#1755=ADVANCED_FACE('',(#1591),#1709,.T.);
#1756=ADVANCED_FACE('',(#1592),#1710,.T.);
#1757=ADVANCED_FACE('',(#1593),#1711,.T.);
#1758=ADVANCED_FACE('',(#1594),#1712,.T.);
#1759=ADVANCED_FACE('',(#1595),#17,.T.);
#1760=ADVANCED_FACE('',(#1596),#1713,.T.);
#1761=ADVANCED_FACE('',(#1597),#18,.T.);
#1762=ADVANCED_FACE('',(#1598),#1714,.T.);
#1763=ADVANCED_FACE('',(#1599),#19,.T.);
#1764=ADVANCED_FACE('',(#1600),#1715,.T.);
#1765=ADVANCED_FACE('',(#1601),#20,.T.);
#1766=ADVANCED_FACE('',(#1602,#1603),#21,.F.);
#1767=ADVANCED_FACE('',(#1604,#1605),#22,.F.);
#1768=ADVANCED_FACE('',(#1606,#1607),#23,.F.);
#1769=ADVANCED_FACE('',(#1608,#1609),#24,.F.);
#1770=ADVANCED_FACE('',(#1610,#1611),#25,.F.);
#1771=ADVANCED_FACE('',(#1612),#1716,.T.);
#1772=ADVANCED_FACE('',(#1613),#1717,.T.);
#1773=ADVANCED_FACE('',(#1614),#1718,.T.);
#1774=ADVANCED_FACE('',(#1615),#1719,.F.);
#1775=ADVANCED_FACE('',(#1616),#1720,.T.);
#1776=ADVANCED_FACE('',(#1617),#1721,.T.);
#1777=ADVANCED_FACE('',(#1618),#1722,.T.);
#1778=ADVANCED_FACE('',(#1619),#1723,.T.);
#1779=ADVANCED_FACE('',(#1620),#1724,.F.);
#1780=ADVANCED_FACE('',(#1621),#1725,.T.);
#1781=ADVANCED_FACE('',(#1622),#1726,.T.);
#1782=ADVANCED_FACE('',(#1623),#1727,.F.);
#1783=ADVANCED_FACE('',(#1624),#1728,.F.);
#1784=ADVANCED_FACE('',(#1625),#1729,.T.);
#1785=ADVANCED_FACE('',(#1626),#1730,.T.);
#1786=ADVANCED_FACE('',(#1627),#1731,.F.);
#1787=ADVANCED_FACE('',(#1628),#1732,.T.);
#1788=ADVANCED_FACE('',(#1629),#1733,.F.);
#1789=ADVANCED_FACE('',(#1630),#26,.T.);
#1790=ADVANCED_FACE('',(#1631),#27,.T.);
#1791=ADVANCED_FACE('',(#1632,#1633),#28,.F.);
#1792=ADVANCED_FACE('',(#1634,#1635),#29,.F.);
#1793=ADVANCED_FACE('',(#1636,#1637),#30,.F.);
#1794=ADVANCED_FACE('',(#1638,#1639),#31,.F.);
#1795=ADVANCED_FACE('',(#1640,#1641),#32,.F.);
#1796=ADVANCED_FACE('',(#1642,#1643),#33,.F.);
#1797=ADVANCED_FACE('',(#1644,#1645),#34,.F.);
#1798=ADVANCED_FACE('',(#1646,#1647),#35,.F.);
#1799=ADVANCED_FACE('',(#1648,#1649),#36,.F.);
#1800=ADVANCED_FACE('',(#1650,#1651),#37,.F.);
#1801=ADVANCED_FACE('',(#1652,#1653,#1654,#1655,#1656,#1657),#1734,.F.);
#1802=ADVANCED_FACE('',(#1658),#38,.T.);
#1803=ADVANCED_FACE('',(#1659),#1735,.F.);
#1804=ADVANCED_FACE('',(#1660),#1736,.T.);
#1805=ADVANCED_FACE('',(#1661),#1737,.T.);
#1806=ADVANCED_FACE('',(#1662),#39,.T.);
#1807=ADVANCED_FACE('',(#1663),#1738,.F.);
#1808=ADVANCED_FACE('',(#1664),#69,.F.);
#1809=ADVANCED_FACE('',(#1665),#40,.F.);
#1810=ADVANCED_FACE('',(#1666),#70,.F.);
#1811=ADVANCED_FACE('',(#1667),#41,.F.);
#1812=ADVANCED_FACE('',(#1668),#71,.F.);
#1813=ADVANCED_FACE('',(#1669),#42,.F.);
#1814=ADVANCED_FACE('',(#1670),#72,.F.);
#1815=ADVANCED_FACE('',(#1671),#43,.F.);
#1816=ADVANCED_FACE('',(#1672),#73,.F.);
#1817=ADVANCED_FACE('',(#1673),#44,.F.);
#1818=ADVANCED_FACE('',(#1674),#74,.F.);
#1819=ADVANCED_FACE('',(#1675),#45,.F.);
#1820=ADVANCED_FACE('',(#1676),#75,.F.);
#1821=ADVANCED_FACE('',(#1677,#1678),#46,.F.);
#1822=ADVANCED_FACE('',(#1679,#1680),#47,.F.);
#1823=ADVANCED_FACE('',(#1681,#1682),#48,.F.);
#1824=ADVANCED_FACE('',(#1683,#1684),#49,.F.);
#1825=ADVANCED_FACE('',(#1685,#1686),#50,.F.);
#1826=ADVANCED_FACE('',(#1687,#1688),#51,.F.);
#1827=ADVANCED_FACE('',(#1689,#1690),#52,.F.);
#1828=ADVANCED_FACE('',(#1691,#1692),#53,.F.);
#1829=ADVANCED_FACE('',(#1693,#1694),#54,.F.);
#1830=ADVANCED_FACE('',(#1695,#1696),#55,.F.);
#1831=ADVANCED_FACE('',(#1697),#56,.F.);
#1832=ADVANCED_FACE('',(#1698),#57,.F.);
#1833=CLOSED_SHELL('',(#1739,#1740,#1741,#1742,#1743,#1744,#1745,#1746,
#1747,#1748,#1749,#1750,#1751,#1752,#1753,#1754,#1755,#1756,#1757,#1758,
#1759,#1760,#1761,#1762,#1763,#1764,#1765,#1766,#1767,#1768,#1769,#1770,
#1771,#1772,#1773,#1774,#1775,#1776,#1777,#1778,#1779,#1780,#1781,#1782,
#1783,#1784,#1785,#1786,#1787,#1788,#1789,#1790,#1791,#1792,#1793,#1794,
#1795,#1796,#1797,#1798,#1799,#1800,#1801,#1802,#1803,#1804,#1805,#1806,
#1807,#1808,#1809,#1810,#1811,#1812,#1813,#1814,#1815,#1816,#1817,#1818,
#1819,#1820,#1821,#1822,#1823,#1824,#1825,#1826,#1827,#1828,#1829,#1830,
#1831,#1832));
#1834=STYLED_ITEM('',(#1835),#1842);
#1835=PRESENTATION_STYLE_ASSIGNMENT((#1836));
#1836=SURFACE_STYLE_USAGE(.BOTH.,#1837);
#1837=SURFACE_SIDE_STYLE('',(#1838));
#1838=SURFACE_STYLE_FILL_AREA(#1839);
#1839=FILL_AREA_STYLE('',(#1840));
#1840=FILL_AREA_STYLE_COLOUR('',#1841);
#1841=COLOUR_RGB('',0.768627450980392,0.886274509803922,0.952941176470588);
#1842=MANIFOLD_SOLID_BREP('Head Support',#1833);
#1843=SHAPE_DEFINITION_REPRESENTATION(#3148,#1844);
#1844=SHAPE_REPRESENTATION('Head Support',(#1845),#3143);
#1845=AXIS2_PLACEMENT_3D('',#2577,#2044,#2045);
#1846=AXIS2_PLACEMENT_3D('',#2578,#2046,#2047);
#1847=AXIS2_PLACEMENT_3D('',#2579,#2048,#2049);
#1848=AXIS2_PLACEMENT_3D('',#2581,#2050,#2051);
#1849=AXIS2_PLACEMENT_3D('',#2583,#2052,#2053);
#1850=AXIS2_PLACEMENT_3D('',#2585,#2054,#2055);
#1851=AXIS2_PLACEMENT_3D('',#2587,#2056,#2057);
#1852=AXIS2_PLACEMENT_3D('',#2589,#2058,#2059);
#1853=AXIS2_PLACEMENT_3D('',#2591,#2060,#2061);
#1854=AXIS2_PLACEMENT_3D('',#2593,#2062,#2063);
#1855=AXIS2_PLACEMENT_3D('',#2595,#2064,#2065);
#1856=AXIS2_PLACEMENT_3D('',#2597,#2066,#2067);
#1857=AXIS2_PLACEMENT_3D('',#2599,#2068,#2069);
#1858=AXIS2_PLACEMENT_3D('',#2601,#2070,#2071);
#1859=AXIS2_PLACEMENT_3D('',#2603,#2072,#2073);
#1860=AXIS2_PLACEMENT_3D('',#2605,#2074,#2075);
#1861=AXIS2_PLACEMENT_3D('',#2607,#2076,#2077);
#1862=AXIS2_PLACEMENT_3D('',#2609,#2078,#2079);
#1863=AXIS2_PLACEMENT_3D('',#2611,#2080,#2081);
#1864=AXIS2_PLACEMENT_3D('',#2613,#2082,#2083);
#1865=AXIS2_PLACEMENT_3D('',#2615,#2084,#2085);
#1866=AXIS2_PLACEMENT_3D('',#2617,#2086,#2087);
#1867=AXIS2_PLACEMENT_3D('',#2619,#2088,#2089);
#1868=AXIS2_PLACEMENT_3D('',#2621,#2090,#2091);
#1869=AXIS2_PLACEMENT_3D('',#2624,#2092,#2093);
#1870=AXIS2_PLACEMENT_3D('',#2628,#2095,#2096);
#1871=AXIS2_PLACEMENT_3D('',#2636,#2100,#2101);
#1872=AXIS2_PLACEMENT_3D('',#2640,#2103,#2104);
#1873=AXIS2_PLACEMENT_3D('',#2642,#2105,#2106);
#1874=AXIS2_PLACEMENT_3D('',#2645,#2108,#2109);
#1875=AXIS2_PLACEMENT_3D('',#2647,#2110,#2111);
#1876=AXIS2_PLACEMENT_3D('',#2649,#2112,#2113);
#1877=AXIS2_PLACEMENT_3D('',#2651,#2114,#2115);
#1878=AXIS2_PLACEMENT_3D('',#2653,#2116,#2117);
#1879=AXIS2_PLACEMENT_3D('',#2654,#2118,#2119);
#1880=AXIS2_PLACEMENT_3D('',#2656,#2120,#2121);
#1881=AXIS2_PLACEMENT_3D('',#2658,#2122,#2123);
#1882=AXIS2_PLACEMENT_3D('',#2660,#2124,#2125);
#1883=AXIS2_PLACEMENT_3D('',#2662,#2126,#2127);
#1884=AXIS2_PLACEMENT_3D('',#2664,#2128,#2129);
#1885=AXIS2_PLACEMENT_3D('',#2666,#2130,#2131);
#1886=AXIS2_PLACEMENT_3D('',#2668,#2132,#2133);
#1887=AXIS2_PLACEMENT_3D('',#2670,#2134,#2135);
#1888=AXIS2_PLACEMENT_3D('',#2672,#2136,#2137);
#1889=AXIS2_PLACEMENT_3D('',#2674,#2138,#2139);
#1890=AXIS2_PLACEMENT_3D('',#2679,#2141,#2142);
#1891=AXIS2_PLACEMENT_3D('',#2681,#2143,#2144);
#1892=AXIS2_PLACEMENT_3D('',#2685,#2146,#2147);
#1893=AXIS2_PLACEMENT_3D('',#2689,#2149,#2150);
#1894=AXIS2_PLACEMENT_3D('',#2693,#2152,#2153);
#1895=AXIS2_PLACEMENT_3D('',#2695,#2154,#2155);
#1896=AXIS2_PLACEMENT_3D('',#2699,#2157,#2158);
#1897=AXIS2_PLACEMENT_3D('',#2701,#2159,#2160);
#1898=AXIS2_PLACEMENT_3D('',#2705,#2162,#2163);
#1899=AXIS2_PLACEMENT_3D('',#2709,#2165,#2166);
#1900=AXIS2_PLACEMENT_3D('',#2713,#2168,#2169);
#1901=AXIS2_PLACEMENT_3D('',#2715,#2170,#2171);
#1902=AXIS2_PLACEMENT_3D('',#2719,#2173,#2174);
#1903=AXIS2_PLACEMENT_3D('',#2721,#2175,#2176);
#1904=AXIS2_PLACEMENT_3D('',#2723,#2177,#2178);
#1905=AXIS2_PLACEMENT_3D('',#2727,#2180,#2181);
#1906=AXIS2_PLACEMENT_3D('',#2729,#2182,#2183);
#1907=AXIS2_PLACEMENT_3D('',#2731,#2184,#2185);
#1908=AXIS2_PLACEMENT_3D('',#2735,#2187,#2188);
#1909=AXIS2_PLACEMENT_3D('',#2737,#2189,#2190);
#1910=AXIS2_PLACEMENT_3D('',#2739,#2191,#2192);
#1911=AXIS2_PLACEMENT_3D('',#2743,#2194,#2195);
#1912=AXIS2_PLACEMENT_3D('',#2745,#2196,#2197);
#1913=AXIS2_PLACEMENT_3D('',#2747,#2198,#2199);
#1914=AXIS2_PLACEMENT_3D('',#2748,#2200,#2201);
#1915=AXIS2_PLACEMENT_3D('',#2750,#2202,#2203);
#1916=AXIS2_PLACEMENT_3D('',#2752,#2204,#2205);
#1917=AXIS2_PLACEMENT_3D('',#2754,#2206,#2207);
#1918=AXIS2_PLACEMENT_3D('',#2760,#2208,#2209);
#1919=AXIS2_PLACEMENT_3D('',#2762,#2210,#2211);
#1920=AXIS2_PLACEMENT_3D('',#2764,#2212,#2213);
#1921=AXIS2_PLACEMENT_3D('',#2765,#2214,#2215);
#1922=AXIS2_PLACEMENT_3D('',#2776,#2217,#2218);
#1923=AXIS2_PLACEMENT_3D('',#2777,#2219,#2220);
#1924=AXIS2_PLACEMENT_3D('',#2791,#2228,#2229);
#1925=AXIS2_PLACEMENT_3D('',#2808,#2238,#2239);
#1926=AXIS2_PLACEMENT_3D('',#2817,#2244,#2245);
#1927=AXIS2_PLACEMENT_3D('',#2818,#2246,#2247);
#1928=AXIS2_PLACEMENT_3D('',#2819,#2248,#2249);
#1929=AXIS2_PLACEMENT_3D('',#2820,#2250,#2251);
#1930=AXIS2_PLACEMENT_3D('',#2824,#2253,#2254);
#1931=AXIS2_PLACEMENT_3D('',#2825,#2255,#2256);
#1932=AXIS2_PLACEMENT_3D('',#2826,#2257,#2258);
#1933=AXIS2_PLACEMENT_3D('',#2834,#2263,#2264);
#1934=AXIS2_PLACEMENT_3D('',#2835,#2265,#2266);
#1935=AXIS2_PLACEMENT_3D('',#2836,#2267,#2268);
#1936=AXIS2_PLACEMENT_3D('',#2837,#2269,#2270);
#1937=AXIS2_PLACEMENT_3D('',#2841,#2272,#2273);
#1938=AXIS2_PLACEMENT_3D('',#2842,#2274,#2275);
#1939=AXIS2_PLACEMENT_3D('',#2851,#2280,#2281);
#1940=AXIS2_PLACEMENT_3D('',#2860,#2286,#2287);
#1941=AXIS2_PLACEMENT_3D('',#2869,#2292,#2293);
#1942=AXIS2_PLACEMENT_3D('',#2878,#2298,#2299);
#1943=AXIS2_PLACEMENT_3D('',#2889,#2306,#2307);
#1944=AXIS2_PLACEMENT_3D('',#2900,#2314,#2315);
#1945=AXIS2_PLACEMENT_3D('',#2911,#2322,#2323);
#1946=AXIS2_PLACEMENT_3D('',#2922,#2330,#2331);
#1947=AXIS2_PLACEMENT_3D('',#2926,#2333,#2334);
#1948=AXIS2_PLACEMENT_3D('',#2927,#2335,#2336);
#1949=AXIS2_PLACEMENT_3D('',#2928,#2337,#2338);
#1950=AXIS2_PLACEMENT_3D('',#2934,#2342,#2343);
#1951=AXIS2_PLACEMENT_3D('',#2938,#2345,#2346);
#1952=AXIS2_PLACEMENT_3D('',#2939,#2347,#2348);
#1953=AXIS2_PLACEMENT_3D('',#2940,#2349,#2350);
#1954=AXIS2_PLACEMENT_3D('',#2954,#2358,#2359);
#1955=AXIS2_PLACEMENT_3D('',#2958,#2361,#2362);
#1956=AXIS2_PLACEMENT_3D('',#2959,#2363,#2364);
#1957=AXIS2_PLACEMENT_3D('',#2960,#2365,#2366);
#1958=AXIS2_PLACEMENT_3D('',#2966,#2370,#2371);
#1959=AXIS2_PLACEMENT_3D('',#2967,#2372,#2373);
#1960=AXIS2_PLACEMENT_3D('',#2968,#2374,#2375);
#1961=AXIS2_PLACEMENT_3D('',#2969,#2376,#2377);
#1962=AXIS2_PLACEMENT_3D('',#2970,#2378,#2379);
#1963=AXIS2_PLACEMENT_3D('',#2972,#2380,#2381);
#1964=AXIS2_PLACEMENT_3D('',#2973,#2382,#2383);
#1965=AXIS2_PLACEMENT_3D('',#2975,#2384,#2385);
#1966=AXIS2_PLACEMENT_3D('',#2976,#2386,#2387);
#1967=AXIS2_PLACEMENT_3D('',#2978,#2388,#2389);
#1968=AXIS2_PLACEMENT_3D('',#2979,#2390,#2391);
#1969=AXIS2_PLACEMENT_3D('',#2981,#2392,#2393);
#1970=AXIS2_PLACEMENT_3D('',#2982,#2394,#2395);
#1971=AXIS2_PLACEMENT_3D('',#2984,#2396,#2397);
#1972=AXIS2_PLACEMENT_3D('',#3000,#2407,#2408);
#1973=AXIS2_PLACEMENT_3D('',#3003,#2411,#2412);
#1974=AXIS2_PLACEMENT_3D('',#3005,#2414,#2415);
#1975=AXIS2_PLACEMENT_3D('',#3008,#2418,#2419);
#1976=AXIS2_PLACEMENT_3D('',#3010,#2421,#2422);
#1977=AXIS2_PLACEMENT_3D('',#3011,#2423,#2424);
#1978=AXIS2_PLACEMENT_3D('',#3013,#2426,#2427);
#1979=AXIS2_PLACEMENT_3D('',#3015,#2429,#2430);
#1980=AXIS2_PLACEMENT_3D('',#3018,#2433,#2434);
#1981=AXIS2_PLACEMENT_3D('',#3019,#2435,#2436);
#1982=AXIS2_PLACEMENT_3D('',#3021,#2438,#2439);
#1983=AXIS2_PLACEMENT_3D('',#3024,#2442,#2443);
#1984=AXIS2_PLACEMENT_3D('',#3026,#2445,#2446);
#1985=AXIS2_PLACEMENT_3D('',#3027,#2447,#2448);
#1986=AXIS2_PLACEMENT_3D('',#3029,#2450,#2451);
#1987=AXIS2_PLACEMENT_3D('',#3031,#2453,#2454);
#1988=AXIS2_PLACEMENT_3D('',#3032,#2455,#2456);
#1989=AXIS2_PLACEMENT_3D('',#3035,#2459,#2460);
#1990=AXIS2_PLACEMENT_3D('',#3037,#2462,#2463);
#1991=AXIS2_PLACEMENT_3D('',#3039,#2465,#2466);
#1992=AXIS2_PLACEMENT_3D('',#3040,#2467,#2468);
#1993=AXIS2_PLACEMENT_3D('',#3041,#2469,#2470);
#1994=AXIS2_PLACEMENT_3D('',#3046,#2471,#2472);
#1995=AXIS2_PLACEMENT_3D('',#3047,#2473,#2474);
#1996=AXIS2_PLACEMENT_3D('',#3052,#2475,#2476);
#1997=AXIS2_PLACEMENT_3D('',#3053,#2477,#2478);
#1998=AXIS2_PLACEMENT_3D('',#3058,#2479,#2480);
#1999=AXIS2_PLACEMENT_3D('',#3063,#2481,#2482);
#2000=AXIS2_PLACEMENT_3D('',#3064,#2483,#2484);
#2001=AXIS2_PLACEMENT_3D('',#3065,#2485,#2486);
#2002=AXIS2_PLACEMENT_3D('',#3066,#2487,#2488);
#2003=AXIS2_PLACEMENT_3D('',#3069,#2491,#2492);
#2004=AXIS2_PLACEMENT_3D('',#3071,#2494,#2495);
#2005=AXIS2_PLACEMENT_3D('',#3080,#2496,#2497);
#2006=AXIS2_PLACEMENT_3D('',#3083,#2500,#2501);
#2007=AXIS2_PLACEMENT_3D('',#3085,#2503,#2504);
#2008=AXIS2_PLACEMENT_3D('',#3093,#2505,#2506);
#2009=AXIS2_PLACEMENT_3D('',#3094,#2507,#2508);
#2010=AXIS2_PLACEMENT_3D('',#3095,#2509,#2510);
#2011=AXIS2_PLACEMENT_3D('',#3096,#2511,#2512);
#2012=AXIS2_PLACEMENT_3D('',#3097,#2513,#2514);
#2013=AXIS2_PLACEMENT_3D('',#3098,#2515,#2516);
#2014=AXIS2_PLACEMENT_3D('',#3099,#2517,#2518);
#2015=AXIS2_PLACEMENT_3D('',#3100,#2519,#2520);
#2016=AXIS2_PLACEMENT_3D('',#3101,#2521,#2522);
#2017=AXIS2_PLACEMENT_3D('',#3102,#2523,#2524);
#2018=AXIS2_PLACEMENT_3D('',#3103,#2525,#2526);
#2019=AXIS2_PLACEMENT_3D('',#3104,#2527,#2528);
#2020=AXIS2_PLACEMENT_3D('',#3105,#2529,#2530);
#2021=AXIS2_PLACEMENT_3D('',#3106,#2531,#2532);
#2022=AXIS2_PLACEMENT_3D('',#3107,#2533,#2534);
#2023=AXIS2_PLACEMENT_3D('',#3108,#2535,#2536);
#2024=AXIS2_PLACEMENT_3D('',#3109,#2537,#2538);
#2025=AXIS2_PLACEMENT_3D('',#3110,#2539,#2540);
#2026=AXIS2_PLACEMENT_3D('',#3111,#2541,#2542);
#2027=AXIS2_PLACEMENT_3D('',#3121,#2543,#2544);
#2028=AXIS2_PLACEMENT_3D('',#3126,#2545,#2546);
#2029=AXIS2_PLACEMENT_3D('',#3127,#2547,#2548);
#2030=AXIS2_PLACEMENT_3D('',#3128,#2549,#2550);
#2031=AXIS2_PLACEMENT_3D('',#3129,#2551,#2552);
#2032=AXIS2_PLACEMENT_3D('',#3130,#2553,#2554);
#2033=AXIS2_PLACEMENT_3D('',#3131,#2555,#2556);
#2034=AXIS2_PLACEMENT_3D('',#3132,#2557,#2558);
#2035=AXIS2_PLACEMENT_3D('',#3133,#2559,#2560);
#2036=AXIS2_PLACEMENT_3D('',#3134,#2561,#2562);
#2037=AXIS2_PLACEMENT_3D('',#3135,#2563,#2564);
#2038=AXIS2_PLACEMENT_3D('',#3136,#2565,#2566);
#2039=AXIS2_PLACEMENT_3D('',#3137,#2567,#2568);
#2040=AXIS2_PLACEMENT_3D('',#3138,#2569,#2570);
#2041=AXIS2_PLACEMENT_3D('',#3139,#2571,#2572);
#2042=AXIS2_PLACEMENT_3D('',#3140,#2573,#2574);
#2043=AXIS2_PLACEMENT_3D('',#3141,#2575,#2576);
#2044=DIRECTION('',(0.,0.,1.));
#2045=DIRECTION('',(1.,0.,0.));
#2046=DIRECTION('',(0.,-1.,6.12323399573677E-17));
#2047=DIRECTION('',(0.,6.12323399573677E-17,1.));
#2048=DIRECTION('',(0.,-1.,6.12323399573677E-17));
#2049=DIRECTION('',(0.,-6.12323399573677E-17,-1.));
#2050=DIRECTION('',(0.,-1.,6.12323399573677E-17));
#2051=DIRECTION('',(0.,-6.12323399573677E-17,-1.));
#2052=DIRECTION('',(0.,-1.,6.12323399573677E-17));
#2053=DIRECTION('',(0.,-6.12323399573677E-17,-1.));
#2054=DIRECTION('',(0.,-1.,6.12323399573677E-17));
#2055=DIRECTION('',(0.,-6.12323399573677E-17,-1.));
#2056=DIRECTION('',(0.,1.,-6.12323399573677E-17));
#2057=DIRECTION('',(0.,-6.12323399573677E-17,-1.));
#2058=DIRECTION('',(0.,1.,-6.12323399573677E-17));
#2059=DIRECTION('',(0.,-6.12323399573677E-17,-1.));
#2060=DIRECTION('',(0.,1.,-6.12323399573677E-17));
#2061=DIRECTION('',(0.,-6.12323399573677E-17,-1.));
#2062=DIRECTION('',(0.,1.,-6.12323399573677E-17));
#2063=DIRECTION('',(0.,-6.12323399573677E-17,-1.));
#2064=DIRECTION('',(0.,1.,-6.12323399573677E-17));
#2065=DIRECTION('',(0.,-6.12323399573677E-17,-1.));
#2066=DIRECTION('',(0.,1.,-6.12323399573677E-17));
#2067=DIRECTION('',(0.,-6.12323399573677E-17,-1.));
#2068=DIRECTION('',(0.,1.,-6.12323399573677E-17));
#2069=DIRECTION('',(0.,-6.12323399573677E-17,-1.));
#2070=DIRECTION('',(0.,-1.,6.12323399573677E-17));
#2071=DIRECTION('',(0.,-6.12323399573677E-17,-1.));
#2072=DIRECTION('',(0.,-1.,6.12323399573677E-17));
#2073=DIRECTION('',(0.,-6.12323399573677E-17,-1.));
#2074=DIRECTION('',(0.,-1.,6.12323399573677E-17));
#2075=DIRECTION('',(0.,-6.12323399573677E-17,-1.));
#2076=DIRECTION('',(0.,-1.,6.12323399573677E-17));
#2077=DIRECTION('',(0.,-6.12323399573677E-17,-1.));
#2078=DIRECTION('',(0.,-1.,6.12323399573677E-17));
#2079=DIRECTION('',(0.,-6.12323399573677E-17,-1.));
#2080=DIRECTION('',(-9.40352250023799E-28,1.,7.6050585250236E-15));
#2081=DIRECTION('',(-1.,0.,0.));
#2082=DIRECTION('',(0.,1.,-6.12323399573677E-17));
#2083=DIRECTION('',(-1.,0.,0.));
#2084=DIRECTION('',(0.,1.,-6.12323399573677E-17));
#2085=DIRECTION('',(1.,0.,0.));
#2086=DIRECTION('',(0.,1.,-6.12323399573677E-17));
#2087=DIRECTION('',(1.,0.,0.));
#2088=DIRECTION('',(-1.23572649697409E-15,-1.,6.12323399573661E-17));
#2089=DIRECTION('',(5.56076923638339E-15,-6.12323399573677E-17,-1.));
#2090=DIRECTION('',(0.,1.,-6.12323399573677E-17));
#2091=DIRECTION('',(0.,-6.12323399573677E-17,-1.));
#2092=DIRECTION('',(0.,-1.,6.12323399573677E-17));
#2093=DIRECTION('',(0.,-6.12323399573677E-17,-1.));
#2094=DIRECTION('',(0.629750623353361,4.75651205726843E-17,0.776797368936104));
#2095=DIRECTION('',(0.,-1.,6.12323399573677E-17));
#2096=DIRECTION('',(0.,-6.12323399573677E-17,-1.));
#2097=DIRECTION('',(0.865768939048927,3.06433538977653E-17,0.500443947089077));
#2098=DIRECTION('',(1.,0.,0.));
#2099=DIRECTION('',(-0.865768939048927,3.06433538977653E-17,0.500443947089077));
#2100=DIRECTION('',(0.,1.,-6.12323399573677E-17));
#2101=DIRECTION('',(0.,-6.12323399573677E-17,-1.));
#2102=DIRECTION('',(-0.629750623353361,4.75651205726843E-17,0.776797368936104));
#2103=DIRECTION('',(0.,-1.,6.12323399573677E-17));
#2104=DIRECTION('',(0.,-6.12323399573677E-17,-1.));
#2105=DIRECTION('',(0.,-1.,6.12323399573677E-17));
#2106=DIRECTION('',(0.,-6.12323399573677E-17,-1.));
#2107=DIRECTION('',(-1.,0.,0.));
#2108=DIRECTION('',(0.,-1.,6.12323399573677E-17));
#2109=DIRECTION('',(0.,-6.12323399573677E-17,-1.));
#2110=DIRECTION('',(0.,1.,-6.12323399573677E-17));
#2111=DIRECTION('',(0.,-6.12323399573677E-17,-1.));
#2112=DIRECTION('',(0.,1.,-6.12323399573677E-17));
#2113=DIRECTION('',(0.,-6.12323399573677E-17,-1.));
#2114=DIRECTION('',(0.,1.,-6.12323399573677E-17));
#2115=DIRECTION('',(0.,-6.12323399573677E-17,-1.));
#2116=DIRECTION('',(0.,-1.,6.12323399573677E-17));
#2117=DIRECTION('',(1.,0.,0.));
#2118=DIRECTION('',(0.,-1.,6.12323399573677E-17));
#2119=DIRECTION('',(0.,-6.12323399573677E-17,-1.));
#2120=DIRECTION('',(0.,-1.,6.12323399573677E-17));
#2121=DIRECTION('',(0.,-6.12323399573677E-17,-1.));
#2122=DIRECTION('',(0.,-1.,6.12323399573677E-17));
#2123=DIRECTION('',(0.,-6.12323399573677E-17,-1.));
#2124=DIRECTION('',(0.,-1.,6.12323399573677E-17));
#2125=DIRECTION('',(0.,-6.12323399573677E-17,-1.));
#2126=DIRECTION('',(0.,-1.,6.12323399573677E-17));
#2127=DIRECTION('',(0.,-6.12323399573677E-17,-1.));
#2128=DIRECTION('',(0.,-1.,6.12323399573677E-17));
#2129=DIRECTION('',(0.,-6.12323399573677E-17,-1.));
#2130=DIRECTION('',(0.,-1.,6.12323399573677E-17));
#2131=DIRECTION('',(0.,-6.12323399573677E-17,-1.));
#2132=DIRECTION('',(0.,-1.,6.12323399573677E-17));
#2133=DIRECTION('',(0.,-6.12323399573677E-17,-1.));
#2134=DIRECTION('',(0.,-1.,6.12323399573677E-17));
#2135=DIRECTION('',(0.,-6.12323399573677E-17,-1.));
#2136=DIRECTION('',(0.,-1.,6.12323399573677E-17));
#2137=DIRECTION('',(0.,-6.12323399573677E-17,-1.));
#2138=DIRECTION('',(0.,-1.,6.12323399573677E-17));
#2139=DIRECTION('',(0.,-6.12323399573677E-17,-1.));
#2140=DIRECTION('',(0.,-6.12323399573677E-17,-1.));
#2141=DIRECTION('',(0.,-1.,6.12323399573677E-17));
#2142=DIRECTION('',(0.,-6.12323399573677E-17,-1.));
#2143=DIRECTION('',(0.,-1.,6.12323399573677E-17));
#2144=DIRECTION('',(0.,-6.12323399573677E-17,-1.));
#2145=DIRECTION('',(0.707106781186548,-4.32978028117747E-17,-0.707106781186548));
#2146=DIRECTION('',(0.,-1.,6.12323399573677E-17));
#2147=DIRECTION('',(0.,-6.12323399573677E-17,-1.));
#2148=DIRECTION('',(0.865768939048927,3.06433538977653E-17,0.500443947089077));
#2149=DIRECTION('',(0.,-1.,6.12323399573677E-17));
#2150=DIRECTION('',(0.,-6.12323399573677E-17,-1.));
#2151=DIRECTION('',(0.629750623353361,4.75651205726843E-17,0.776797368936104));
#2152=DIRECTION('',(0.,-1.,6.12323399573677E-17));
#2153=DIRECTION('',(0.,-6.12323399573677E-17,-1.));
#2154=DIRECTION('',(0.,1.,-6.12323399573677E-17));
#2155=DIRECTION('',(0.,-6.12323399573677E-17,-1.));
#2156=DIRECTION('',(-1.,0.,0.));
#2157=DIRECTION('',(0.,-1.,6.12323399573677E-17));
#2158=DIRECTION('',(0.,-6.12323399573677E-17,-1.));
#2159=DIRECTION('',(0.,-1.,6.12323399573677E-17));
#2160=DIRECTION('',(0.,-6.12323399573677E-17,-1.));
#2161=DIRECTION('',(-0.629750623353361,4.75651205726843E-17,0.776797368936104));
#2162=DIRECTION('',(0.,1.,-6.12323399573677E-17));
#2163=DIRECTION('',(0.,-6.12323399573677E-17,-1.));
#2164=DIRECTION('',(-0.865768939048927,3.06433538977653E-17,0.500443947089077));
#2165=DIRECTION('',(0.,-1.,6.12323399573677E-17));
#2166=DIRECTION('',(0.,-6.12323399573677E-17,-1.));
#2167=DIRECTION('',(0.707106781186548,4.32978028117747E-17,0.707106781186548));
#2168=DIRECTION('',(0.,-1.,6.12323399573677E-17));
#2169=DIRECTION('',(0.,-6.12323399573677E-17,-1.));
#2170=DIRECTION('',(0.,-1.,6.12323399573677E-17));
#2171=DIRECTION('',(0.,-6.12323399573677E-17,-1.));
#2172=DIRECTION('',(0.,6.12323399573677E-17,1.));
#2173=DIRECTION('',(0.,-1.,6.12323399573677E-17));
#2174=DIRECTION('',(0.,-6.12323399573677E-17,-1.));
#2175=DIRECTION('',(0.,-1.,6.12323399573677E-17));
#2176=DIRECTION('',(0.,-6.12323399573677E-17,-1.));
#2177=DIRECTION('',(0.,-1.,6.12323399573677E-17));
#2178=DIRECTION('',(0.,-6.12323399573677E-17,-1.));
#2179=DIRECTION('',(-0.707106781186548,4.32978028117747E-17,0.707106781186548));
#2180=DIRECTION('',(0.,-1.,6.12323399573677E-17));
#2181=DIRECTION('',(0.,-6.12323399573677E-17,-1.));
#2182=DIRECTION('',(0.,-1.,6.12323399573677E-17));
#2183=DIRECTION('',(0.,-6.12323399573677E-17,-1.));
#2184=DIRECTION('',(0.,-1.,6.12323399573677E-17));
#2185=DIRECTION('',(0.,-6.12323399573677E-17,-1.));
#2186=DIRECTION('',(-1.,0.,0.));
#2187=DIRECTION('',(0.,-1.,6.12323399573677E-17));
#2188=DIRECTION('',(0.,-6.12323399573677E-17,-1.));
#2189=DIRECTION('',(0.,-1.,6.12323399573677E-17));
#2190=DIRECTION('',(0.,-6.12323399573677E-17,-1.));
#2191=DIRECTION('',(0.,-1.,6.12323399573677E-17));
#2192=DIRECTION('',(0.,-6.12323399573677E-17,-1.));
#2193=DIRECTION('',(-0.707106781186548,-4.32978028117747E-17,-0.707106781186548));
#2194=DIRECTION('',(0.,-1.,6.12323399573677E-17));
#2195=DIRECTION('',(0.,-6.12323399573677E-17,-1.));
#2196=DIRECTION('',(0.,-1.,6.12323399573677E-17));
#2197=DIRECTION('',(0.,-6.12323399573677E-17,-1.));
#2198=DIRECTION('',(0.,-1.,6.12323399573677E-17));
#2199=DIRECTION('',(0.,-6.12323399573677E-17,-1.));
#2200=DIRECTION('',(0.,-1.,6.12323399573677E-17));
#2201=DIRECTION('',(0.,-6.12323399573677E-17,-1.));
#2202=DIRECTION('',(0.,-1.,6.12323399573677E-17));
#2203=DIRECTION('',(0.,-6.12323399573677E-17,-1.));
#2204=DIRECTION('',(0.,-1.,6.12323399573677E-17));
#2205=DIRECTION('',(0.,-6.12323399573677E-17,-1.));
#2206=DIRECTION('',(0.,-1.,6.12323399573677E-17));
#2207=DIRECTION('',(0.,-6.12323399573677E-17,-1.));
#2208=DIRECTION('',(0.707106781186548,0.,0.707106781186548));
#2209=DIRECTION('',(0.707106781186548,0.,-0.707106781186548));
#2210=DIRECTION('',(0.,-1.,6.12323399573677E-17));
#2211=DIRECTION('',(0.,-6.12323399573677E-17,-1.));
#2212=DIRECTION('',(4.95635278850516E-16,0.,1.));
#2213=DIRECTION('',(1.,0.,-4.95635278850516E-16));
#2214=DIRECTION('',(0.,6.12323399573677E-17,1.));
#2215=DIRECTION('',(0.,-1.,6.12323399573677E-17));
#2216=DIRECTION('',(0.,6.12323399573677E-17,1.));
#2217=DIRECTION('',(0.,0.,1.));
#2218=DIRECTION('',(1.,0.,0.));
#2219=DIRECTION('',(-1.,0.,0.));
#2220=DIRECTION('',(0.,6.12323399573677E-17,1.));
#2221=DIRECTION('',(0.,1.,-6.12323399573677E-17));
#2222=DIRECTION('',(0.,1.,-6.12323399573677E-17));
#2223=DIRECTION('',(0.,6.12323399573677E-17,1.));
#2224=DIRECTION('',(0.,-1.,6.12323399573677E-17));
#2225=DIRECTION('',(0.,-6.12323399573677E-17,-1.));
#2226=DIRECTION('',(0.,-1.,6.12323399573677E-17));
#2227=DIRECTION('',(0.,6.12323399573677E-17,1.));
#2228=DIRECTION('',(1.,0.,0.));
#2229=DIRECTION('',(0.,-6.12323399573677E-17,-1.));
#2230=DIRECTION('',(0.,1.,-6.12323399573677E-17));
#2231=DIRECTION('',(0.,-6.12323399573677E-17,-1.));
#2232=DIRECTION('',(0.,-1.,6.12323399573677E-17));
#2233=DIRECTION('',(0.,-6.12323399573677E-17,-1.));
#2234=DIRECTION('',(0.,-1.,6.12323399573677E-17));
#2235=DIRECTION('',(0.,6.12323399573677E-17,1.));
#2236=DIRECTION('',(0.,-1.,6.12323399573677E-17));
#2237=DIRECTION('',(0.,-6.12323399573677E-17,-1.));
#2238=DIRECTION('',(0.707106781186548,4.32978028117747E-17,0.707106781186548));
#2239=DIRECTION('',(0.707106781186548,-4.32978028117747E-17,-0.707106781186548));
#2240=DIRECTION('',(0.,1.,-6.12323399573677E-17));
#2241=DIRECTION('',(0.707106781186548,-4.32978028117746E-17,-0.707106781186548));
#2242=DIRECTION('',(0.,1.,-6.12323399573677E-17));
#2243=DIRECTION('',(0.707106781186548,-4.32978028117747E-17,-0.707106781186548));
#2244=DIRECTION('',(0.,1.,-6.12323399573677E-17));
#2245=DIRECTION('',(0.,6.12323399573677E-17,1.));
#2246=DIRECTION('',(0.,-1.,6.12323399573677E-17));
#2247=DIRECTION('',(0.,-6.12323399573677E-17,-1.));
#2248=DIRECTION('',(0.,1.,-6.12323399573677E-17));
#2249=DIRECTION('',(0.707106781186502,4.32978028117774E-17,0.707106781186593));
#2250=DIRECTION('',(0.,1.,-6.12323399573677E-17));
#2251=DIRECTION('',(0.,6.12323399573677E-17,1.));
#2252=DIRECTION('',(0.,-1.,6.12323399573677E-17));
#2253=DIRECTION('',(0.,-1.,6.12323399573677E-17));
#2254=DIRECTION('',(0.,-6.12323399573677E-17,-1.));
#2255=DIRECTION('',(0.,1.,-6.12323399573677E-17));
#2256=DIRECTION('',(-5.68434188608209E-14,6.12323399573677E-17,1.));
#2257=DIRECTION('',(-0.707106781186548,4.32978028117747E-17,0.707106781186548));
#2258=DIRECTION('',(-0.707106781186548,-4.32978028117747E-17,-0.707106781186548));
#2259=DIRECTION('',(0.,1.,-6.12323399573677E-17));
#2260=DIRECTION('',(0.707106781186548,4.32978028117746E-17,0.707106781186548));
#2261=DIRECTION('',(0.,1.,-6.12323399573677E-17));
#2262=DIRECTION('',(0.707106781186548,4.32978028117747E-17,0.707106781186548));
#2263=DIRECTION('',(0.,1.,-6.12323399573677E-17));
#2264=DIRECTION('',(0.,6.12323399573677E-17,1.));
#2265=DIRECTION('',(0.,1.,-6.12323399573677E-17));
#2266=DIRECTION('',(-1.,-9.28174812806796E-30,-1.51582450295551E-13));
#2267=DIRECTION('',(0.,1.,-6.12323399573677E-17));
#2268=DIRECTION('',(0.,6.12323399573677E-17,1.));
#2269=DIRECTION('',(0.,-1.,6.12323399573677E-17));
#2270=DIRECTION('',(0.,-6.12323399573677E-17,-1.));
#2271=DIRECTION('',(0.,1.,-6.12323399573677E-17));
#2272=DIRECTION('',(9.52570548354487E-14,1.,-2.30032106035393E-13));
#2273=DIRECTION('',(-0.707106781186647,2.27416973246096E-13,0.707106781186448));
#2274=DIRECTION('',(-0.707106781186548,4.32978028117747E-17,0.707106781186548));
#2275=DIRECTION('',(-0.707106781186548,-4.32978028117747E-17,-0.707106781186548));
#2276=DIRECTION('',(0.,-1.,6.12323399573677E-17));
#2277=DIRECTION('',(0.707106781186548,4.32978028117746E-17,0.707106781186548));
#2278=DIRECTION('',(0.,1.,-6.12323399573677E-17));
#2279=DIRECTION('',(-0.707106781186548,-4.32978028117747E-17,-0.707106781186548));
#2280=DIRECTION('',(-0.707106781186548,-4.32978028117747E-17,-0.707106781186548));
#2281=DIRECTION('',(0.707106781186548,-4.32978028117747E-17,-0.707106781186548));
#2282=DIRECTION('',(0.,-1.,6.12323399573677E-17));
#2283=DIRECTION('',(-0.707106781186548,4.32978028117746E-17,0.707106781186548));
#2284=DIRECTION('',(0.,1.,-6.12323399573677E-17));
#2285=DIRECTION('',(0.707106781186548,-4.32978028117747E-17,-0.707106781186548));
#2286=DIRECTION('',(0.707106781186548,4.32978028117747E-17,0.707106781186548));
#2287=DIRECTION('',(0.707106781186548,-4.32978028117747E-17,-0.707106781186548));
#2288=DIRECTION('',(0.,-1.,6.12323399573677E-17));
#2289=DIRECTION('',(0.707106781186548,-4.32978028117746E-17,-0.707106781186548));
#2290=DIRECTION('',(0.,1.,-6.12323399573677E-17));
#2291=DIRECTION('',(-0.707106781186548,4.32978028117747E-17,0.707106781186548));
#2292=DIRECTION('',(0.707106781186548,-4.32978028117747E-17,-0.707106781186548));
#2293=DIRECTION('',(-0.707106781186548,-4.32978028117747E-17,-0.707106781186548));
#2294=DIRECTION('',(0.,-1.,6.12323399573677E-17));
#2295=DIRECTION('',(-0.707106781186548,-4.32978028117746E-17,-0.707106781186548));
#2296=DIRECTION('',(0.,1.,-6.12323399573677E-17));
#2297=DIRECTION('',(0.707106781186548,4.32978028117747E-17,0.707106781186548));
#2298=DIRECTION('',(-1.,0.,0.));
#2299=DIRECTION('',(0.,6.12323399573677E-17,1.));
#2300=DIRECTION('',(0.,6.12323399573677E-17,1.));
#2301=DIRECTION('',(0.,-6.12323399573677E-17,-1.));
#2302=DIRECTION('',(0.,-1.,6.12323399573677E-17));
#2303=DIRECTION('',(0.,6.12323399573677E-17,1.));
#2304=DIRECTION('',(0.,-1.,6.12323399573677E-17));
#2305=DIRECTION('',(0.,-6.12323399573677E-17,-1.));
#2306=DIRECTION('',(0.,6.12323399573677E-17,1.));
#2307=DIRECTION('',(1.,0.,0.));
#2308=DIRECTION('',(1.,0.,0.));
#2309=DIRECTION('',(-1.,0.,0.));
#2310=DIRECTION('',(0.,-1.,6.12323399573677E-17));
#2311=DIRECTION('',(1.,0.,0.));
#2312=DIRECTION('',(0.,-1.,6.12323399573677E-17));
#2313=DIRECTION('',(-1.,0.,0.));
#2314=DIRECTION('',(1.,0.,0.));
#2315=DIRECTION('',(0.,-6.12323399573677E-17,-1.));
#2316=DIRECTION('',(0.,-6.12323399573677E-17,-1.));
#2317=DIRECTION('',(0.,6.12323399573677E-17,1.));
#2318=DIRECTION('',(0.,-1.,6.12323399573677E-17));
#2319=DIRECTION('',(0.,-6.12323399573677E-17,-1.));
#2320=DIRECTION('',(0.,-1.,6.12323399573677E-17));
#2321=DIRECTION('',(0.,6.12323399573677E-17,1.));
#2322=DIRECTION('',(0.,-6.12323399573677E-17,-1.));
#2323=DIRECTION('',(-1.,0.,0.));
#2324=DIRECTION('',(-1.,0.,0.));
#2325=DIRECTION('',(1.,0.,0.));
#2326=DIRECTION('',(0.,-1.,6.12323399573677E-17));
#2327=DIRECTION('',(-1.,0.,0.));
#2328=DIRECTION('',(0.,-1.,6.12323399573677E-17));
#2329=DIRECTION('',(1.,0.,0.));
#2330=DIRECTION('',(0.,1.,-6.12323399573677E-17));
#2331=DIRECTION('',(0.,6.12323399573677E-17,1.));
#2332=DIRECTION('',(0.,-1.,6.12323399573677E-17));
#2333=DIRECTION('',(0.,-1.,6.12323399573677E-17));
#2334=DIRECTION('',(0.,-6.12323399573677E-17,-1.));
#2335=DIRECTION('',(0.,1.,-6.12323399573677E-17));
#2336=DIRECTION('',(-0.707106781186749,-4.32978028117623E-17,-0.707106781186346));
#2337=DIRECTION('',(-0.707106781186548,-4.32978028117747E-17,-0.707106781186548));
#2338=DIRECTION('',(0.707106781186548,-4.32978028117747E-17,-0.707106781186548));
#2339=DIRECTION('',(0.,1.,-6.12323399573677E-17));
#2340=DIRECTION('',(-0.707106781186548,4.32978028117746E-17,0.707106781186548));
#2341=DIRECTION('',(-0.707106781186548,4.32978028117747E-17,0.707106781186548));
#2342=DIRECTION('',(0.,1.,-6.12323399573677E-17));
#2343=DIRECTION('',(0.,6.12323399573677E-17,1.));
#2344=DIRECTION('',(0.,-1.,6.12323399573677E-17));
#2345=DIRECTION('',(0.,-1.,6.12323399573677E-17));
#2346=DIRECTION('',(0.,-6.12323399573677E-17,-1.));
#2347=DIRECTION('',(0.,1.,-6.12323399573677E-17));
#2348=DIRECTION('',(-4.73695157173292E-14,-6.12323399573677E-17,-1.));
#2349=DIRECTION('',(0.,-6.12323399573677E-17,-1.));
#2350=DIRECTION('',(-1.,0.,0.));
#2351=DIRECTION('',(0.,1.,-6.12323399573677E-17));
#2352=DIRECTION('',(-1.,0.,0.));
#2353=DIRECTION('',(-1.,0.,0.));
#2354=DIRECTION('',(0.,-1.,6.12323399573677E-17));
#2355=DIRECTION('',(1.,0.,0.));
#2356=DIRECTION('',(0.,-1.,6.12323399573677E-17));
#2357=DIRECTION('',(-1.,0.,0.));
#2358=DIRECTION('',(0.,1.,-6.12323399573677E-17));
#2359=DIRECTION('',(0.,6.12323399573677E-17,1.));
#2360=DIRECTION('',(0.,-1.,6.12323399573677E-17));
#2361=DIRECTION('',(0.,-1.,6.12323399573677E-17));
#2362=DIRECTION('',(0.,-6.12323399573677E-17,-1.));
#2363=DIRECTION('',(0.,1.,-6.12323399573677E-17));
#2364=DIRECTION('',(0.707106781186439,-4.32978028117813E-17,-0.707106781186656));
#2365=DIRECTION('',(0.707106781186548,-4.32978028117747E-17,-0.707106781186548));
#2366=DIRECTION('',(-0.707106781186548,-4.32978028117747E-17,-0.707106781186548));
#2367=DIRECTION('',(0.,1.,-6.12323399573677E-17));
#2368=DIRECTION('',(-0.707106781186548,-4.32978028117746E-17,-0.707106781186548));
#2369=DIRECTION('',(-0.707106781186548,-4.32978028117747E-17,-0.707106781186548));
#2370=DIRECTION('',(0.,1.,-6.12323399573677E-17));
#2371=DIRECTION('',(0.,6.12323399573677E-17,1.));
#2372=DIRECTION('',(0.,-1.,6.12323399573677E-17));
#2373=DIRECTION('',(0.,-6.12323399573677E-17,-1.));
#2374=DIRECTION('',(5.74927184238703E-14,1.,-2.38754960488201E-14));
#2375=DIRECTION('',(1.,-6.15803704325368E-14,3.77071017702573E-30));
#2376=DIRECTION('',(0.,1.,-6.12323399573677E-17));
#2377=DIRECTION('',(0.,6.12323399573677E-17,1.));
#2378=DIRECTION('',(-1.23572649697409E-15,-1.,6.12323399573661E-17));
#2379=DIRECTION('',(5.56076923638339E-15,-6.12323399573677E-17,-1.));
#2380=DIRECTION('',(0.,-1.,6.12323399573677E-17));
#2381=DIRECTION('',(0.,6.12323399573677E-17,1.));
#2382=DIRECTION('',(0.,1.,-6.12323399573677E-17));
#2383=DIRECTION('',(1.,0.,0.));
#2384=DIRECTION('',(0.,-1.,6.12323399573677E-17));
#2385=DIRECTION('',(0.,6.12323399573677E-17,1.));
#2386=DIRECTION('',(0.,1.,-6.12323399573677E-17));
#2387=DIRECTION('',(1.,0.,0.));
#2388=DIRECTION('',(0.,-1.,6.12323399573677E-17));
#2389=DIRECTION('',(0.,6.12323399573677E-17,1.));
#2390=DIRECTION('',(0.,1.,-6.12323399573677E-17));
#2391=DIRECTION('',(-1.,0.,0.));
#2392=DIRECTION('',(0.,-1.,6.12323399573677E-17));
#2393=DIRECTION('',(0.,6.12323399573677E-17,1.));
#2394=DIRECTION('',(-9.40352250023799E-28,1.,7.6050585250236E-15));
#2395=DIRECTION('',(-1.,0.,0.));
#2396=DIRECTION('',(0.,6.12323399573677E-17,1.));
#2397=DIRECTION('',(1.,0.,0.));
#2398=DIRECTION('',(0.,-1.,6.12323399573677E-17));
#2399=DIRECTION('',(2.6530063992969E-17,1.,-4.58970589807226E-17));
#2400=DIRECTION('',(1.,0.,0.));
#2401=DIRECTION('',(0.,-1.,6.12323399573677E-17));
#2402=DIRECTION('',(-1.,0.,0.));
#2403=DIRECTION('',(0.,-1.,6.12323399573677E-17));
#2404=DIRECTION('',(1.,0.,0.));
#2405=DIRECTION('',(0.,1.,-6.12323399573677E-17));
#2406=DIRECTION('',(0.,1.,-6.12323399573677E-17));
#2407=DIRECTION('',(0.,1.,-6.12323399573677E-17));
#2408=DIRECTION('',(0.,6.12323399573677E-17,1.));
#2409=DIRECTION('',(0.,-6.12323399573677E-17,-1.));
#2410=DIRECTION('',(0.,-6.12323399573677E-17,-1.));
#2411=DIRECTION('',(-1.,0.,0.));
#2412=DIRECTION('',(0.,0.,1.));
#2413=DIRECTION('',(0.,-6.12323399573677E-17,-1.));
#2414=DIRECTION('',(0.,6.12323399573677E-17,1.));
#2415=DIRECTION('',(0.,-1.,6.12323399573677E-17));
#2416=DIRECTION('',(1.,0.,0.));
#2417=DIRECTION('',(-1.,0.,0.));
#2418=DIRECTION('',(1.,0.,0.));
#2419=DIRECTION('',(0.,0.,-1.));
#2420=DIRECTION('',(0.,6.12323399573677E-17,1.));
#2421=DIRECTION('',(0.,1.,-6.12323399573677E-17));
#2422=DIRECTION('',(0.,6.12323399573677E-17,1.));
#2423=DIRECTION('',(0.,1.,-6.12323399573677E-17));
#2424=DIRECTION('',(0.,6.12323399573677E-17,1.));
#2425=DIRECTION('',(-1.,0.,0.));
#2426=DIRECTION('',(0.,6.12323399573677E-17,1.));
#2427=DIRECTION('',(0.,-1.,6.12323399573677E-17));
#2428=DIRECTION('',(-1.,0.,0.));
#2429=DIRECTION('',(-1.,0.,0.));
#2430=DIRECTION('',(0.,0.,1.));
#2431=DIRECTION('',(0.,6.12323399573677E-17,1.));
#2432=DIRECTION('',(0.,-6.12323399573677E-17,-1.));
#2433=DIRECTION('',(0.,1.,-6.12323399573677E-17));
#2434=DIRECTION('',(0.,6.12323399573677E-17,1.));
#2435=DIRECTION('',(0.,1.,-6.12323399573677E-17));
#2436=DIRECTION('',(0.,6.12323399573677E-17,1.));
#2437=DIRECTION('',(0.,-6.12323399573677E-17,-1.));
#2438=DIRECTION('',(0.,-6.12323399573677E-17,-1.));
#2439=DIRECTION('',(0.,1.,-6.12323399573677E-17));
#2440=DIRECTION('',(1.,0.,0.));
#2441=DIRECTION('',(1.,0.,0.));
#2442=DIRECTION('',(1.,0.,0.));
#2443=DIRECTION('',(0.,0.,-1.));
#2444=DIRECTION('',(0.,6.12323399573677E-17,1.));
#2445=DIRECTION('',(0.,1.,-6.12323399573677E-17));
#2446=DIRECTION('',(0.,6.12323399573677E-17,1.));
#2447=DIRECTION('',(0.,1.,-6.12323399573677E-17));
#2448=DIRECTION('',(0.,6.12323399573677E-17,1.));
#2449=DIRECTION('',(-1.,0.,0.));
#2450=DIRECTION('',(0.,6.12323399573677E-17,1.));
#2451=DIRECTION('',(0.,-1.,6.12323399573677E-17));
#2452=DIRECTION('',(-1.,0.,0.));
#2453=DIRECTION('',(0.,1.,-6.12323399573677E-17));
#2454=DIRECTION('',(0.,6.12323399573677E-17,1.));
#2455=DIRECTION('',(0.,6.12323399573677E-17,1.));
#2456=DIRECTION('',(0.,-1.,6.12323399573677E-17));
#2457=DIRECTION('',(0.,-1.,6.12323399573677E-17));
#2458=DIRECTION('',(0.,-1.,6.12323399573677E-17));
#2459=DIRECTION('',(0.,-1.,6.12323399573677E-17));
#2460=DIRECTION('',(0.,-6.12323399573677E-17,-1.));
#2461=DIRECTION('',(0.,-1.,6.12323399573677E-17));
#2462=DIRECTION('',(0.,-1.,6.12323399573677E-17));
#2463=DIRECTION('',(0.,-6.12323399573677E-17,-1.));
#2464=DIRECTION('',(0.,-1.,6.12323399573677E-17));
#2465=DIRECTION('',(0.,-1.,6.12323399573677E-17));
#2466=DIRECTION('',(0.,-6.12323399573677E-17,-1.));
#2467=DIRECTION('',(0.,-1.,6.12323399573677E-17));
#2468=DIRECTION('',(0.,-6.12323399573677E-17,-1.));
#2469=DIRECTION('',(0.,-1.,6.12323399573677E-17));
#2470=DIRECTION('',(0.,-6.12323399573677E-17,-1.));
#2471=DIRECTION('',(0.,-1.,6.12323399573677E-17));
#2472=DIRECTION('',(0.,-6.12323399573677E-17,-1.));
#2473=DIRECTION('',(0.,-1.,6.12323399573677E-17));
#2474=DIRECTION('',(0.,-6.12323399573677E-17,-1.));
#2475=DIRECTION('',(0.,-1.,6.12323399573677E-17));
#2476=DIRECTION('',(0.,-6.12323399573677E-17,-1.));
#2477=DIRECTION('',(0.,-1.,6.12323399573677E-17));
#2478=DIRECTION('',(0.,-6.12323399573677E-17,-1.));
#2479=DIRECTION('',(0.,-1.,6.12323399573677E-17));
#2480=DIRECTION('',(0.,-6.12323399573677E-17,-1.));
#2481=DIRECTION('',(0.,-1.,6.12323399573677E-17));
#2482=DIRECTION('',(0.,-6.12323399573677E-17,-1.));
#2483=DIRECTION('',(0.,-1.,6.12323399573677E-17));
#2484=DIRECTION('',(0.,-6.12323399573677E-17,-1.));
#2485=DIRECTION('',(0.,-1.,6.12323399573677E-17));
#2486=DIRECTION('',(1.,0.,0.));
#2487=DIRECTION('',(0.,-1.,6.12323399573677E-17));
#2488=DIRECTION('',(0.,-6.12323399573677E-17,-1.));
#2489=DIRECTION('',(0.,-1.,6.12323399573677E-17));
#2490=DIRECTION('',(0.,-1.,6.12323399573677E-17));
#2491=DIRECTION('',(0.776797368936104,3.85611042575372E-17,0.629750623353361));
#2492=DIRECTION('',(0.629750623353361,0.,-0.776797368936104));
#2493=DIRECTION('',(-9.06245537735985E-34,-1.,6.12323399573677E-17));
#2494=DIRECTION('',(0.500443947089077,5.30130580003734E-17,0.865768939048927));
#2495=DIRECTION('',(0.865768939048927,0.,-0.500443947089077));
#2496=DIRECTION('',(0.776797368936104,-3.85611042575372E-17,-0.629750623353361));
#2497=DIRECTION('',(-0.629750623353361,0.,-0.776797368936104));
#2498=DIRECTION('',(9.06245537735985E-34,-1.,6.12323399573677E-17));
#2499=DIRECTION('',(0.,-1.,6.12323399573677E-17));
#2500=DIRECTION('',(0.,-1.,6.12323399573677E-17));
#2501=DIRECTION('',(0.,-6.12323399573677E-17,-1.));
#2502=DIRECTION('',(0.,-1.,6.12323399573677E-17));
#2503=DIRECTION('',(0.500443947089077,-5.30130580003734E-17,-0.865768939048927));
#2504=DIRECTION('',(-0.865768939048927,0.,-0.500443947089077));
#2505=DIRECTION('',(0.,-1.,6.12323399573677E-17));
#2506=DIRECTION('',(0.,-6.12323399573677E-17,-1.));
#2507=DIRECTION('',(0.707106781186532,0.,0.707106781186564));
#2508=DIRECTION('',(0.707106781186564,0.,-0.707106781186532));
#2509=DIRECTION('',(0.707106781186548,4.32978028117746E-17,0.707106781186548));
#2510=DIRECTION('',(0.707106781186548,0.,-0.707106781186548));
#2511=DIRECTION('',(0.,-1.,6.12323399573677E-17));
#2512=DIRECTION('',(0.,-6.12323399573677E-17,-1.));
#2513=DIRECTION('',(-0.707106781186438,0.,0.707106781186657));
#2514=DIRECTION('',(0.707106781186657,0.,0.707106781186438));
#2515=DIRECTION('',(-0.707106781186548,4.32978028117746E-17,0.707106781186548));
#2516=DIRECTION('',(0.707106781186548,0.,0.707106781186548));
#2517=DIRECTION('',(-0.707106781186548,0.,0.707106781186548));
#2518=DIRECTION('',(0.707106781186548,0.,0.707106781186548));
#2519=DIRECTION('',(0.,-1.,6.12323399573677E-17));
#2520=DIRECTION('',(0.,-6.12323399573677E-17,-1.));
#2521=DIRECTION('',(-1.,0.,0.));
#2522=DIRECTION('',(0.,0.,1.));
#2523=DIRECTION('',(-1.,0.,0.));
#2524=DIRECTION('',(0.,0.,1.));
#2525=DIRECTION('',(-1.,0.,0.));
#2526=DIRECTION('',(0.,0.,1.));
#2527=DIRECTION('',(0.,-1.,6.12323399573677E-17));
#2528=DIRECTION('',(0.,-6.12323399573677E-17,-1.));
#2529=DIRECTION('',(-0.707106781186716,0.,-0.707106781186379));
#2530=DIRECTION('',(-0.707106781186379,0.,0.707106781186716));
#2531=DIRECTION('',(-0.707106781186548,-4.32978028117746E-17,-0.707106781186548));
#2532=DIRECTION('',(-0.707106781186548,0.,0.707106781186548));
#2533=DIRECTION('',(-0.707106781186548,0.,-0.707106781186548));
#2534=DIRECTION('',(-0.707106781186548,0.,0.707106781186548));
#2535=DIRECTION('',(0.,-1.,6.12323399573677E-17));
#2536=DIRECTION('',(0.,-6.12323399573677E-17,-1.));
#2537=DIRECTION('',(4.95635278850517E-16,0.,-1.));
#2538=DIRECTION('',(-1.,0.,-4.95635278850517E-16));
#2539=DIRECTION('',(0.,-6.12323399573677E-17,-1.));
#2540=DIRECTION('',(0.,1.,-6.12323399573677E-17));
#2541=DIRECTION('',(4.95635278850516E-16,0.,-1.));
#2542=DIRECTION('',(-1.,0.,-4.95635278850516E-16));
#2543=DIRECTION('',(0.,-1.,6.12323399573677E-17));
#2544=DIRECTION('',(0.,-6.12323399573677E-17,-1.));
#2545=DIRECTION('',(0.707106781186548,0.,-0.707106781186548));
#2546=DIRECTION('',(-0.707106781186548,0.,-0.707106781186548));
#2547=DIRECTION('',(0.707106781186548,-4.32978028117746E-17,-0.707106781186548));
#2548=DIRECTION('',(-0.707106781186548,0.,-0.707106781186548));
#2549=DIRECTION('',(0.707106781186527,0.,-0.707106781186568));
#2550=DIRECTION('',(-0.707106781186568,0.,-0.707106781186527));
#2551=DIRECTION('',(0.,-1.,6.12323399573677E-17));
#2552=DIRECTION('',(0.,-6.12323399573677E-17,-1.));
#2553=DIRECTION('',(0.,-1.,6.12323399573677E-17));
#2554=DIRECTION('',(0.,-6.12323399573677E-17,-1.));
#2555=DIRECTION('',(0.,-1.,6.12323399573677E-17));
#2556=DIRECTION('',(0.,-6.12323399573677E-17,-1.));
#2557=DIRECTION('',(0.,-1.,6.12323399573677E-17));
#2558=DIRECTION('',(0.,-6.12323399573677E-17,-1.));
#2559=DIRECTION('',(0.,-1.,6.12323399573677E-17));
#2560=DIRECTION('',(0.,-6.12323399573677E-17,-1.));
#2561=DIRECTION('',(0.,-1.,6.12323399573677E-17));
#2562=DIRECTION('',(0.,-6.12323399573677E-17,-1.));
#2563=DIRECTION('',(0.,-1.,6.12323399573677E-17));
#2564=DIRECTION('',(0.,-6.12323399573677E-17,-1.));
#2565=DIRECTION('',(0.,-1.,6.12323399573677E-17));
#2566=DIRECTION('',(0.,-6.12323399573677E-17,-1.));
#2567=DIRECTION('',(0.,-1.,6.12323399573677E-17));
#2568=DIRECTION('',(0.,-6.12323399573677E-17,-1.));
#2569=DIRECTION('',(0.,-1.,6.12323399573677E-17));
#2570=DIRECTION('',(0.,-6.12323399573677E-17,-1.));
#2571=DIRECTION('',(0.,-1.,6.12323399573677E-17));
#2572=DIRECTION('',(0.,-6.12323399573677E-17,-1.));
#2573=DIRECTION('',(0.,-1.,6.12323399573677E-17));
#2574=DIRECTION('',(0.,-6.12323399573677E-17,-1.));
#2575=DIRECTION('',(0.,-1.,6.12323399573677E-17));
#2576=DIRECTION('',(0.,-6.12323399573677E-17,-1.));
#2577=CARTESIAN_POINT('',(0.,0.,0.));
#2578=CARTESIAN_POINT('',(0.,-6.93889390390723E-18,-0.10210233764908));
#2579=CARTESIAN_POINT('',(0.04215,-4.72615664686022E-19,0.00350000000000007));
#2580=CARTESIAN_POINT('',(0.04215,-5.92018727602889E-19,0.00155000000000007));
#2581=CARTESIAN_POINT('',(0.05415,2.62172414802391E-19,0.0155));
#2582=CARTESIAN_POINT('',(0.05415,1.42769351885524E-19,0.01355));
#2583=CARTESIAN_POINT('',(0.03015,2.62172414802391E-19,0.0155));
#2584=CARTESIAN_POINT('',(0.03015,1.42769351885524E-19,0.01355));
#2585=CARTESIAN_POINT('',(0.04215,9.96960494290802E-19,0.0275));
#2586=CARTESIAN_POINT('',(0.04215,8.77557431373935E-19,0.02555));
#2587=CARTESIAN_POINT('',(-0.04215,9.96960494290802E-19,0.0275));
#2588=CARTESIAN_POINT('',(-0.04215,8.77557431373935E-19,0.02555));
#2589=CARTESIAN_POINT('',(-0.03015,2.62172414802391E-19,0.0155));
#2590=CARTESIAN_POINT('',(-0.03015,1.42769351885524E-19,0.01355));
#2591=CARTESIAN_POINT('',(-0.0325850288425444,-1.94739833865574E-18,-0.0205850288425449));
#2592=CARTESIAN_POINT('',(-0.0325850288425444,-2.06680140157261E-18,-0.0225350288425449));
#2593=CARTESIAN_POINT('',(-0.0445850288425444,-2.68218641814415E-18,-0.0325850288425449));
#2594=CARTESIAN_POINT('',(-0.0445850288425444,-2.80158948106102E-18,-0.0345350288425449));
#2595=CARTESIAN_POINT('',(-0.0205850288425444,-2.68218641814415E-18,-0.0325850288425449));
#2596=CARTESIAN_POINT('',(-0.0205850288425444,-2.80158948106102E-18,-0.0345350288425449));
#2597=CARTESIAN_POINT('',(-0.0325850288425444,-3.41697449763256E-18,-0.0445850288425449));
#2598=CARTESIAN_POINT('',(-0.0325850288425444,-3.53637756054943E-18,-0.0465350288425449));
#2599=CARTESIAN_POINT('',(-0.0325850288425444,-2.68218641814415E-18,-0.0325850288425449));
#2600=CARTESIAN_POINT('',(-0.0325850288425444,-2.95773194795231E-18,-0.0370850288425449));
#2601=CARTESIAN_POINT('',(0.0325850288425444,-3.41697449763256E-18,-0.0445850288425449));
#2602=CARTESIAN_POINT('',(0.0325850288425444,-3.53637756054943E-18,-0.0465350288425449));
#2603=CARTESIAN_POINT('',(0.0205850288425444,-2.68218641814415E-18,-0.0325850288425449));
#2604=CARTESIAN_POINT('',(0.0205850288425444,-2.80158948106102E-18,-0.0345350288425449));
#2605=CARTESIAN_POINT('',(0.0325850288425444,-1.94739833865574E-18,-0.0205850288425449));
#2606=CARTESIAN_POINT('',(0.0325850288425444,-2.06680140157261E-18,-0.0225350288425449));
#2607=CARTESIAN_POINT('',(0.0325850288425444,-2.68218641814415E-18,-0.0325850288425449));
#2608=CARTESIAN_POINT('',(0.0325850288425444,-2.95773194795231E-18,-0.0370850288425449));
#2609=CARTESIAN_POINT('',(0.0445850288425444,-2.68218641814415E-18,-0.0325850288425449));
#2610=CARTESIAN_POINT('',(0.0445850288425444,-2.80158948106102E-18,-0.0345350288425449));
#2611=CARTESIAN_POINT('',(-0.0155,0.,0.0155));
#2612=CARTESIAN_POINT('',(-0.0173536806084564,0.,0.0155));
#2613=CARTESIAN_POINT('',(0.0155,0.,0.0155));
#2614=CARTESIAN_POINT('',(0.0136463193915433,0.,0.0155));
#2615=CARTESIAN_POINT('',(0.0155,0.,-0.0155));
#2616=CARTESIAN_POINT('',(0.0173536806084565,0.,-0.0155));
#2617=CARTESIAN_POINT('',(-0.0155,0.,-0.0155));
#2618=CARTESIAN_POINT('',(-0.0136463193915436,0.,-0.0155));
#2619=CARTESIAN_POINT('',(0.,0.,0.));
#2620=CARTESIAN_POINT('',(6.3948846218409E-17,-7.04171909509728E-19,-0.0115));
#2621=CARTESIAN_POINT('',(0.0325850288425444,-2.68218641814415E-18,-0.0325850288425449));
#2622=CARTESIAN_POINT('',(0.0464685842802295,-1.80068124470894E-18,-0.0181889568640945));
#2623=CARTESIAN_POINT('',(0.0325850288425444,-3.90683321729151E-18,-0.0525850288425449));
#2624=CARTESIAN_POINT('',(0.0499394731396508,-1.7347234759768E-18,-0.0145899388694819));
#2625=CARTESIAN_POINT('',(0.0460554862949703,-1.38749943006245E-18,-0.0114411857527151));
#2626=CARTESIAN_POINT('',(0.0503254628885691,-1.06498771830651E-18,-0.00617416979381994));
#2627=CARTESIAN_POINT('',(0.0576859473787221,-5.09049670348354E-19,0.00290498753293283));
#2628=CARTESIAN_POINT('',(0.04215,2.6217241480239E-19,0.0155));
#2629=CARTESIAN_POINT('',(0.0321411210582185,1.32243357480986E-18,0.0328153787809786));
#2630=CARTESIAN_POINT('',(0.0246455605291092,1.05713286512173E-18,0.0284826893904893));
#2631=CARTESIAN_POINT('',(0.0171499999999997,6.12323399573538E-20,0.0241499999999997));
#2632=CARTESIAN_POINT('',(0.01715,0.,0.02415));
#2633=CARTESIAN_POINT('',(-0.0171499999999993,1.22464679914708E-19,0.0241499999999995));
#2634=CARTESIAN_POINT('',(-0.0246455605291092,1.05713286512173E-18,0.0284826893904893));
#2635=CARTESIAN_POINT('',(-0.0321411210582185,1.32243357480986E-18,0.0328153787809786));
#2636=CARTESIAN_POINT('',(-0.04215,2.6217241480239E-19,0.0155));
#2637=CARTESIAN_POINT('',(-0.0576859473787221,-5.09049670348354E-19,0.00290498753293283));
#2638=CARTESIAN_POINT('',(-0.0503254628885691,-1.06498771830651E-18,-0.00617416979381994));
#2639=CARTESIAN_POINT('',(-0.0460554862949703,-1.38749943006246E-18,-0.0114411857527151));
#2640=CARTESIAN_POINT('',(-0.0499394731396508,-1.7347234759768E-18,-0.0145899388694819));
#2641=CARTESIAN_POINT('',(-0.0464685842802295,-1.80068124470894E-18,-0.0181889568640945));
#2642=CARTESIAN_POINT('',(-0.0325850288425445,-2.68218641814415E-18,-0.0325850288425449));
#2643=CARTESIAN_POINT('',(-0.0325850288425444,-3.90683321729151E-18,-0.0525850288425449));
#2644=CARTESIAN_POINT('',(0.0162925144212723,-3.90683321729151E-18,-0.0525850288425449));
#2645=CARTESIAN_POINT('',(0.04215,2.62172414802391E-19,0.0155));
#2646=CARTESIAN_POINT('',(0.04215,-1.33731150057641E-20,0.011));
#2647=CARTESIAN_POINT('',(-0.04215,-4.72615664686022E-19,0.00350000000000007));
#2648=CARTESIAN_POINT('',(-0.04215,-5.92018727602889E-19,0.00155000000000007));
#2649=CARTESIAN_POINT('',(-0.04215,2.62172414802391E-19,0.0155));
#2650=CARTESIAN_POINT('',(-0.04215,-1.33731150057641E-20,0.011));
#2651=CARTESIAN_POINT('',(-0.05415,2.62172414802391E-19,0.0155));
#2652=CARTESIAN_POINT('',(-0.05415,1.42769351885524E-19,0.01355));
#2653=CARTESIAN_POINT('',(0.,0.01,-0.0142162644212725));
#2654=CARTESIAN_POINT('',(0.04215,0.01,0.00350000000000007));
#2655=CARTESIAN_POINT('',(0.04215,0.01,0.00155000000000007));
#2656=CARTESIAN_POINT('',(0.05415,0.01,0.0155));
#2657=CARTESIAN_POINT('',(0.05415,0.01,0.01355));
#2658=CARTESIAN_POINT('',(0.04215,0.01,0.0275));
#2659=CARTESIAN_POINT('',(0.04215,0.01,0.02555));
#2660=CARTESIAN_POINT('',(-0.04215,0.01,0.00350000000000007));
#2661=CARTESIAN_POINT('',(-0.04215,0.01,0.00155000000000007));
#2662=CARTESIAN_POINT('',(0.0445850288425444,0.01,-0.0325850288425449));
#2663=CARTESIAN_POINT('',(0.0445850288425444,0.01,-0.0345350288425449));
#2664=CARTESIAN_POINT('',(0.0325850288425444,0.01,-0.0445850288425449));
#2665=CARTESIAN_POINT('',(0.0325850288425444,0.01,-0.0465350288425449));
#2666=CARTESIAN_POINT('',(-0.0445850288425444,0.01,-0.0325850288425449));
#2667=CARTESIAN_POINT('',(-0.0445850288425444,0.01,-0.0345350288425449));
#2668=CARTESIAN_POINT('',(-0.0325850288425444,0.01,-0.0445850288425449));
#2669=CARTESIAN_POINT('',(-0.0325850288425444,0.01,-0.0465350288425449));
#2670=CARTESIAN_POINT('',(-0.0325850288425444,0.01,-0.0325850288425449));
#2671=CARTESIAN_POINT('',(-0.0325850288425444,0.01,-0.0370850288425449));
#2672=CARTESIAN_POINT('',(0.0325850288425444,0.01,-0.0325850288425449));
#2673=CARTESIAN_POINT('',(0.0325850288425444,0.01,-0.0370850288425449));
#2674=CARTESIAN_POINT('',(0.04215,0.01,0.0155));
#2675=CARTESIAN_POINT('',(0.04215,0.01,0.011));
#2676=CARTESIAN_POINT('',(0.03115,0.01,-0.0142162644212725));
#2677=CARTESIAN_POINT('',(0.03115,0.01,-0.01715));
#2678=CARTESIAN_POINT('',(0.03115,0.01,0.0138259330957217));
#2679=CARTESIAN_POINT('',(0.03015,0.01,0.0155));
#2680=CARTESIAN_POINT('',(0.0311499709974548,0.01,0.0171740842285409));
#2681=CARTESIAN_POINT('',(0.021150000000001,0.01,0.01715));
#2682=CARTESIAN_POINT('',(0.0282210678118654,0.01,0.0242210678118652));
#2683=CARTESIAN_POINT('',(0.0333292000225019,0.01,0.0191129356012293));
#2684=CARTESIAN_POINT('',(0.0242210678118614,0.01,0.0282210678118698));
#2685=CARTESIAN_POINT('',(0.0171500000000013,0.01,0.02115000000001));
#2686=CARTESIAN_POINT('',(0.0242107604762918,0.01,0.0282313601445295));
#2687=CARTESIAN_POINT('',(0.0246455605291092,0.01,0.0284826893904893));
#2688=CARTESIAN_POINT('',(0.0321411210582185,0.01,0.0328153787809786));
#2689=CARTESIAN_POINT('',(0.04215,0.01,0.0155));
#2690=CARTESIAN_POINT('',(0.0576859473787221,0.01,0.00290498753293283));
#2691=CARTESIAN_POINT('',(0.0503254628885691,0.01,-0.00617416979381995));
#2692=CARTESIAN_POINT('',(0.0460554862949703,0.01,-0.0114411857527151));
#2693=CARTESIAN_POINT('',(0.0499394731396508,0.01,-0.0145899388694819));
#2694=CARTESIAN_POINT('',(0.0464685842802295,0.01,-0.0181889568640945));
#2695=CARTESIAN_POINT('',(0.0325850288425444,0.01,-0.0325850288425449));
#2696=CARTESIAN_POINT('',(0.0325850288425444,0.01,-0.0525850288425449));
#2697=CARTESIAN_POINT('',(0.0162925144212723,0.01,-0.0525850288425449));
#2698=CARTESIAN_POINT('',(-0.0325850288425444,0.01,-0.0525850288425449));
#2699=CARTESIAN_POINT('',(-0.0325850288425445,0.01,-0.0325850288425449));
#2700=CARTESIAN_POINT('',(-0.0464685842802295,0.01,-0.0181889568640945));
#2701=CARTESIAN_POINT('',(-0.0499394731396508,0.01,-0.0145899388694819));
#2702=CARTESIAN_POINT('',(-0.0460554862949703,0.01,-0.0114411857527151));
#2703=CARTESIAN_POINT('',(-0.0503254628885691,0.01,-0.00617416979381995));
#2704=CARTESIAN_POINT('',(-0.0576859473787221,0.01,0.00290498753293283));
#2705=CARTESIAN_POINT('',(-0.04215,0.01,0.0155));
#2706=CARTESIAN_POINT('',(-0.0321411210582185,0.01,0.0328153787809786));
#2707=CARTESIAN_POINT('',(-0.0246455605291092,0.01,0.0284826893904893));
#2708=CARTESIAN_POINT('',(-0.0242107604762918,0.01,0.0282313601445295));
#2709=CARTESIAN_POINT('',(-0.0171500000000012,0.01,0.02115000000001));
#2710=CARTESIAN_POINT('',(-0.0242210678118613,0.01,0.0282210678118698));
#2711=CARTESIAN_POINT('',(-0.0333292000225018,0.01,0.0191129356012292));
#2712=CARTESIAN_POINT('',(-0.0282210678118652,0.01,0.0242210678118652));
#2713=CARTESIAN_POINT('',(-0.02115,0.01,0.01715));
#2714=CARTESIAN_POINT('',(-0.0311499709974543,0.01,0.0171740842285413));
#2715=CARTESIAN_POINT('',(-0.03015,0.01,0.0155));
#2716=CARTESIAN_POINT('',(-0.03115,0.01,0.0138259330957217));
#2717=CARTESIAN_POINT('',(-0.03115,0.01,-0.0142162644212725));
#2718=CARTESIAN_POINT('',(-0.03115,0.01,-0.01715));
#2719=CARTESIAN_POINT('',(-0.0211499999999981,0.01,-0.01715));
#2720=CARTESIAN_POINT('',(-0.0307780222119644,0.01,-0.0198520711104487));
#2721=CARTESIAN_POINT('',(-0.0325850288425444,0.01,-0.0205850288425449));
#2722=CARTESIAN_POINT('',(-0.0306732420993047,0.01,-0.0202008785485549));
#2723=CARTESIAN_POINT('',(-0.0211499999999981,0.01,-0.01715));
#2724=CARTESIAN_POINT('',(-0.0282210678118658,0.01,-0.0242210678118656));
#2725=CARTESIAN_POINT('',(-0.0191129356012294,0.01,-0.033329200022502));
#2726=CARTESIAN_POINT('',(-0.0242210678118648,0.01,-0.0282210678118651));
#2727=CARTESIAN_POINT('',(-0.01715,0.01,-0.02115));
#2728=CARTESIAN_POINT('',(-0.0202008785485451,0.01,-0.030673242099307));
#2729=CARTESIAN_POINT('',(-0.0205850288425444,0.01,-0.0325850288425449));
#2730=CARTESIAN_POINT('',(-0.0198520711104571,0.01,-0.0307780222119613));
#2731=CARTESIAN_POINT('',(-0.01715,0.01,-0.02115));
#2732=CARTESIAN_POINT('',(-0.01715,0.01,-0.03115));
#2733=CARTESIAN_POINT('',(0.,0.01,-0.03115));
#2734=CARTESIAN_POINT('',(0.0171500000000009,0.01,-0.0311499999999989));
#2735=CARTESIAN_POINT('',(0.0171500000000009,0.01,-0.02115));
#2736=CARTESIAN_POINT('',(0.0198520711104586,0.01,-0.0307780222119607));
#2737=CARTESIAN_POINT('',(0.0205850288425444,0.01,-0.0325850288425449));
#2738=CARTESIAN_POINT('',(0.0202008785485438,0.01,-0.0306732420993073));
#2739=CARTESIAN_POINT('',(0.0171500000000009,0.01,-0.02115));
#2740=CARTESIAN_POINT('',(0.0242210678118646,0.01,-0.028221067811867));
#2741=CARTESIAN_POINT('',(0.0191129356012295,0.01,-0.0333292000225021));
#2742=CARTESIAN_POINT('',(0.0282210678118653,0.01,-0.0242210678118654));
#2743=CARTESIAN_POINT('',(0.0211500000000008,0.01,-0.01715));
#2744=CARTESIAN_POINT('',(0.0306732420993047,0.01,-0.0202008785485549));
#2745=CARTESIAN_POINT('',(0.0325850288425444,0.01,-0.0205850288425449));
#2746=CARTESIAN_POINT('',(0.0307780222119645,0.01,-0.0198520711104486));
#2747=CARTESIAN_POINT('',(0.0211500000000008,0.01,-0.01715));
#2748=CARTESIAN_POINT('',(-0.04215,0.01,0.0155));
#2749=CARTESIAN_POINT('',(-0.04215,0.01,0.011));
#2750=CARTESIAN_POINT('',(-0.04215,0.01,0.0275));
#2751=CARTESIAN_POINT('',(-0.04215,0.01,0.02555));
#2752=CARTESIAN_POINT('',(-0.05415,0.01,0.0155));
#2753=CARTESIAN_POINT('',(-0.05415,0.01,0.01355));
#2754=CARTESIAN_POINT('',(-0.02115,0.017,0.01715));
#2755=CARTESIAN_POINT('',(-0.0311499709974542,0.01,0.0171740842285412));
#2756=CARTESIAN_POINT('',(-0.0305224598377309,0.01,0.0175489118206087));
#2757=CARTESIAN_POINT('',(-0.0297093061395121,0.010121346796954,0.0175269803065647));
#2758=CARTESIAN_POINT('',(-0.0291107695154584,0.010303617466802,0.0171500000000004));
#2759=CARTESIAN_POINT('',(-0.0291107695154586,0.010303617466802,0.01715));
#2760=CARTESIAN_POINT('',(-0.0282210678118655,0.017,0.0242210678118655));
#2761=CARTESIAN_POINT('',(-0.0232713203435599,0.017,0.0192713203435599));
#2762=CARTESIAN_POINT('',(-0.02115,0.017,0.01715));
#2763=CARTESIAN_POINT('',(-0.02415,0.017,0.01715));
#2764=CARTESIAN_POINT('',(-0.0311499999999995,0.017,0.01715));
#2765=CARTESIAN_POINT('',(-0.03115,0.017,0.01715));
#2766=CARTESIAN_POINT('',(-0.0291107695154586,0.0103036174668022,0.01715));
#2767=CARTESIAN_POINT('',(-0.0286850201186284,0.0104332697297198,0.0168818474230539));
#2768=CARTESIAN_POINT('',(-0.0282150716131059,0.0106440422144557,0.0162338700909159));
#2769=CARTESIAN_POINT('',(-0.0281740928876232,0.0106641373087338,0.0151787935287612));
#2770=CARTESIAN_POINT('',(-0.0285398798910099,0.0104946461121847,0.0142064285043674));
#2771=CARTESIAN_POINT('',(-0.0296108298299009,0.0101079384984722,0.0134163453352343));
#2772=CARTESIAN_POINT('',(-0.0307033541542569,0.01,0.0135591302310324));
#2773=CARTESIAN_POINT('',(-0.03115,0.01,0.0138259330957217));
#2774=CARTESIAN_POINT('',(-0.02415,0.017,0.01715));
#2775=CARTESIAN_POINT('',(-0.02415,0.017,-0.01715));
#2776=CARTESIAN_POINT('',(-0.03115,0.017,-0.01715));
#2777=CARTESIAN_POINT('',(-0.02415,0.003,0.01715));
#2778=CARTESIAN_POINT('',(-0.02415,0.0015,-0.01715));
#2779=CARTESIAN_POINT('',(-0.02415,0.029,-0.01715));
#2780=CARTESIAN_POINT('',(-0.02415,0.0015,0.01715));
#2781=CARTESIAN_POINT('',(-0.02415,0.029,0.01715));
#2782=CARTESIAN_POINT('',(-0.02415,0.029,-0.01715));
#2783=CARTESIAN_POINT('',(-0.02415,0.029,0.0165286796564397));
#2784=CARTESIAN_POINT('',(-0.02415,0.029,0.0165286796564397));
#2785=CARTESIAN_POINT('',(-0.02415,0.026,0.0165286796564397));
#2786=CARTESIAN_POINT('',(-0.02415,0.026,-0.01715));
#2787=CARTESIAN_POINT('',(-0.02415,0.026,-0.0165286796564401));
#2788=CARTESIAN_POINT('',(-0.02415,0.029,-0.0165286796564401));
#2789=CARTESIAN_POINT('',(-0.02415,0.029,-0.0165286796564401));
#2790=CARTESIAN_POINT('',(-0.02415,0.029,-0.01715));
#2791=CARTESIAN_POINT('',(0.02415,0.003,-0.01715));
#2792=CARTESIAN_POINT('',(0.02415,0.0015,0.01715));
#2793=CARTESIAN_POINT('',(0.02415,0.017,0.01715));
#2794=CARTESIAN_POINT('',(0.02415,0.029,0.01715));
#2795=CARTESIAN_POINT('',(0.02415,0.017,-0.01715));
#2796=CARTESIAN_POINT('',(0.02415,0.017,-0.01715));
#2797=CARTESIAN_POINT('',(0.02415,0.0015,-0.01715));
#2798=CARTESIAN_POINT('',(0.02415,0.029,-0.01715));
#2799=CARTESIAN_POINT('',(0.02415,0.029,-0.01715));
#2800=CARTESIAN_POINT('',(0.02415,0.029,-0.0165286796564401));
#2801=CARTESIAN_POINT('',(0.02415,0.029,-0.0165286796564401));
#2802=CARTESIAN_POINT('',(0.02415,0.026,-0.0165286796564401));
#2803=CARTESIAN_POINT('',(0.02415,0.026,0.01715));
#2804=CARTESIAN_POINT('',(0.02415,0.026,0.0165286796564397));
#2805=CARTESIAN_POINT('',(0.02415,0.029,0.0165286796564397));
#2806=CARTESIAN_POINT('',(0.02415,0.029,0.0165286796564397));
#2807=CARTESIAN_POINT('',(0.02415,0.029,-0.01715));
#2808=CARTESIAN_POINT('',(0.0232713203435596,0.003,0.0192713203435599));
#2809=CARTESIAN_POINT('',(0.0192713203435571,0.0015,0.0232713203435657));
#2810=CARTESIAN_POINT('',(0.0192713203435571,0.017,0.0232713203435657));
#2811=CARTESIAN_POINT('',(0.0192713203435594,0.029,0.0232713203435597));
#2812=CARTESIAN_POINT('',(0.0232713203435596,0.017,0.0192713203435599));
#2813=CARTESIAN_POINT('',(0.0232713203435602,0.017,0.0192713203435599));
#2814=CARTESIAN_POINT('',(0.0232713203435602,0.0015,0.0192713203435599));
#2815=CARTESIAN_POINT('',(0.0232713203435595,0.029,0.0192713203435599));
#2816=CARTESIAN_POINT('',(0.0404213203435598,0.029,0.00212132034355971));
#2817=CARTESIAN_POINT('',(0.021150000000001,0.0015,0.01715));
#2818=CARTESIAN_POINT('',(0.021150000000001,0.017,0.01715));
#2819=CARTESIAN_POINT('',(0.02115,0.029,0.01715));
#2820=CARTESIAN_POINT('',(0.0171500000000013,0.0015,0.02115000000001));
#2821=CARTESIAN_POINT('',(0.0171500000000013,0.0015,0.0241500000000019));
#2822=CARTESIAN_POINT('',(0.01715,0.029,0.02415));
#2823=CARTESIAN_POINT('',(0.0171500000000013,0.017,0.0241500000000019));
#2824=CARTESIAN_POINT('',(0.0171500000000013,0.017,0.02115000000001));
#2825=CARTESIAN_POINT('',(0.01715,0.029,0.02115));
#2826=CARTESIAN_POINT('',(-0.0192713203435596,0.003,0.0232713203435597));
#2827=CARTESIAN_POINT('',(-0.0232713203435599,0.0015,0.0192713203435599));
#2828=CARTESIAN_POINT('',(-0.0232713203435595,0.029,0.0192713203435599));
#2829=CARTESIAN_POINT('',(-0.0192713203435596,0.017,0.0232713203435597));
#2830=CARTESIAN_POINT('',(-0.019271320343557,0.017,0.0232713203435657));
#2831=CARTESIAN_POINT('',(-0.019271320343557,0.0015,0.0232713203435657));
#2832=CARTESIAN_POINT('',(-0.0192713203435596,0.029,0.0232713203435597));
#2833=CARTESIAN_POINT('',(-0.0192713203435599,0.029,0.0232713203435597));
#2834=CARTESIAN_POINT('',(-0.02115,0.0015,0.01715));
#2835=CARTESIAN_POINT('',(-0.0211500000000012,0.029,0.01715));
#2836=CARTESIAN_POINT('',(-0.0171500000000012,0.0015,0.02115000000001));
#2837=CARTESIAN_POINT('',(-0.0171500000000012,0.017,0.02115000000001));
#2838=CARTESIAN_POINT('',(-0.0171500000000012,0.017,0.02415));
#2839=CARTESIAN_POINT('',(-0.0171500000000012,0.0015,0.0241500000000019));
#2840=CARTESIAN_POINT('',(-0.01715,0.029,0.02415));
#2841=CARTESIAN_POINT('',(-0.01715,0.029,0.02115));
#2842=CARTESIAN_POINT('',(0.02115,0.003,-0.01715));
#2843=CARTESIAN_POINT('',(0.01715,0.003,-0.02115));
#2844=CARTESIAN_POINT('',(0.01715,0.029,-0.02115));
#2845=CARTESIAN_POINT('',(0.01715,0.01,-0.02115));
#2846=CARTESIAN_POINT('',(0.02115,0.01,-0.01715));
#2847=CARTESIAN_POINT('',(0.02115,0.01,-0.01715));
#2848=CARTESIAN_POINT('',(0.02115,0.003,-0.01715));
#2849=CARTESIAN_POINT('',(0.02115,0.029,-0.01715));
#2850=CARTESIAN_POINT('',(0.02115,0.029,-0.01715));
#2851=CARTESIAN_POINT('',(0.01715,0.003,0.02115));
#2852=CARTESIAN_POINT('',(0.02115,0.003,0.01715));
#2853=CARTESIAN_POINT('',(0.02115,0.029,0.01715));
#2854=CARTESIAN_POINT('',(0.02115,0.01,0.01715));
#2855=CARTESIAN_POINT('',(0.01715,0.01,0.02115));
#2856=CARTESIAN_POINT('',(0.01715,0.01,0.02115));
#2857=CARTESIAN_POINT('',(0.01715,0.003,0.02115));
#2858=CARTESIAN_POINT('',(0.01715,0.029,0.02115));
#2859=CARTESIAN_POINT('',(0.01715,0.029,0.02115));
#2860=CARTESIAN_POINT('',(-0.01715,0.003,-0.02115));
#2861=CARTESIAN_POINT('',(-0.02115,0.003,-0.01715));
#2862=CARTESIAN_POINT('',(-0.02115,0.029,-0.01715));
#2863=CARTESIAN_POINT('',(-0.02115,0.01,-0.01715));
#2864=CARTESIAN_POINT('',(-0.01715,0.01,-0.02115));
#2865=CARTESIAN_POINT('',(-0.01715,0.01,-0.02115));
#2866=CARTESIAN_POINT('',(-0.01715,0.003,-0.02115));
#2867=CARTESIAN_POINT('',(-0.01715,0.029,-0.02115));
#2868=CARTESIAN_POINT('',(-0.01715,0.029,-0.02115));
#2869=CARTESIAN_POINT('',(-0.02115,0.003,0.01715));
#2870=CARTESIAN_POINT('',(-0.01715,0.003,0.02115));
#2871=CARTESIAN_POINT('',(-0.01715,0.029,0.02115));
#2872=CARTESIAN_POINT('',(-0.01715,0.01,0.02115));
#2873=CARTESIAN_POINT('',(-0.02115,0.01,0.01715));
#2874=CARTESIAN_POINT('',(-0.02115,0.01,0.01715));
#2875=CARTESIAN_POINT('',(-0.02115,0.003,0.01715));
#2876=CARTESIAN_POINT('',(-0.02115,0.029,0.01715));
#2877=CARTESIAN_POINT('',(-0.02115,0.029,0.01715));
#2878=CARTESIAN_POINT('',(0.02115,0.014,0.01715));
#2879=CARTESIAN_POINT('',(0.02115,0.01,0.01715));
#2880=CARTESIAN_POINT('',(0.02115,0.029,0.01715));
#2881=CARTESIAN_POINT('',(0.02115,0.029,0.0165286796564397));
#2882=CARTESIAN_POINT('',(0.02115,0.029,0.0165286796564397));
#2883=CARTESIAN_POINT('',(0.02115,0.026,0.0165286796564397));
#2884=CARTESIAN_POINT('',(0.02115,0.026,-0.02115));
#2885=CARTESIAN_POINT('',(0.02115,0.026,-0.0165286796564401));
#2886=CARTESIAN_POINT('',(0.02115,0.029,-0.0165286796564401));
#2887=CARTESIAN_POINT('',(0.02115,0.029,-0.0165286796564401));
#2888=CARTESIAN_POINT('',(0.02115,0.029,0.01715));
#2889=CARTESIAN_POINT('',(0.01715,0.014,-0.02115));
#2890=CARTESIAN_POINT('',(0.01715,0.01,-0.02115));
#2891=CARTESIAN_POINT('',(0.01715,0.029,-0.02115));
#2892=CARTESIAN_POINT('',(0.0165286796564404,0.029,-0.02115));
#2893=CARTESIAN_POINT('',(0.0165286796564404,0.029,-0.02115));
#2894=CARTESIAN_POINT('',(0.0165286796564404,0.026,-0.02115));
#2895=CARTESIAN_POINT('',(0.0165286796564404,0.026,-0.02115));
#2896=CARTESIAN_POINT('',(-0.0165286796564404,0.026,-0.02115));
#2897=CARTESIAN_POINT('',(-0.0165286796564404,0.029,-0.02115));
#2898=CARTESIAN_POINT('',(-0.0165286796564404,0.029,-0.02115));
#2899=CARTESIAN_POINT('',(0.01715,0.029,-0.02115));
#2900=CARTESIAN_POINT('',(-0.02115,0.014,-0.01715));
#2901=CARTESIAN_POINT('',(-0.02115,0.01,-0.01715));
#2902=CARTESIAN_POINT('',(-0.02115,0.029,-0.01715));
#2903=CARTESIAN_POINT('',(-0.02115,0.029,-0.0165286796564401));
#2904=CARTESIAN_POINT('',(-0.02115,0.029,-0.0165286796564401));
#2905=CARTESIAN_POINT('',(-0.02115,0.026,-0.0165286796564401));
#2906=CARTESIAN_POINT('',(-0.02115,0.026,-0.02115));
#2907=CARTESIAN_POINT('',(-0.02115,0.026,0.0165286796564397));
#2908=CARTESIAN_POINT('',(-0.02115,0.029,0.0165286796564397));
#2909=CARTESIAN_POINT('',(-0.02115,0.029,0.0165286796564397));
#2910=CARTESIAN_POINT('',(-0.02115,0.029,-0.01715));
#2911=CARTESIAN_POINT('',(-0.01715,0.014,0.02115));
#2912=CARTESIAN_POINT('',(-0.01715,0.01,0.02115));
#2913=CARTESIAN_POINT('',(-0.01715,0.029,0.02115));
#2914=CARTESIAN_POINT('',(-0.0165286796564406,0.029,0.02115));
#2915=CARTESIAN_POINT('',(-0.0165286796564406,0.029,0.02115));
#2916=CARTESIAN_POINT('',(-0.0165286796564406,0.026,0.02115));
#2917=CARTESIAN_POINT('',(0.0165286796564404,0.026,0.02115));
#2918=CARTESIAN_POINT('',(0.0165286796564404,0.026,0.02115));
#2919=CARTESIAN_POINT('',(0.0165286796564404,0.029,0.02115));
#2920=CARTESIAN_POINT('',(0.0165286796564404,0.029,0.02115));
#2921=CARTESIAN_POINT('',(-0.01715,0.029,0.02115));
#2922=CARTESIAN_POINT('',(-0.0211499999999981,0.0015,-0.01715));
#2923=CARTESIAN_POINT('',(-0.0232713203435589,0.0015,-0.0192713203435601));
#2924=CARTESIAN_POINT('',(-0.0232713203435597,0.029,-0.0192713203435601));
#2925=CARTESIAN_POINT('',(-0.0232713203435589,0.017,-0.0192713203435601));
#2926=CARTESIAN_POINT('',(-0.0211499999999981,0.017,-0.01715));
#2927=CARTESIAN_POINT('',(-0.021149999999998,0.029,-0.01715));
#2928=CARTESIAN_POINT('',(-0.0232713203435596,0.003,-0.0192713203435601));
#2929=CARTESIAN_POINT('',(-0.0192713203435599,0.0015,-0.0232713203435601));
#2930=CARTESIAN_POINT('',(-0.0192713203435599,0.017,-0.0232713203435601));
#2931=CARTESIAN_POINT('',(-0.0192713203435597,0.029,-0.0232713203435601));
#2932=CARTESIAN_POINT('',(-0.0232713203435596,0.017,-0.0192713203435601));
#2933=CARTESIAN_POINT('',(-0.0021213203435598,0.029,-0.0404213203435601));
#2934=CARTESIAN_POINT('',(-0.01715,0.0015,-0.02115));
#2935=CARTESIAN_POINT('',(-0.01715,0.0015,-0.02415));
#2936=CARTESIAN_POINT('',(-0.01715,0.029,-0.02415));
#2937=CARTESIAN_POINT('',(-0.01715,0.017,-0.02415));
#2938=CARTESIAN_POINT('',(-0.01715,0.017,-0.02115));
#2939=CARTESIAN_POINT('',(-0.01715,0.029,-0.02115));
#2940=CARTESIAN_POINT('',(-0.01715,0.003,-0.02415));
#2941=CARTESIAN_POINT('',(0.0171500000000009,0.0015,-0.02415));
#2942=CARTESIAN_POINT('',(0.0171500000000009,0.017,-0.02415));
#2943=CARTESIAN_POINT('',(0.01715,0.029,-0.02415));
#2944=CARTESIAN_POINT('',(-0.01715,0.017,-0.02415));
#2945=CARTESIAN_POINT('',(0.02115,0.029,-0.02415));
#2946=CARTESIAN_POINT('',(-0.0165286796564404,0.029,-0.02415));
#2947=CARTESIAN_POINT('',(-0.0165286796564404,0.029,-0.02415));
#2948=CARTESIAN_POINT('',(-0.0165286796564404,0.026,-0.02415));
#2949=CARTESIAN_POINT('',(0.01715,0.026,-0.02415));
#2950=CARTESIAN_POINT('',(0.0165286796564404,0.026,-0.02415));
#2951=CARTESIAN_POINT('',(0.0165286796564404,0.029,-0.02415));
#2952=CARTESIAN_POINT('',(0.0165286796564404,0.029,-0.02415));
#2953=CARTESIAN_POINT('',(0.02115,0.029,-0.02415));
#2954=CARTESIAN_POINT('',(0.0171500000000009,0.0015,-0.02115));
#2955=CARTESIAN_POINT('',(0.01927132034356,0.0015,-0.0232713203435601));
#2956=CARTESIAN_POINT('',(0.0192713203435597,0.029,-0.0232713203435601));
#2957=CARTESIAN_POINT('',(0.01927132034356,0.017,-0.0232713203435601));
#2958=CARTESIAN_POINT('',(0.0171500000000009,0.017,-0.02115));
#2959=CARTESIAN_POINT('',(0.01715,0.029,-0.02115));
#2960=CARTESIAN_POINT('',(0.0192713203435597,0.003,-0.0232713203435601));
#2961=CARTESIAN_POINT('',(0.0232713203435601,0.0015,-0.0192713203435601));
#2962=CARTESIAN_POINT('',(0.0232713203435601,0.017,-0.0192713203435601));
#2963=CARTESIAN_POINT('',(0.0232713203435596,0.029,-0.0192713203435601));
#2964=CARTESIAN_POINT('',(0.0192713203435597,0.017,-0.0232713203435601));
#2965=CARTESIAN_POINT('',(0.0232713203435598,0.029,-0.0192713203435601));
#2966=CARTESIAN_POINT('',(0.0211500000000008,0.0015,-0.01715));
#2967=CARTESIAN_POINT('',(0.0211500000000008,0.017,-0.01715));
#2968=CARTESIAN_POINT('',(0.02115,0.029,-0.01715));
#2969=CARTESIAN_POINT('',(0.,0.04875,-2.98155597433513E-18));
#2970=CARTESIAN_POINT('',(0.,0.01,-6.12323399573677E-19));
#2971=CARTESIAN_POINT('',(6.3948846218409E-17,0.01,-0.0115));
#2972=CARTESIAN_POINT('',(-0.0155,0.0015,-0.0155));
#2973=CARTESIAN_POINT('',(-0.0155,0.01,-0.0155));
#2974=CARTESIAN_POINT('',(-0.0136463193915436,0.01,-0.0155));
#2975=CARTESIAN_POINT('',(0.0155,0.0015,-0.0155));
#2976=CARTESIAN_POINT('',(0.0155,0.01,-0.0155));
#2977=CARTESIAN_POINT('',(0.0173536806084565,0.01,-0.0155));
#2978=CARTESIAN_POINT('',(0.0155,0.0015,0.0155));
#2979=CARTESIAN_POINT('',(0.0155,0.01,0.0155));
#2980=CARTESIAN_POINT('',(0.0136463193915433,0.01,0.0155));
#2981=CARTESIAN_POINT('',(-0.0155,0.0015,0.0155));
#2982=CARTESIAN_POINT('',(-0.0155,0.01,0.0155));
#2983=CARTESIAN_POINT('',(-0.0173536806084564,0.01,0.0155));
#2984=CARTESIAN_POINT('',(0.01715,0.003,0.02415));
#2985=CARTESIAN_POINT('',(0.0171499999999997,0.01,0.0241499999999997));
#2986=CARTESIAN_POINT('',(0.0171499999999997,0.01,0.0241499999999997));
#2987=CARTESIAN_POINT('',(0.0171499999999997,0.01,0.0241499999999997));
#2988=CARTESIAN_POINT('',(0.02115,0.029,0.02415));
#2989=CARTESIAN_POINT('',(0.0165286796564404,0.029,0.02415));
#2990=CARTESIAN_POINT('',(0.0165286796564404,0.029,0.02415));
#2991=CARTESIAN_POINT('',(0.0165286796564404,0.026,0.02415));
#2992=CARTESIAN_POINT('',(-0.01715,0.026,0.02415));
#2993=CARTESIAN_POINT('',(-0.0165286796564406,0.026,0.02415));
#2994=CARTESIAN_POINT('',(-0.0165286796564406,0.029,0.02415));
#2995=CARTESIAN_POINT('',(-0.0165286796564406,0.029,0.02415));
#2996=CARTESIAN_POINT('',(0.02115,0.029,0.02415));
#2997=CARTESIAN_POINT('',(-0.0171500000000012,0.003,0.02415));
#2998=CARTESIAN_POINT('',(-0.0171500000000012,0.01,0.0241500000000019));
#2999=CARTESIAN_POINT('',(-0.0171500000000012,0.0015,0.0241500000000019));
#3000=CARTESIAN_POINT('',(0.0165286796564404,0.026,-0.02115));
#3001=CARTESIAN_POINT('',(-0.0165286796564404,0.026,-0.02115));
#3002=CARTESIAN_POINT('',(0.0165286796564404,0.026,-0.02115));
#3003=CARTESIAN_POINT('',(0.0165286796564404,0.029,-0.02115));
#3004=CARTESIAN_POINT('',(0.0165286796564404,0.029,-0.02115));
#3005=CARTESIAN_POINT('',(0.02115,0.029,0.0165286796564397));
#3006=CARTESIAN_POINT('',(0.0165286796564404,0.026,0.0165286796564397));
#3007=CARTESIAN_POINT('',(0.02115,0.029,0.0165286796564397));
#3008=CARTESIAN_POINT('',(-0.0165286796564404,0.029,-0.02115));
#3009=CARTESIAN_POINT('',(-0.0165286796564404,0.029,-0.02115));
#3010=CARTESIAN_POINT('',(0.02115,0.029,-0.01715));
#3011=CARTESIAN_POINT('',(0.0165286796564404,0.026,-0.02115));
#3012=CARTESIAN_POINT('',(0.0165286796564404,0.026,-0.0165286796564401));
#3013=CARTESIAN_POINT('',(0.02115,0.029,-0.0165286796564401));
#3014=CARTESIAN_POINT('',(0.02115,0.029,-0.0165286796564401));
#3015=CARTESIAN_POINT('',(-0.0165286796564404,0.029,-0.01715));
#3016=CARTESIAN_POINT('',(-0.0165286796564404,0.026,-0.02115));
#3017=CARTESIAN_POINT('',(-0.0165286796564404,0.029,-0.01715));
#3018=CARTESIAN_POINT('',(0.02115,0.029,-0.01715));
#3019=CARTESIAN_POINT('',(0.0165286796564404,0.026,-0.02115));
#3020=CARTESIAN_POINT('',(0.0165286796564404,0.026,-0.02115));
#3021=CARTESIAN_POINT('',(0.02115,0.029,-0.0165286796564401));
#3022=CARTESIAN_POINT('',(0.02115,0.026,-0.0165286796564401));
#3023=CARTESIAN_POINT('',(0.02115,0.029,-0.0165286796564401));
#3024=CARTESIAN_POINT('',(0.0165286796564404,0.029,-0.01715));
#3025=CARTESIAN_POINT('',(0.0165286796564404,0.029,-0.01715));
#3026=CARTESIAN_POINT('',(0.02115,0.029,-0.01715));
#3027=CARTESIAN_POINT('',(0.0165286796564404,0.026,-0.02115));
#3028=CARTESIAN_POINT('',(0.02115,0.026,0.0165286796564397));
#3029=CARTESIAN_POINT('',(0.02115,0.029,0.0165286796564397));
#3030=CARTESIAN_POINT('',(0.02115,0.029,0.0165286796564397));
#3031=CARTESIAN_POINT('',(0.02115,0.029,-0.01715));
#3032=CARTESIAN_POINT('',(0.0162925144212723,0.01,-0.0525850288425449));
#3033=CARTESIAN_POINT('',(-0.0325850288425444,0.01,-0.0525850288425449));
#3034=CARTESIAN_POINT('',(0.0325850288425444,0.01,-0.0525850288425449));
#3035=CARTESIAN_POINT('',(0.0325850288425444,0.01,-0.0325850288425449));
#3036=CARTESIAN_POINT('',(0.0464685842802295,0.01,-0.0181889568640945));
#3037=CARTESIAN_POINT('',(-0.0325850288425445,0.01,-0.0325850288425449));
#3038=CARTESIAN_POINT('',(-0.0464685842802295,0.01,-0.0181889568640945));
#3039=CARTESIAN_POINT('',(-0.0325850288425444,0.136806898599149,-0.0325850288425449));
#3040=CARTESIAN_POINT('',(-0.0325850288425444,0.136806898599149,-0.0445850288425449));
#3041=CARTESIAN_POINT('',(-0.0205850288425444,0.136806898599149,-0.0325850288425449));
#3042=CARTESIAN_POINT('',(-0.0202008785485451,0.01,-0.030673242099307));
#3043=CARTESIAN_POINT('',(-0.0200813334221117,0.01,-0.0306972632384995));
#3044=CARTESIAN_POINT('',(-0.0199650642760824,0.01,-0.0307321899427176));
#3045=CARTESIAN_POINT('',(-0.0198520711104571,0.01,-0.0307780222119613));
#3046=CARTESIAN_POINT('',(-0.0445850288425444,0.136806898599149,-0.0325850288425449));
#3047=CARTESIAN_POINT('',(-0.0325850288425444,0.136806898599149,-0.0205850288425449));
#3048=CARTESIAN_POINT('',(-0.0307780222119644,0.01,-0.0198520711104487));
#3049=CARTESIAN_POINT('',(-0.0307321899427177,0.01,-0.0199650642760798));
#3050=CARTESIAN_POINT('',(-0.0306972632384978,0.01,-0.0200813334221152));
#3051=CARTESIAN_POINT('',(-0.0306732420993047,0.01,-0.0202008785485549));
#3052=CARTESIAN_POINT('',(0.0325850288425444,0.136806898599149,-0.0445850288425449));
#3053=CARTESIAN_POINT('',(0.0205850288425444,0.136806898599149,-0.0325850288425449));
#3054=CARTESIAN_POINT('',(0.0198520711104586,0.01,-0.0307780222119607));
#3055=CARTESIAN_POINT('',(0.019965064276083,0.01,-0.0307321899427174));
#3056=CARTESIAN_POINT('',(0.0200813334221114,0.01,-0.0306972632384996));
#3057=CARTESIAN_POINT('',(0.0202008785485438,0.01,-0.0306732420993073));
#3058=CARTESIAN_POINT('',(0.0325850288425444,0.136806898599149,-0.0205850288425449));
#3059=CARTESIAN_POINT('',(0.0306732420993047,0.01,-0.0202008785485549));
#3060=CARTESIAN_POINT('',(0.0306972632384978,0.01,-0.0200813334221151));
#3061=CARTESIAN_POINT('',(0.0307321899427177,0.01,-0.0199650642760796));
#3062=CARTESIAN_POINT('',(0.0307780222119645,0.01,-0.0198520711104486));
#3063=CARTESIAN_POINT('',(0.0325850288425444,0.136806898599149,-0.0325850288425449));
#3064=CARTESIAN_POINT('',(0.0445850288425444,0.136806898599149,-0.0325850288425449));
#3065=CARTESIAN_POINT('',(0.,0.01,0.00567375));
#3066=CARTESIAN_POINT('',(-0.04215,0.01,0.0155));
#3067=CARTESIAN_POINT('',(-0.0321411210582185,0.01,0.0328153787809786));
#3068=CARTESIAN_POINT('',(-0.0576859473787221,0.01,0.00290498753293283));
#3069=CARTESIAN_POINT('',(-0.0503254628885691,0.01,-0.00617416979381995));
#3070=CARTESIAN_POINT('',(-0.0460554862949703,0.01,-0.0114411857527151));
#3071=CARTESIAN_POINT('',(-0.0246455605291092,0.01,0.0284826893904893));
#3072=CARTESIAN_POINT('',(-0.01715,0.017,0.02415));
#3073=CARTESIAN_POINT('',(-0.01715,0.016504951227743,0.02415));
#3074=CARTESIAN_POINT('',(-0.0173384656525124,0.0155493453821326,0.0242589395689541));
#3075=CARTESIAN_POINT('',(-0.018122518040929,0.0138091493838308,0.0247121485653579));
#3076=CARTESIAN_POINT('',(-0.019510044018036,0.0119415448550743,0.0255141858588589));
#3077=CARTESIAN_POINT('',(-0.0216780524586361,0.010389039758102,0.0267673686105157));
#3078=CARTESIAN_POINT('',(-0.0233599768173947,0.01,0.0277395781999785));
#3079=CARTESIAN_POINT('',(-0.0242107604762918,0.01,0.0282313601445296));
#3080=CARTESIAN_POINT('',(0.0503254628885691,0.01,-0.00617416979381995));
#3081=CARTESIAN_POINT('',(0.0460554862949703,0.01,-0.0114411857527151));
#3082=CARTESIAN_POINT('',(0.0576859473787221,0.01,0.00290498753293283));
#3083=CARTESIAN_POINT('',(0.04215,0.01,0.0155));
#3084=CARTESIAN_POINT('',(0.0321411210582185,0.01,0.0328153787809786));
#3085=CARTESIAN_POINT('',(0.0246455605291092,0.01,0.0284826893904893));
#3086=CARTESIAN_POINT('',(0.0242107604762918,0.01,0.0282313601445295));
#3087=CARTESIAN_POINT('',(0.0233603912119927,0.01,0.0277398177341763));
#3088=CARTESIAN_POINT('',(0.0216879190753219,0.0103842367268311,0.0267730718511565));
#3089=CARTESIAN_POINT('',(0.019502034724062,0.0119460101279456,0.0255095562140322));
#3090=CARTESIAN_POINT('',(0.0178536594662293,0.0141830408194111,0.0245567391480608));
#3091=CARTESIAN_POINT('',(0.0171500000000106,0.0160099513144237,0.024150000000006));
#3092=CARTESIAN_POINT('',(0.017150000000012,0.0170000000000058,0.0241500000000068));
#3093=CARTESIAN_POINT('',(-0.0171500000000012,0.017,0.02115000000001));
#3094=CARTESIAN_POINT('',(-0.0242210678118646,0.017,0.0282210678118731));
#3095=CARTESIAN_POINT('',(-0.0242210678118654,0.017,0.0282210678118655));
#3096=CARTESIAN_POINT('',(-0.0211499999999981,0.017,-0.01715));
#3097=CARTESIAN_POINT('',(-0.028221067811866,0.017,-0.0242210678118657));
#3098=CARTESIAN_POINT('',(-0.0282210678118654,0.017,-0.024221067811866));
#3099=CARTESIAN_POINT('',(-0.0242210678118656,0.017,-0.0282210678118658));
#3100=CARTESIAN_POINT('',(-0.01715,0.017,-0.02115));
#3101=CARTESIAN_POINT('',(-0.01715,0.017,-0.0311499999999993));
#3102=CARTESIAN_POINT('',(-0.01715,0.017,-0.03115));
#3103=CARTESIAN_POINT('',(0.0171500000000009,0.017,-0.03115));
#3104=CARTESIAN_POINT('',(0.0171500000000009,0.017,-0.02115));
#3105=CARTESIAN_POINT('',(0.0242210678118639,0.017,-0.0282210678118664));
#3106=CARTESIAN_POINT('',(0.0242210678118655,0.017,-0.028221067811866));
#3107=CARTESIAN_POINT('',(0.0282210678118657,0.017,-0.0242210678118658));
#3108=CARTESIAN_POINT('',(0.0211500000000008,0.017,-0.01715));
#3109=CARTESIAN_POINT('',(0.03115,0.017,-0.01715));
#3110=CARTESIAN_POINT('',(0.03115,0.017,-0.01715));
#3111=CARTESIAN_POINT('',(0.03115,0.017,0.01715));
#3112=CARTESIAN_POINT('',(0.0291107695154586,0.0103036174668022,0.01715));
#3113=CARTESIAN_POINT('',(0.0291107695154586,0.0103036174668022,0.01715));
#3114=CARTESIAN_POINT('',(0.0286850201186284,0.0104332697297198,0.0168818474230539));
#3115=CARTESIAN_POINT('',(0.0282150716131059,0.0106440422144557,0.016233870090916));
#3116=CARTESIAN_POINT('',(0.0281740928876232,0.0106641373087338,0.0151787935287613));
#3117=CARTESIAN_POINT('',(0.0285398798910099,0.0104946461121847,0.0142064285043674));
#3118=CARTESIAN_POINT('',(0.0296108298299009,0.0101079384984722,0.0134163453352343));
#3119=CARTESIAN_POINT('',(0.0307033541542569,0.01,0.0135591302310324));
#3120=CARTESIAN_POINT('',(0.03115,0.01,0.0138259330957217));
#3121=CARTESIAN_POINT('',(0.021150000000001,0.017,0.01715));
#3122=CARTESIAN_POINT('',(0.0311499709974548,0.01,0.0171740842285409));
#3123=CARTESIAN_POINT('',(0.0305224598377314,0.01,0.0175489118206087));
#3124=CARTESIAN_POINT('',(0.0297093061395122,0.010121346796954,0.0175269803065648));
#3125=CARTESIAN_POINT('',(0.0291107695154584,0.0103036174668022,0.0171500000000004));
#3126=CARTESIAN_POINT('',(0.0282210678118654,0.017,0.0242210678118652));
#3127=CARTESIAN_POINT('',(0.0282210678118654,0.017,0.0242210678118658));
#3128=CARTESIAN_POINT('',(0.0242210678118614,0.017,0.0282210678118698));
#3129=CARTESIAN_POINT('',(0.0171500000000013,0.017,0.02115000000001));
#3130=CARTESIAN_POINT('',(0.03015,0.268668364468802,0.0155));
#3131=CARTESIAN_POINT('',(-0.03015,0.268668364468802,0.0155));
#3132=CARTESIAN_POINT('',(0.04215,0.268668364468802,0.0155));
#3133=CARTESIAN_POINT('',(-0.04215,0.268668364468802,0.00350000000000005));
#3134=CARTESIAN_POINT('',(-0.04215,0.268668364468802,0.0155));
#3135=CARTESIAN_POINT('',(-0.04215,0.268668364468802,0.0275));
#3136=CARTESIAN_POINT('',(-0.05415,0.268668364468802,0.0155));
#3137=CARTESIAN_POINT('',(0.04215,0.268668364468802,0.0275));
#3138=CARTESIAN_POINT('',(0.05415,0.268668364468802,0.0155));
#3139=CARTESIAN_POINT('',(0.04215,0.268668364468802,0.00350000000000005));
#3140=CARTESIAN_POINT('',(-0.0499394731396508,0.01,-0.0145899388694819));
#3141=CARTESIAN_POINT('',(0.0499394731396508,0.01,-0.0145899388694819));
#3142=MECHANICAL_DESIGN_GEOMETRIC_PRESENTATION_REPRESENTATION('',(#1834),
#3143);
#3143=(
GEOMETRIC_REPRESENTATION_CONTEXT(3)
GLOBAL_UNCERTAINTY_ASSIGNED_CONTEXT((#3144))
GLOBAL_UNIT_ASSIGNED_CONTEXT((#3147,#3146,#3145))
REPRESENTATION_CONTEXT('Head Support','TOP_LEVEL_ASSEMBLY_PART')
);
#3144=UNCERTAINTY_MEASURE_WITH_UNIT(LENGTH_MEASURE(2.E-5),#3147,
'DISTANCE_ACCURACY_VALUE','Maximum Tolerance applied to model');
#3145=(
NAMED_UNIT(*)
SI_UNIT($,.STERADIAN.)
SOLID_ANGLE_UNIT()
);
#3146=(
NAMED_UNIT(*)
PLANE_ANGLE_UNIT()
SI_UNIT($,.RADIAN.)
);
#3147=(
LENGTH_UNIT()
NAMED_UNIT(*)
SI_UNIT($,.METRE.)
);
#3148=PRODUCT_DEFINITION_SHAPE('','',#3149);
#3149=PRODUCT_DEFINITION('','',#3151,#3150);
#3150=PRODUCT_DEFINITION_CONTEXT('',#3157,'design');
#3151=PRODUCT_DEFINITION_FORMATION_WITH_SPECIFIED_SOURCE('','',#3153,
 .NOT_KNOWN.);
#3152=PRODUCT_RELATED_PRODUCT_CATEGORY('','',(#3153));
#3153=PRODUCT('Head Support','Head Support','Head Support',(#3155));
#3154=PRODUCT_CATEGORY('','');
#3155=PRODUCT_CONTEXT('',#3157,'mechanical');
#3156=APPLICATION_PROTOCOL_DEFINITION('international standard',
'ap242_managed_model_based_3d_engineering',2020,#3157);
#3157=APPLICATION_CONTEXT('managed model based 3d engineering');
ENDSEC;
END-ISO-10303-21;
